oligos,expansions,abs60,abs300,frac0.8,acc3,accf,SILVA_amp_mean,SILVA_all,GG_amp_mean,GG_all,Ten_GG_ge3,Ten_SILVA_ge3,cov,ten,J,names
23,146,0.9003491196114146,0.898224043715847,0.9044474802671524,0.9010068811981381,0.940194292653309,0.8966856649394206,0.566397913208442,0.9087348991140077,0.6940150614347999,0.9653465346534653,0.9323943661971831,0.9027102820267141,0.9488704504253243,0.9305916750351159,A1-R.1 | A1-R.2 | A1-R.3 | A1-R.4(补) | A2-F.1 | A2-F.2(补) | A2-R | A3-F.1 | A3-F.2 | A3-R | A4-F.1 | A4-F.2 | A4-F.3(补) | A4-R.1 | A4-R.2(补) | A5-F.1 | A5-F.2 | A5-F.3(补) | A5-R | V5-R.1 | V5-R.2 | V1_f（SNAP） | V5_r（SNAP 907R）
24,154,0.9027777777777778,0.8991347905282332,0.9055100182149363,0.9024741955069824,0.9412568306010929,0.8999138856363857,0.5763576001897083,0.9110234070843324,0.7035275465715418,0.9653465346534653,0.9323943661971831,0.9054686463603591,0.9488704504253243,0.9318653091289253,A1-F | A1-R.1 | A1-R.2 | A1-R.3 | A1-R.4(补) | A2-F.1 | A2-F.2(补) | A2-R | A3-F.1 | A3-F.2 | A3-R | A4-F.1 | A4-F.2 | A4-F.3(补) | A4-R.1 | A4-R.2(补) | A5-F.1 | A5-F.2 | A5-F.3(补) | A5-R | V5-R.1 | V5-R.2 | V1_f（SNAP） | V5_r（SNAP 907R）
23,146,0.9039162112932605,0.9039162112932605,0.9002732240437158,0.9027018822100789,0.9408014571948998,0.8669851005202923,0.47806497510078255,0.8838390573556549,0.6040428061831153,0.9653465346534653,0.9323943661971831,0.8754120789379736,0.9488704504253243,0.9216946621860659,A1-F | A1-R.2 | A1-R.3 | A1-R.4(补) | A2-F.1 | A2-F.2(补) | A2-R | A3-F.1 | A3-F.2 | A3-R | A4-F.1 | A4-F.2 | A4-F.3(补) | A4-R.1 | A4-R.2(补) | A5-F.1 | A5-F.2 | A5-F.3(补) | A5-R | V5-R.1 | V5-R.2 | V1_f（SNAP） | V5_r（SNAP 907R）
23,148,0.8886612021857924,0.9005009107468124,0.9075591985428051,0.8989071038251367,0.9376138433515483,0.882956848360631,0.4753379179511501,0.8935169322332456,0.6020610384462941,0.9405940594059405,0.9211267605633803,0.8882368902969383,0.9308604099846605,0.9189037145443825,A1-F | A1-R.1 | A1-R.3 | A1-R.4(补) | A2-F.1 | A2-F.2(补) | A2-R | A3-F.1 | A3-F.2 | A3-R | A4-F.1 | A4-F.2 | A4-F.3(补) | A4-R.1 | A4-R.2(补) | A5-F.1 | A5-F.2 | A5-F.3(补) | A5-R | V5-R.1 | V5-R.2 | V1_f（SNAP） | V5_r（SNAP 907R）
23,146,0.900728597449909,0.8977686703096539,0.9045992714025501,0.9010321797207043,0.9403460837887068,0.8978859346391403,0.5660422101019682,0.9079172548705394,0.6848989298454221,0.9653465346534653,0.9323943661971831,0.9029015947548399,0.9488704504253243,0.9307060429896236,A1-F | A1-R.1 | A1-R.2 | A1-R.4(补) | A2-F.1 | A2-F.2(补) | A2-R | A3-F.1 | A3-F.2 | A3-R | A4-F.1 | A4-F.2 | A4-F.3(补) | A4-R.1 | A4-R.2(补) | A5-F.1 | A5-F.2 | A5-F.3(补) | A5-R | V5-R.1 | V5-R.2 | V1_f（SNAP） | V5_r（SNAP 907R）
23,146,0.9027777777777778,0.8991347905282332,0.9055100182149363,0.9024741955069824,0.9412568306010929,0.8982554538305537,0.5742233815508655,0.9110042058554537,0.7031311930241776,0.9653465346534653,0.9295774647887324,0.9046298298430038,0.9474619997210989,0.9311162200550651,A1-F | A1-R.1 | A1-R.2 | A1-R.3 | A2-F.1 | A2-F.2(补) | A2-R | A3-F.1 | A3-F.2 | A3-R | A4-F.1 | A4-F.2 | A4-F.3(补) | A4-R.1 | A4-R.2(补) | A5-F.1 | A5-F.2 | A5-F.3(补) | A5-R | V5-R.1 | V5-R.2 | V1_f（SNAP） | V5_r（SNAP 907R）
23,146,0.8945810564663024,0.8954918032786885,0.9018670309653917,0.8973132969034608,0.9405737704918032,0.8577738877674005,0.5316575764761678,0.8633522913603815,0.6405073325406262,0.9603960396039604,0.9183098591549296,0.8605630895638909,0.939352949379445,0.9134966031450465,A1-F | A1-R.1 | A1-R.2 | A1-R.3 | A1-R.4(补) | A2-F.2(补) | A2-R | A3-F.1 | A3-F.2 | A3-R | A4-F.1 | A4-F.2 | A4-F.3(补) | A4-R.1 | A4-R.2(补) | A5-F.1 | A5-F.2 | A5-F.3(补) | A5-R | V5-R.1 | V5-R.2 | V1_f（SNAP） | V5_r（SNAP 907R）
23,150,0.9023224043715847,0.8991347905282332,0.9055100182149363,0.9023224043715846,0.9412568306010929,0.8996167971040031,0.5763576001897083,0.9101462141018762,0.7035275465715418,0.9603960396039604,0.9154929577464789,0.9048815056029397,0.9379444986752197,0.9280276116264173,A1-F | A1-R.1 | A1-R.2 | A1-R.3 | A1-R.4(补) | A2-F.1 | A2-R | A3-F.1 | A3-F.2 | A3-R | A4-F.1 | A4-F.2 | A4-F.3(补) | A4-R.1 | A4-R.2(补) | A5-F.1 | A5-F.2 | A5-F.3(补) | A5-R | V5-R.1 | V5-R.2 | V1_f（SNAP） | V5_r（SNAP 907R）
23,152,0.8855494839101395,0.8860048573163326,0.9074074074074073,0.8929872495446265,0.9329842137219185,0.7456992475203781,0.0,0.7542405918135432,0.0,0.8613861386138614,0.828169014084507,0.7499699196669607,0.8447775763491843,0.8425772365793543,A1-F | A1-R.1 | A1-R.2 | A1-R.3 | A1-R.4(补) | A2-F.1 | A2-F.2(补) | A3-F.1 | A3-F.2 | A3-R | A4-F.1 | A4-F.2 | A4-F.3(补) | A4-R.1 | A4-R.2(补) | A5-F.1 | A5-F.2 | A5-F.3(补) | A5-R | V5-R.1 | V5-R.2 | V1_f（SNAP） | V5_r（SNAP 907R）
23,146,0.8390255009107468,0.8422131147540983,0.88091985428051,0.8540528233151184,0.9072556162720097,0.6307308957727014,0.07398624614654968,0.631840871428987,0.09314308363059849,0.7772277227722773,0.4394366197183099,0.6312858836008441,0.6083321712452936,0.7156245570393823,A1-F | A1-R.1 | A1-R.2 | A1-R.3 | A1-R.4(补) | A2-F.1 | A2-F.2(补) | A2-R | A3-F.2 | A3-R | A4-F.1 | A4-F.2 | A4-F.3(补) | A4-R.1 | A4-R.2(补) | A5-F.1 | A5-F.2 | A5-F.3(补) | A5-R | V5-R.1 | V5-R.2 | V1_f（SNAP） | V5_r（SNAP 907R）
23,146,0.8954918032786885,0.8918488160291439,0.9016393442622951,0.8963266545233758,0.9355646630236795,0.8713359659757881,0.5077069006402656,0.8854073869434037,0.6103844629409433,0.9653465346534653,0.9211267605633803,0.8783716764595959,0.9432366476084229,0.9190576623638993,A1-F | A1-R.1 | A1-R.2 | A1-R.3 | A1-R.4(补) | A2-F.1 | A2-F.2(补) | A2-R | A3-F.1 | A3-R | A4-F.1 | A4-F.2 | A4-F.3(补) | A4-R.1 | A4-R.2(补) | A5-F.1 | A5-F.2 | A5-F.3(补) | A5-R | V5-R.1 | V5-R.2 | V1_f（SNAP） | V5_r（SNAP 907R）
23,150,0.863615664845173,0.8615664845173042,0.894808743169399,0.8733302975106255,0.9203096539162113,0.7523306696322668,0.0,0.7601595558772052,0.0,0.9207920792079208,0.856338028169014,0.756245112754736,0.8885650536884675,0.8550399401198051,A1-F | A1-R.1 | A1-R.2 | A1-R.3 | A1-R.4(补) | A2-F.1 | A2-F.2(补) | A2-R | A3-F.1 | A3-F.2 | A4-F.1 | A4-F.2 | A4-F.3(补) | A4-R.1 | A4-R.2(补) | A5-F.1 | A5-F.2 | A5-F.3(补) | A5-R | V5-R.1 | V5-R.2 | V1_f（SNAP） | V5_r（SNAP 907R）
23,146,0.8847905282331512,0.8936703096539163,0.9064207650273224,0.8949605343047966,0.9375379477838495,0.8543579416678112,0.3510789660896372,0.8665022255565004,0.452239397542608,0.9653465346534653,0.9211267605633803,0.8604300836121558,0.9432366476084229,0.9137348930014761,A1-F | A1-R.1 | A1-R.2 | A1-R.3 | A1-R.4(补) | A2-F.1 | A2-F.2(补) | A2-R | A3-F.1 | A3-F.2 | A3-R | A4-F.2 | A4-F.3(补) | A4-R.1 | A4-R.2(补) | A5-F.1 | A5-F.2 | A5-F.3(补) | A5-R | V5-R.1 | V5-R.2 | V1_f（SNAP） | V5_r（SNAP 907R）
23,146,0.9020947176684881,0.8984517304189436,0.9061930783242259,0.9022465088038859,0.9414845173041895,0.8991376436183888,0.5701920796774959,0.9102194253364057,0.6967895362663495,0.9653465346534653,0.9323943661971831,0.9046785344773972,0.9488704504253243,0.9316778340689703,A1-F | A1-R.1 | A1-R.2 | A1-R.3 | A1-R.4(补) | A2-F.1 | A2-F.2(补) | A2-R | A3-F.1 | A3-F.2 | A3-R | A4-F.1 | A4-F.3(补) | A4-R.1 | A4-R.2(补) | A5-F.1 | A5-F.2 | A5-F.3(补) | A5-R | V5-R.1 | V5-R.2 | V1_f（SNAP） | V5_r（SNAP 907R）
23,146,0.9027777777777778,0.8991347905282332,0.9055100182149363,0.9024741955069824,0.9412568306010929,0.8992970307036441,0.5761204647853925,0.9080369096537253,0.7015457788347206,0.9455445544554455,0.9211267605633803,0.9036669701786847,0.9333356575094129,0.926086486096397,A1-F | A1-R.1 | A1-R.2 | A1-R.3 | A1-R.4(补) | A2-F.1 | A2-F.2(补) | A2-R | A3-F.1 | A3-F.2 | A3-R | A4-F.1 | A4-F.2 | A4-R.1 | A4-R.2(补) | A5-F.1 | A5-F.2 | A5-F.3(补) | A5-R | V5-R.1 | V5-R.2 | V1_f（SNAP） | V5_r（SNAP 907R）
23,146,0.8961748633879781,0.9002732240437158,0.9077868852459017,0.9014116575591986,0.9435336976320583,0.8487394963428344,0.3953047189945459,0.8562310692817078,0.4811732065001982,0.9504950495049505,0.9042253521126761,0.8524852828122711,0.9273602008088133,0.9077930604177142,A1-F | A1-R.1 | A1-R.2 | A1-R.3 | A1-R.4(补) | A2-F.1 | A2-F.2(补) | A2-R | A3-F.1 | A3-F.2 | A3-R | A4-F.1 | A4-F.2 | A4-F.3(补) | A4-R.2(补) | A5-F.1 | A5-F.2 | A5-F.3(补) | A5-R | V5-R.1 | V5-R.2 | V1_f（SNAP） | V5_r（SNAP 907R）
23,146,0.9027777777777778,0.8995901639344263,0.9055100182149363,0.9026259866423801,0.9412568306010929,0.8996981385129071,0.5760018970832346,0.9101952389938553,0.7027348394768134,0.9653465346534653,0.9267605633802817,0.9049466887533812,0.9460535490168736,0.9307523561237826,A1-F | A1-R.1 | A1-R.2 | A1-R.3 | A1-R.4(补) | A2-F.1 | A2-F.2(补) | A2-R | A3-F.1 | A3-F.2 | A3-R | A4-F.1 | A4-F.2 | A4-F.3(补) | A4-R.1 | A5-F.1 | A5-F.2 | A5-F.3(补) | A5-R | V5-R.1 | V5-R.2 | V1_f（SNAP） | V5_r（SNAP 907R）
23,146,0.9039162112932605,0.9002732240437158,0.907103825136612,0.9037644201578628,0.9419398907103825,0.8778970318687959,0.5361631491581693,0.8872621064845384,0.6642885453824812,0.9653465346534653,0.9323943661971831,0.8825795691766671,0.9488704504253243,0.924463303437458,A1-F | A1-R.1 | A1-R.2 | A1-R.3 | A1-R.4(补) | A2-F.1 | A2-F.2(补) | A2-R | A3-F.1 | A3-F.2 | A3-R | A4-F.1 | A4-F.2 | A4-F.3(补) | A4-R.1 | A4-R.2(补) | A5-F.2 | A5-F.3(补) | A5-R | V5-R.1 | V5-R.2 | V1_f（SNAP） | V5_r（SNAP 907R）
23,148,0.9031193078324226,0.8993624772313297,0.9106329690346083,0.9043715846994536,0.9395491803278688,0.8802822923515554,0.5009485416172634,0.8902281387377162,0.6080063416567578,0.9653465346534653,0.9323943661971831,0.8852552155446358,0.9488704504253243,0.9245582820992763,A1-F | A1-R.1 | A1-R.2 | A1-R.3 | A1-R.4(补) | A2-F.1 | A2-F.2(补) | A2-R | A3-F.1 | A3-F.2 | A3-R | A4-F.1 | A4-F.2 | A4-F.3(补) | A4-R.1 | A4-R.2(补) | A5-F.1 | A5-F.3(补) | A5-R | V5-R.1 | V5-R.2 | V1_f（SNAP） | V5_r（SNAP 907R）
23,146,0.9027777777777778,0.8991347905282332,0.9050546448087432,0.9023224043715846,0.9412568306010929,0.895111721740161,0.5693621057623903,0.9066101089394166,0.7003567181926278,0.9207920792079208,0.9183098591549296,0.9008609153397888,0.9195509691814252,0.9205562383741023,A1-F | A1-R.1 | A1-R.2 | A1-R.3 | A1-R.4(补) | A2-F.1 | A2-F.2(补) | A2-R | A3-F.1 | A3-F.2 | A3-R | A4-F.1 | A4-F.2 | A4-F.3(补) | A4-R.1 | A4-R.2(补) | A5-F.1 | A5-F.2 | A5-R | V5-R.1 | V5-R.2 | V1_f（SNAP） | V5_r（SNAP 907R）
23,150,0.8819444444444444,0.898224043715847,0.9069899817850637,0.8957194899817851,0.9327185792349727,0.7541936934599485,0.0,0.7580018240258339,0.0,0.8564356435643564,0.9126760563380282,0.7560977587428912,0.8845558499511923,0.8577907293096855,A1-F | A1-R.1 | A1-R.2 | A1-R.3 | A1-R.4(补) | A2-F.1 | A2-F.2(补) | A2-R | A3-F.1 | A3-F.2 | A3-R | A4-F.1 | A4-F.2 | A4-F.3(补) | A4-R.1 | A4-R.2(补) | A5-F.1 | A5-F.2 | A5-F.3(补) | V5-R.1 | V5-R.2 | V1_f（SNAP） | V5_r（SNAP 907R）
23,150,0.9027777777777778,0.8991347905282332,0.9055100182149363,0.9024741955069824,0.9412568306010929,0.8994579056079673,0.5754090585724448,0.909792845050007,0.7007530717399921,0.9603960396039604,0.9323943661971831,0.9046253753289872,0.9463952029005718,0.930759136276884,A1-F | A1-R.1 | A1-R.2 | A1-R.3 | A1-R.4(补) | A2-F.1 | A2-F.2(补) | A2-R | A3-F.1 | A3-F.2 | A3-R | A4-F.1 | A4-F.2 | A4-F.3(补) | A4-R.1 | A4-R.2(补) | A5-F.1 | A5-F.2 | A5-F.3(补) | A5-R | V5-R.2 | V1_f（SNAP） | V5_r（SNAP 907R）
23,146,0.9027777777777778,0.8991347905282332,0.9064207650273224,0.9027777777777777,0.9412568306010929,0.8994769688254135,0.5743419492530235,0.9104936269245094,0.7003567181926278,0.9653465346534653,0.9323943661971831,0.9049852978749615,0.9488704504253243,0.9317041929671263,A1-F | A1-R.1 | A1-R.2 | A1-R.3 | A1-R.4(补) | A2-F.1 | A2-F.2(补) | A2-R | A3-F.1 | A3-F.2 | A3-R | A4-F.1 | A4-F.2 | A4-F.3(补) | A4-R.1 | A4-R.2(补) | A5-F.1 | A5-F.2 | A5-F.3(补) | A5-R | V5-R.1 | V1_f（SNAP） | V5_r（SNAP 907R）
23,152,0.9027777777777778,0.8991347905282332,0.9059653916211293,0.9026259866423801,0.9412568306010929,0.8984204295033492,0.5724448660184965,0.9100163015632535,0.7019421323820848,0.9504950495049505,0.9295774647887324,0.9042183655333014,0.9400362571468415,0.9285038177604119,A1-F | A1-R.1 | A1-R.2 | A1-R.3 | A1-R.4(补) | A2-F.1 | A2-F.2(补) | A2-R | A3-F.1 | A3-F.2 | A3-R | A4-F.1 | A4-F.2 | A4-F.3(补) | A4-R.1 | A4-R.2(补) | A5-F.1 | A5-F.2 | A5-F.3(补) | A5-R | V5-R.1 | V5-R.2 | V5_r（SNAP 907R）
23,152,0.9032331511839709,0.8995901639344263,0.9055100182149363,0.9027777777777778,0.9412568306010929,0.8998054103721826,0.5754090585724448,0.9109466021688177,0.7035275465715418,0.9653465346534653,0.9323943661971831,0.9053760062705002,0.9488704504253243,0.9318344290989723,A1-F | A1-R.1 | A1-R.2 | A1-R.3 | A1-R.4(补) | A2-F.1 | A2-F.2(补) | A2-R | A3-F.1 | A3-F.2 | A3-R | A4-F.1 | A4-F.2 | A4-F.3(补) | A4-R.1 | A4-R.2(补) | A5-F.1 | A5-F.2 | A5-F.3(补) | A5-R | V5-R.1 | V5-R.2 | V1_f（SNAP）
22,144,0.9008044930176077,0.89867941712204,0.9044474802671524,0.9013104634689334,0.940194292653309,0.8965771896752174,0.5656865069954944,0.9086580941984932,0.6940150614347999,0.9653465346534653,0.9323943661971831,0.9026176419368552,0.9488704504253243,0.9305607950051629,A1-R.1 | A1-R.2 | A1-R.3 | A1-R.4(补) | A2-F.1 | A2-F.2(补) | A2-R | A3-F.1 | A3-F.2 | A3-R | A4-F.1 | A4-F.2 | A4-F.3(补) | A4-R.1 | A4-R.2(补) | A5-F.1 | A5-F.2 | A5-F.3(补) | A5-R | V5-R.1 | V5-R.2 | V1_f（SNAP）
22,144,0.9043715846994536,0.9043715846994536,0.9002732240437158,0.9030054644808744,0.9408014571948998,0.8668766252560891,0.477353568887835,0.8837622524401404,0.6040428061831153,0.9653465346534653,0.9323943661971831,0.8753194388481147,0.9488704504253243,0.9216637821561129,A1-F | A1-R.2 | A1-R.3 | A1-R.4(补) | A2-F.1 | A2-F.2(补) | A2-R | A3-F.1 | A3-F.2 | A3-R | A4-F.1 | A4-F.2 | A4-F.3(补) | A4-R.1 | A4-R.2(补) | A5-F.1 | A5-F.2 | A5-F.3(补) | A5-R | V5-R.1 | V5-R.2 | V1_f（SNAP）
22,146,0.8891165755919854,0.9009562841530054,0.9075591985428051,0.899210686095932,0.9376138433515483,0.8828483730964277,0.47438937633388667,0.893440127317731,0.6020610384462941,0.9405940594059405,0.9211267605633803,0.8881442502070793,0.9308604099846605,0.9188728345144294,A1-F | A1-R.1 | A1-R.3 | A1-R.4(补) | A2-F.1 | A2-F.2(补) | A2-R | A3-F.1 | A3-F.2 | A3-R | A4-F.1 | A4-F.2 | A4-F.3(补) | A4-R.1 | A4-R.2(补) | A5-F.1 | A5-F.2 | A5-F.3(补) | A5-R | V5-R.1 | V5-R.2 | V1_f（SNAP）
22,144,0.901183970856102,0.898224043715847,0.9045992714025501,0.9013357619914997,0.9403460837887068,0.8977774593749372,0.5650936684847048,0.9078404499550248,0.6848989298454221,0.9653465346534653,0.9323943661971831,0.902808954664981,0.9488704504253243,0.9306751629596706,A1-F | A1-R.1 | A1-R.2 | A1-R.4(补) | A2-F.1 | A2-F.2(补) | A2-R | A3-F.1 | A3-F.2 | A3-R | A4-F.1 | A4-F.2 | A4-F.3(补) | A4-R.1 | A4-R.2(补) | A5-F.1 | A5-F.2 | A5-F.3(补) | A5-R | V5-R.1 | V5-R.2 | V1_f（SNAP）
22,144,0.9032331511839709,0.8995901639344263,0.9055100182149363,0.9027777777777778,0.9412568306010929,0.8981469785663505,0.5732748399336021,0.9109274009399392,0.7031311930241776,0.9653465346534653,0.9295774647887324,0.9045371897531449,0.9474619997210989,0.9310853400251121,A1-F | A1-R.1 | A1-R.2 | A1-R.3 | A2-F.1 | A2-F.2(补) | A2-R | A3-F.1 | A3-F.2 | A3-R | A4-F.1 | A4-F.2 | A4-F.3(补) | A4-R.1 | A4-R.2(补) | A5-F.1 | A5-F.2 | A5-F.3(补) | A5-R | V5-R.1 | V5-R.2 | V1_f（SNAP）
22,144,0.8950364298724954,0.8959471766848816,0.9018670309653917,0.8976168791742563,0.9405737704918032,0.8576654125031972,0.5307090348589044,0.8632754864448668,0.6405073325406262,0.9603960396039604,0.9183098591549296,0.8604704494740321,0.939352949379445,0.9134657231150936,A1-F | A1-R.1 | A1-R.2 | A1-R.3 | A1-R.4(补) | A2-F.2(补) | A2-R | A3-F.1 | A3-F.2 | A3-R | A4-F.1 | A4-F.2 | A4-F.3(补) | A4-R.1 | A4-R.2(补) | A5-F.1 | A5-F.2 | A5-F.3(补) | A5-R | V5-R.1 | V5-R.2 | V1_f（SNAP）
22,148,0.9027777777777778,0.8995901639344263,0.9055100182149363,0.9026259866423801,0.9412568306010929,0.8995083218397999,0.5754090585724448,0.9100694091863616,0.7035275465715418,0.9603960396039604,0.9154929577464789,0.9047888655130807,0.9379444986752197,0.9279967315964645,A1-F | A1-R.1 | A1-R.2 | A1-R.3 | A1-R.4(补) | A2-F.1 | A2-R | A3-F.1 | A3-F.2 | A3-R | A4-F.1 | A4-F.2 | A4-F.3(补) | A4-R.1 | A4-R.2(补) | A5-F.1 | A5-F.2 | A5-F.3(补) | A5-R | V5-R.1 | V5-R.2 | V1_f（SNAP）
22,150,0.8855494839101395,0.8860048573163326,0.9074074074074073,0.8929872495446265,0.9329842137219185,0.7455907722561748,0.0,0.7541637868980285,0.0,0.8613861386138614,0.828169014084507,0.7498772795771016,0.8447775763491843,0.8425463565494015,A1-F | A1-R.1 | A1-R.2 | A1-R.3 | A1-R.4(补) | A2-F.1 | A2-F.2(补) | A3-F.1 | A3-F.2 | A3-R | A4-F.1 | A4-F.2 | A4-F.3(补) | A4-R.1 | A4-R.2(补) | A5-F.1 | A5-F.2 | A5-F.3(补) | A5-R | V5-R.1 | V5-R.2 | V1_f（SNAP）
22,144,0.8390255009107468,0.8422131147540983,0.88091985428051,0.8540528233151184,0.9072556162720097,0.6307148962846849,0.07398624614654968,0.631840871428987,0.09314308363059849,0.7772277227722773,0.4394366197183099,0.631277883856836,0.6083321712452936,0.7156218904580465,A1-F | A1-R.1 | A1-R.2 | A1-R.3 | A1-R.4(补) | A2-F.1 | A2-F.2(补) | A2-R | A3-F.2 | A3-R | A4-F.1 | A4-F.2 | A4-F.3(补) | A4-R.1 | A4-R.2(补) | A5-F.1 | A5-F.2 | A5-F.3(补) | A5-R | V5-R.1 | V5-R.2 | V1_f（SNAP）
22,144,0.8959471766848816,0.892304189435337,0.9016393442622951,0.8966302367941711,0.9355646630236795,0.8712434901996012,0.5067583590230021,0.8853305820278891,0.6103844629409433,0.9653465346534653,0.9211267605633803,0.8782870361137451,0.9432366476084229,0.9190294489152825,A1-F | A1-R.1 | A1-R.2 | A1-R.3 | A1-R.4(补) | A2-F.1 | A2-F.2(补) | A2-R | A3-F.1 | A3-R | A4-F.1 | A4-F.2 | A4-F.3(补) | A4-R.1 | A4-R.2(补) | A5-F.1 | A5-F.2 | A5-F.3(补) | A5-R | V5-R.1 | V5-R.2 | V1_f（SNAP）
22,148,0.863615664845173,0.8611111111111112,0.894808743169399,0.8731785063752276,0.9203096539162113,0.7522221943680636,0.0,0.7600827509616905,0.0,0.9207920792079208,0.856338028169014,0.7561524726648771,0.8885650536884675,0.855009060089852,A1-F | A1-R.1 | A1-R.2 | A1-R.3 | A1-R.4(补) | A2-F.1 | A2-F.2(补) | A2-R | A3-F.1 | A3-F.2 | A4-F.1 | A4-F.2 | A4-F.3(补) | A4-R.1 | A4-R.2(补) | A5-F.1 | A5-F.2 | A5-F.3(补) | A5-R | V5-R.1 | V5-R.2 | V1_f（SNAP）
22,144,0.8847905282331512,0.8936703096539163,0.9064207650273224,0.8949605343047966,0.9375379477838495,0.854249466403608,0.35024899217453165,0.8664254206409858,0.452239397542608,0.9653465346534653,0.9211267605633803,0.8603374435222969,0.9432366476084229,0.9137040129715231,A1-F | A1-R.1 | A1-R.2 | A1-R.3 | A1-R.4(补) | A2-F.1 | A2-F.2(补) | A2-R | A3-F.1 | A3-F.2 | A3-R | A4-F.2 | A4-F.3(补) | A4-R.1 | A4-R.2(补) | A5-F.1 | A5-F.2 | A5-F.3(补) | A5-R | V5-R.1 | V5-R.2 | V1_f（SNAP）
22,144,0.9025500910746812,0.8989071038251366,0.9061930783242259,0.9025500910746812,0.9414845173041895,0.8990291683541854,0.5692435380602324,0.910142620420891,0.6967895362663495,0.9653465346534653,0.9323943661971831,0.9045858943875382,0.9488704504253243,0.9316469540390173,A1-F | A1-R.1 | A1-R.2 | A1-R.3 | A1-R.4(补) | A2-F.1 | A2-F.2(补) | A2-R | A3-F.1 | A3-F.2 | A3-R | A4-F.1 | A4-F.3(补) | A4-R.1 | A4-R.2(补) | A5-F.1 | A5-F.2 | A5-F.3(补) | A5-R | V5-R.1 | V5-R.2 | V1_f（SNAP）
22,144,0.9032331511839709,0.8995901639344263,0.9055100182149363,0.9027777777777778,0.9412568306010929,0.8991885554394408,0.575171923168129,0.9079601047382106,0.7015457788347206,0.9455445544554455,0.9211267605633803,0.9035743300888257,0.9333356575094129,0.9260556060664439,A1-F | A1-R.1 | A1-R.2 | A1-R.3 | A1-R.4(补) | A2-F.1 | A2-F.2(补) | A2-R | A3-F.1 | A3-F.2 | A3-R | A4-F.1 | A4-F.2 | A4-R.1 | A4-R.2(补) | A5-F.1 | A5-F.2 | A5-F.3(补) | A5-R | V5-R.1 | V5-R.2 | V1_f（SNAP）
22,144,0.8961748633879781,0.9002732240437158,0.9077868852459017,0.9014116575591986,0.9435336976320583,0.8486310210786311,0.3948304481859142,0.8561542643661931,0.4811732065001982,0.9504950495049505,0.9042253521126761,0.8523926427224121,0.9273602008088133,0.9077621803877612,A1-F | A1-R.1 | A1-R.2 | A1-R.3 | A1-R.4(补) | A2-F.1 | A2-F.2(补) | A2-R | A3-F.1 | A3-F.2 | A3-R | A4-F.1 | A4-F.2 | A4-F.3(补) | A4-R.2(补) | A5-F.1 | A5-F.2 | A5-F.3(补) | A5-R | V5-R.1 | V5-R.2 | V1_f（SNAP）
22,144,0.9032331511839709,0.9000455373406193,0.9055100182149363,0.9029295689131756,0.9412568306010929,0.8995896632487039,0.575053355465971,0.9101184340783407,0.7027348394768134,0.9653465346534653,0.9267605633802817,0.9048540486635224,0.9460535490168736,0.9307214760938297,A1-F | A1-R.1 | A1-R.2 | A1-R.3 | A1-R.4(补) | A2-F.1 | A2-F.2(补) | A2-R | A3-F.1 | A3-F.2 | A3-R | A4-F.1 | A4-F.2 | A4-F.3(补) | A4-R.1 | A5-F.1 | A5-F.2 | A5-F.3(补) | A5-R | V5-R.1 | V5-R.2 | V1_f（SNAP）
22,144,0.9043715846994536,0.900728597449909,0.907103825136612,0.9040680024286583,0.9419398907103825,0.8777885566045925,0.5352146075409059,0.8871853015690239,0.6642885453824812,0.9653465346534653,0.9323943661971831,0.8824869290868083,0.9488704504253243,0.924432423407505,A1-F | A1-R.1 | A1-R.2 | A1-R.3 | A1-R.4(补) | A2-F.1 | A2-F.2(补) | A2-R | A3-F.1 | A3-F.2 | A3-R | A4-F.1 | A4-F.2 | A4-F.3(补) | A4-R.1 | A4-R.2(补) | A5-F.2 | A5-F.3(补) | A5-R | V5-R.1 | V5-R.2 | V1_f（SNAP）
22,146,0.9035746812386156,0.8998178506375227,0.9106329690346083,0.9046751669702489,0.9395491803278688,0.8801738170873522,0.5,0.8901513338222016,0.6080063416567578,0.9653465346534653,0.9323943661971831,0.885162575454777,0.9488704504253243,0.9245274020693234,A1-F | A1-R.1 | A1-R.2 | A1-R.3 | A1-R.4(补) | A2-F.1 | A2-F.2(补) | A2-R | A3-F.1 | A3-F.2 | A3-R | A4-F.1 | A4-F.2 | A4-F.3(补) | A4-R.1 | A4-R.2(补) | A5-F.1 | A5-F.3(补) | A5-R | V5-R.1 | V5-R.2 | V1_f（SNAP）
22,144,0.9032331511839709,0.8995901639344263,0.9050546448087432,0.9026259866423801,0.9412568306010929,0.8950032464759576,0.5684135641451269,0.9065333040239021,0.7003567181926278,0.9207920792079208,0.9183098591549296,0.9007682752499299,0.9195509691814252,0.9205253583441492,A1-F | A1-R.1 | A1-R.2 | A1-R.3 | A1-R.4(补) | A2-F.1 | A2-F.2(补) | A2-R | A3-F.1 | A3-F.2 | A3-R | A4-F.1 | A4-F.2 | A4-F.3(补) | A4-R.1 | A4-R.2(补) | A5-F.1 | A5-F.2 | A5-R | V5-R.1 | V5-R.2 | V1_f（SNAP）
22,148,0.8819444444444444,0.898224043715847,0.9069899817850637,0.8957194899817851,0.9327185792349727,0.7540852181957454,0.0,0.7579250191103193,0.0,0.8564356435643564,0.9126760563380282,0.7560051186530323,0.8845558499511923,0.8577598492797325,A1-F | A1-R.1 | A1-R.2 | A1-R.3 | A1-R.4(补) | A2-F.1 | A2-F.2(补) | A2-R | A3-F.1 | A3-F.2 | A3-R | A4-F.1 | A4-F.2 | A4-F.3(补) | A4-R.1 | A4-R.2(补) | A5-F.1 | A5-F.2 | A5-F.3(补) | V5-R.1 | V5-R.2 | V1_f（SNAP）
22,148,0.9032331511839709,0.8995901639344263,0.9055100182149363,0.9027777777777778,0.9412568306010929,0.8993494303437641,0.5744605169551814,0.9097160401344925,0.7007530717399921,0.9603960396039604,0.9323943661971831,0.9045327352391284,0.9463952029005718,0.930728256246931,A1-F | A1-R.1 | A1-R.2 | A1-R.3 | A1-R.4(补) | A2-F.1 | A2-F.2(补) | A2-R | A3-F.1 | A3-F.2 | A3-R | A4-F.1 | A4-F.2 | A4-F.3(补) | A4-R.1 | A4-R.2(补) | A5-F.1 | A5-F.2 | A5-F.3(补) | A5-R | V5-R.2 | V1_f（SNAP）
22,144,0.9032331511839709,0.8995901639344263,0.9064207650273224,0.9030813600485731,0.9412568306010929,0.8993684935612103,0.57339340763576,0.9104168220089949,0.7003567181926278,0.9653465346534653,0.9323943661971831,0.9048926577851026,0.9488704504253243,0.9316733129371734,A1-F | A1-R.1 | A1-R.2 | A1-R.3 | A1-R.4(补) | A2-F.1 | A2-F.2(补) | A2-R | A3-F.1 | A3-F.2 | A3-R | A4-F.1 | A4-F.2 | A4-F.3(补) | A4-R.1 | A4-R.2(补) | A5-F.1 | A5-F.2 | A5-F.3(补) | A5-R | V5-R.1 | V1_f（SNAP）
22,150,0.9032331511839709,0.8995901639344263,0.9059653916211293,0.9029295689131756,0.9412568306010929,0.898311954239146,0.5714963244012331,0.909939496647739,0.7019421323820848,0.9504950495049505,0.9295774647887324,0.9041257254434425,0.9400362571468415,0.9284729377304589,A1-F | A1-R.1 | A1-R.2 | A1-R.3 | A1-R.4(补) | A2-F.1 | A2-F.2(补) | A2-R | A3-F.1 | A3-F.2 | A3-R | A4-F.1 | A4-F.2 | A4-F.3(补) | A4-R.1 | A4-R.2(补) | A5-F.1 | A5-F.2 | A5-F.3(补) | A5-R | V5-R.1 | V5-R.2
21,136,0.9008044930176077,0.89867941712204,0.9053582270795385,0.9016140457397287,0.940194292653309,0.8961402728642451,0.5636708560588096,0.9081283140386702,0.6908442330558858,0.9653465346534653,0.9323943661971831,0.9021342934514577,0.9488704504253243,0.9303996788433636,A1-R.1 | A1-R.2 | A1-R.3 | A1-R.4(补) | A2-F.1 | A2-F.2(补) | A2-R | A3-F.1 | A3-F.2 | A3-R | A4-F.1 | A4-F.2 | A4-F.3(补) | A4-R.1 | A4-R.2(补) | A5-F.1 | A5-F.2 | A5-F.3(补) | A5-R | V5-R.1 | V1_f（SNAP）
21,136,0.9048269581056466,0.9048269581056466,0.901183970856102,0.9036126290224651,0.9408014571948998,0.8664397084451168,0.4760493241640977,0.8832324722803174,0.6008719778042013,0.9653465346534653,0.9323943661971831,0.874836090362717,0.9488704504253243,0.9215026659943136,A1-F | A1-R.2 | A1-R.3 | A1-R.4(补) | A2-F.1 | A2-F.2(补) | A2-R | A3-F.1 | A3-F.2 | A3-R | A4-F.1 | A4-F.2 | A4-F.3(补) | A4-R.1 | A4-R.2(补) | A5-F.1 | A5-F.2 | A5-F.3(补) | A5-R | V5-R.1 | V1_f（SNAP）
21,138,0.8886612021857924,0.9005009107468124,0.9080145719489982,0.8990588949605343,0.9376138433515483,0.8824114562854555,0.4733222670144653,0.8929103471579081,0.5992865636147443,0.9405940594059405,0.9211267605633803,0.8876609017216818,0.9308604099846605,0.9187117183526302,A1-F | A1-R.1 | A1-R.3 | A1-R.4(补) | A2-F.1 | A2-F.2(补) | A2-R | A3-F.1 | A3-F.2 | A3-R | A4-F.1 | A4-F.2 | A4-F.3(补) | A4-R.1 | A4-R.2(补) | A5-F.1 | A5-F.2 | A5-F.3(补) | A5-R | V5-R.1 | V1_f（SNAP）
21,136,0.901183970856102,0.898224043715847,0.9050546448087432,0.9014875531268974,0.9403460837887068,0.897340542563965,0.5630780175480199,0.9073106697952019,0.6821244550138724,0.9653465346534653,0.9323943661971831,0.9023256061795835,0.9488704504253243,0.9305140467978715,A1-F | A1-R.1 | A1-R.2 | A1-R.4(补) | A2-F.1 | A2-F.2(补) | A2-R | A3-F.1 | A3-F.2 | A3-R | A4-F.1 | A4-F.2 | A4-F.3(补) | A4-R.1 | A4-R.2(补) | A5-F.1 | A5-F.2 | A5-F.3(补) | A5-R | V5-R.1 | V1_f（SNAP）
21,136,0.9032331511839709,0.8995901639344263,0.9064207650273224,0.9030813600485731,0.9412568306010929,0.8977100617553783,0.5712591889969172,0.9103976207801163,0.6999603646452636,0.9653465346534653,0.9295774647887324,0.9040538412677472,0.9474619997210989,0.930924223863313,A1-F | A1-R.1 | A1-R.2 | A1-R.3 | A2-F.1 | A2-F.2(补) | A2-R | A3-F.1 | A3-F.2 | A3-R | A4-F.1 | A4-F.2 | A4-F.3(补) | A4-R.1 | A4-R.2(补) | A5-F.1 | A5-F.2 | A5-F.3(补) | A5-R | V5-R.1 | V1_f（SNAP）
21,136,0.8945810564663024,0.8959471766848816,0.9027777777777778,0.8977686703096538,0.9405737704918032,0.8572284956922249,0.5288119516243776,0.862745706285044,0.6373365041617123,0.9603960396039604,0.9154929577464789,0.8599871009886344,0.9379444986752197,0.9128351233852191,A1-F | A1-R.1 | A1-R.2 | A1-R.3 | A1-R.4(补) | A2-F.2(补) | A2-R | A3-F.1 | A3-F.2 | A3-R | A4-F.1 | A4-F.2 | A4-F.3(补) | A4-R.1 | A4-R.2(补) | A5-F.1 | A5-F.2 | A5-F.3(补) | A5-R | V5-R.1 | V1_f（SNAP）
21,140,0.9027777777777778,0.8995901639344263,0.9064207650273224,0.9029295689131756,0.9412568306010929,0.8990714050288275,0.57339340763576,0.9095396290265387,0.7003567181926278,0.9603960396039604,0.9154929577464789,0.9043055170276831,0.9379444986752197,0.9278356154346653,A1-F | A1-R.1 | A1-R.2 | A1-R.3 | A1-R.4(补) | A2-F.1 | A2-R | A3-F.1 | A3-F.2 | A3-R | A4-F.1 | A4-F.2 | A4-F.3(补) | A4-R.1 | A4-R.2(补) | A5-F.1 | A5-F.2 | A5-F.3(补) | A5-R | V5-R.1 | V1_f（SNAP）
21,142,0.8841833636915604,0.8850941105039465,0.9074074074074073,0.892228293867638,0.9329842137219185,0.7451538554452026,0.0,0.7536340067382057,0.0,0.8564356435643564,0.8225352112676056,0.7493939310917042,0.8394854274159811,0.8406211907432013,A1-F | A1-R.1 | A1-R.2 | A1-R.3 | A1-R.4(补) | A2-F.1 | A2-F.2(补) | A3-F.1 | A3-F.2 | A3-R | A4-F.1 | A4-F.2 | A4-F.3(补) | A4-R.1 | A4-R.2(补) | A5-F.1 | A5-F.2 | A5-F.3(补) | A5-R | V5-R.1 | V1_f（SNAP）
21,136,0.8390255009107468,0.8422131147540983,0.8813752276867031,0.8542046144505161,0.9072556162720097,0.6306508983326194,0.07351197533791795,0.6317599652801198,0.09235037653587,0.7772277227722773,0.4394366197183099,0.6312054318063696,0.6083321712452936,0.7155977397745575,A1-F | A1-R.1 | A1-R.2 | A1-R.3 | A1-R.4(补) | A2-F.1 | A2-F.2(补) | A2-R | A3-F.2 | A3-R | A4-F.1 | A4-F.2 | A4-F.3(补) | A4-R.1 | A4-R.2(补) | A5-F.1 | A5-F.2 | A5-F.3(补) | A5-R | V5-R.1 | V1_f（SNAP）
21,136,0.8959471766848816,0.892304189435337,0.9020947176684881,0.8967820279295688,0.9355646630236795,0.8708705713406946,0.505216978894949,0.8848817080169336,0.6080063416567578,0.9653465346534653,0.9211267605633803,0.8778761396788141,0.9432366476084229,0.9188924834369722,A1-F | A1-R.1 | A1-R.2 | A1-R.3 | A1-R.4(补) | A2-F.1 | A2-F.2(补) | A2-R | A3-F.1 | A3-R | A4-F.1 | A4-F.2 | A4-F.3(补) | A4-R.1 | A4-R.2(补) | A5-F.1 | A5-F.2 | A5-F.3(补) | A5-R | V5-R.1 | V1_f（SNAP）
21,140,0.863615664845173,0.8611111111111112,0.8945810564663024,0.8731026108075288,0.9200819672131147,0.7517852775570912,0.0,0.7595529708018677,0.0,0.9158415841584159,0.8507042253521127,0.7556691241794795,0.8832729047552643,0.8530079987159529,A1-F | A1-R.1 | A1-R.2 | A1-R.3 | A1-R.4(补) | A2-F.1 | A2-F.2(补) | A2-R | A3-F.1 | A3-F.2 | A4-F.1 | A4-F.2 | A4-F.3(补) | A4-R.1 | A4-R.2(补) | A5-F.1 | A5-F.2 | A5-F.3(补) | A5-R | V5-R.1 | V1_f（SNAP）
21,136,0.8834244080145719,0.892304189435337,0.9057377049180327,0.8938221007893139,0.9370825743776564,0.8538125495926357,0.34918188285511026,0.865895640481163,0.45105033690051527,0.9653465346534653,0.9183098591549296,0.8598540950368994,0.9418281969041975,0.9129216221062512,A1-F | A1-R.1 | A1-R.2 | A1-R.3 | A1-R.4(补) | A2-F.1 | A2-F.2(补) | A2-R | A3-F.1 | A3-F.2 | A3-R | A4-F.2 | A4-F.3(补) | A4-R.1 | A4-R.2(补) | A5-F.1 | A5-F.2 | A5-F.3(补) | A5-R | V5-R.1 | V1_f（SNAP）
21,136,0.9025500910746812,0.8989071038251366,0.907103825136612,0.9028536733454766,0.9414845173041895,0.8985922515432133,0.5672278871235475,0.9096128402610681,0.6936187078874356,0.9653465346534653,0.9323943661971831,0.9041025459021408,0.9488704504253243,0.9314858378772182,A1-F | A1-R.1 | A1-R.2 | A1-R.3 | A1-R.4(补) | A2-F.1 | A2-F.2(补) | A2-R | A3-F.1 | A3-F.2 | A3-R | A4-F.1 | A4-F.3(补) | A4-R.1 | A4-R.2(补) | A5-F.1 | A5-F.2 | A5-F.3(补) | A5-R | V5-R.1 | V1_f（SNAP）
21,136,0.9032331511839709,0.8995901639344263,0.9064207650273224,0.9030813600485731,0.9412568306010929,0.8987516386284685,0.5731562722314442,0.9074303245783878,0.6983749504558066,0.9455445544554455,0.9211267605633803,0.9030909816034282,0.9333356575094129,0.9258944899046447,A1-F | A1-R.1 | A1-R.2 | A1-R.3 | A1-R.4(补) | A2-F.1 | A2-F.2(补) | A2-R | A3-F.1 | A3-F.2 | A3-R | A4-F.1 | A4-F.2 | A4-R.1 | A4-R.2(补) | A5-F.1 | A5-F.2 | A5-F.3(补) | A5-R | V5-R.1 | V1_f（SNAP）
21,136,0.8961748633879781,0.9002732240437158,0.9086976320582878,0.9017152398299939,0.9435336976320583,0.8481941042676588,0.3938819065686507,0.8556244842063702,0.4780023781212842,0.9504950495049505,0.9042253521126761,0.8519092942370146,0.9273602008088133,0.907601064225962,A1-F | A1-R.1 | A1-R.2 | A1-R.3 | A1-R.4(补) | A2-F.1 | A2-F.2(补) | A2-R | A3-F.1 | A3-F.2 | A3-R | A4-F.1 | A4-F.2 | A4-F.3(补) | A4-R.2(补) | A5-F.1 | A5-F.2 | A5-F.3(补) | A5-R | V5-R.1 | V1_f（SNAP）
21,136,0.9032331511839709,0.9000455373406193,0.9064207650273224,0.9032331511839709,0.9412568306010929,0.8991527464377317,0.5730377045292863,0.9095886539185177,0.6995640110978993,0.9653465346534653,0.9267605633802817,0.9043707001781247,0.9460535490168736,0.9305603599320303,A1-F | A1-R.1 | A1-R.2 | A1-R.3 | A1-R.4(补) | A2-F.1 | A2-F.2(补) | A2-R | A3-F.1 | A3-F.2 | A3-R | A4-F.1 | A4-F.2 | A4-F.3(补) | A4-R.1 | A5-F.1 | A5-F.2 | A5-F.3(补) | A5-R | V5-R.1 | V1_f（SNAP）
21,136,0.9043715846994536,0.900728597449909,0.9080145719489982,0.9043715846994536,0.9419398907103825,0.8773516397936203,0.5333175243063789,0.886655521409201,0.6611177170035671,0.9653465346534653,0.9323943661971831,0.8820035806014106,0.9488704504253243,0.9242713072457057,A1-F | A1-R.1 | A1-R.2 | A1-R.3 | A1-R.4(补) | A2-F.1 | A2-F.2(补) | A2-R | A3-F.1 | A3-F.2 | A3-R | A4-F.1 | A4-F.2 | A4-F.3(补) | A4-R.1 | A4-R.2(补) | A5-F.2 | A5-F.3(补) | A5-R | V5-R.1 | V1_f（SNAP）
21,138,0.9035746812386156,0.8998178506375227,0.9110883424408015,0.9048269581056466,0.9395491803278688,0.87973690027638,0.49822148446763104,0.8896215536623787,0.6060245739199366,0.9653465346534653,0.9323943661971831,0.8846792269693793,0.9488704504253243,0.924366285907524,A1-F | A1-R.1 | A1-R.2 | A1-R.3 | A1-R.4(补) | A2-F.1 | A2-F.2(补) | A2-R | A3-F.1 | A3-F.2 | A3-R | A4-F.1 | A4-F.2 | A4-F.3(补) | A4-R.1 | A4-R.2(补) | A5-F.1 | A5-F.3(补) | A5-R | V5-R.1 | V1_f（SNAP）
21,136,0.9032331511839709,0.8995901639344263,0.9059653916211293,0.9029295689131756,0.9412568306010929,0.8945663296649855,0.566397913208442,0.9060035238640791,0.6971858898137139,0.9207920792079208,0.9183098591549296,0.9002849267645323,0.9195509691814252,0.9203642421823502,A1-F | A1-R.1 | A1-R.2 | A1-R.3 | A1-R.4(补) | A2-F.1 | A2-F.2(补) | A2-R | A3-F.1 | A3-F.2 | A3-R | A4-F.1 | A4-F.2 | A4-F.3(补) | A4-R.1 | A4-R.2(补) | A5-F.1 | A5-F.2 | A5-R | V5-R.1 | V1_f（SNAP）
21,140,0.8819444444444444,0.898224043715847,0.9069899817850637,0.8957194899817851,0.9327185792349727,0.7536483013847731,0.0,0.7573952389504963,0.0,0.8514851485148515,0.9126760563380282,0.7555217701676347,0.8820806024264398,0.8567736506096825,A1-F | A1-R.1 | A1-R.2 | A1-R.3 | A1-R.4(补) | A2-F.1 | A2-F.2(补) | A2-R | A3-F.1 | A3-F.2 | A3-R | A4-F.1 | A4-F.2 | A4-F.3(补) | A4-R.1 | A4-R.2(补) | A5-F.1 | A5-F.2 | A5-F.3(补) | V5-R.1 | V1_f（SNAP）
21,140,0.8920765027322405,0.8907103825136612,0.9096083788706739,0.8974650880388585,0.9341226472374012,0.7441529123286006,0.0,0.7570887024951857,0.0,0.8861386138613861,0.8535211267605634,0.7506208074118932,0.8698298703109748,0.851524441653423,A1-F | A1-R.1 | A1-R.2 | A1-R.3 | A1-R.4(补) | A2-F.1 | A2-F.2(补) | A2-R | A3-F.1 | A3-F.2 | A3-R | A4-F.1 | A4-F.2 | A4-F.3(补) | A4-R.1 | A4-R.2(补) | A5-F.1 | A5-F.2 | A5-F.3(补) | A5-R | V1_f（SNAP）
21,142,0.9032331511839709,0.8995901639344263,0.9068761384335154,0.9032331511839709,0.9412568306010929,0.8978750374281738,0.5694806734645482,0.9094097164879161,0.6987713040031708,0.9504950495049505,0.9295774647887324,0.903642376958045,0.9400362571468415,0.9283118215686598,A1-F | A1-R.1 | A1-R.2 | A1-R.3 | A1-R.4(补) | A2-F.1 | A2-F.2(补) | A2-R | A3-F.1 | A3-F.2 | A3-R | A4-F.1 | A4-F.2 | A4-F.3(补) | A4-R.1 | A4-R.2(补) | A5-F.1 | A5-F.2 | A5-F.3(补) | A5-R | V5-R.1
20,128,0.900121432908318,0.8979963570127505,0.9060412871888281,0.9013863590366323,0.9404219793564055,0.895364030846248,0.5575053355465971,0.9073243322907435,0.6841062227506937,0.9653465346534653,0.9323943661971831,0.9013441815684957,0.9488704504253243,0.9302122037834085,A1-R.1 | A1-R.2 | A1-R.3 | A1-R.4(补) | A2-F.1 | A2-F.2(补) | A2-R | A3-F.1 | A3-F.2 | A3-R | A4-F.1 | A4-F.3(补) | A4-R.1 | A4-R.2(补) | A5-F.1 | A5-F.2 | A5-F.3(补) | A5-R | V5-R.1 | V1_f（SNAP）
20,128,0.9045992714025501,0.9045992714025501,0.9018670309653917,0.903688524590164,0.9410291438979964,0.8656634664271198,0.4701209390562011,0.8824284905323907,0.5945303210463734,0.9653465346534653,0.9323943661971831,0.8740459784797552,0.9488704504253243,0.9213151909343585,A1-F | A1-R.2 | A1-R.3 | A1-R.4(补) | A2-F.1 | A2-F.2(补) | A2-R | A3-F.1 | A3-F.2 | A3-R | A4-F.1 | A4-F.3(补) | A4-R.1 | A4-R.2(补) | A5-F.1 | A5-F.2 | A5-F.3(补) | A5-R | V5-R.1 | V1_f（SNAP）
20,130,0.8879781420765027,0.8998178506375227,0.9086976320582878,0.8988312082574378,0.9378415300546448,0.8816352142674585,0.4688166943324638,0.8921063654099813,0.5933412604042806,0.9405940594059405,0.9211267605633803,0.8868707898387199,0.9308604099846605,0.918524243292675,A1-F | A1-R.1 | A1-R.3 | A1-R.4(补) | A2-F.1 | A2-F.2(补) | A2-R | A3-F.1 | A3-F.2 | A3-R | A4-F.1 | A4-F.3(补) | A4-R.1 | A4-R.2(补) | A5-F.1 | A5-F.2 | A5-F.3(补) | A5-R | V5-R.1 | V1_f（SNAP）
20,128,0.9005009107468124,0.8975409836065574,0.9057377049180327,0.9012598664238008,0.9405737704918032,0.8965643005459679,0.5571496324401233,0.9065066880472752,0.6753864447086801,0.9653465346534653,0.9323943661971831,0.9015354942966216,0.9488704504253243,0.9303265717379162,A1-F | A1-R.1 | A1-R.2 | A1-R.4(补) | A2-F.1 | A2-F.2(补) | A2-R | A3-F.1 | A3-F.2 | A3-R | A4-F.1 | A4-F.3(补) | A4-R.1 | A4-R.2(补) | A5-F.1 | A5-F.2 | A5-F.3(补) | A5-R | V5-R.1 | V1_f（SNAP）
20,128,0.9025500910746812,0.8989071038251366,0.907103825136612,0.9028536733454766,0.9414845173041895,0.8969338197373813,0.5650936684847048,0.9095936390321895,0.6932223543400713,0.9653465346534653,0.9295774647887324,0.9032637293847854,0.9474619997210989,0.9307367488033579,A1-F | A1-R.1 | A1-R.2 | A1-R.3 | A2-F.1 | A2-F.2(补) | A2-R | A3-F.1 | A3-F.2 | A3-R | A4-F.1 | A4-F.3(补) | A4-R.1 | A4-R.2(补) | A5-F.1 | A5-F.2 | A5-F.3(补) | A5-R | V5-R.1 | V1_f（SNAP）
20,128,0.8938979963570127,0.895264116575592,0.9034608378870674,0.8975409836065573,0.9408014571948998,0.8564522536742281,0.524543514346692,0.8619417245371174,0.6309948474038842,0.9603960396039604,0.9126760563380282,0.8591969891056728,0.9365360479709943,0.9121781647571888,A1-F | A1-R.1 | A1-R.2 | A1-R.3 | A1-R.4(补) | A2-F.2(补) | A2-R | A3-F.1 | A3-F.2 | A3-R | A4-F.1 | A4-F.3(补) | A4-R.1 | A4-R.2(补) | A5-F.1 | A5-F.2 | A5-F.3(补) | A5-R | V5-R.1 | V1_f（SNAP）
20,132,0.9020947176684881,0.8989071038251366,0.907103825136612,0.9027018822100789,0.9414845173041895,0.8982951630108307,0.5672278871235475,0.908735647278612,0.6936187078874356,0.9603960396039604,0.9154929577464789,0.9035154051447214,0.9379444986752197,0.9276481403747102,A1-F | A1-R.1 | A1-R.2 | A1-R.3 | A1-R.4(补) | A2-F.1 | A2-R | A3-F.1 | A3-F.2 | A3-R | A4-F.1 | A4-F.3(补) | A4-R.1 | A4-R.2(补) | A5-F.1 | A5-F.2 | A5-F.3(补) | A5-R | V5-R.1 | V1_f（SNAP）
20,134,0.8837279902853673,0.8850941105039465,0.9083181542197934,0.8923800850030358,0.9334395871281116,0.7443776134272055,0.0,0.752830024990279,0.0,0.8564356435643564,0.819718309859155,0.7486038192087423,0.8380769767117557,0.8400401276828698,A1-F | A1-R.1 | A1-R.2 | A1-R.3 | A1-R.4(补) | A2-F.1 | A2-F.2(补) | A3-F.1 | A3-F.2 | A3-R | A4-F.1 | A4-F.3(补) | A4-R.1 | A4-R.2(补) | A5-F.1 | A5-F.2 | A5-F.3(补) | A5-R | V5-R.1 | V1_f（SNAP）
20,128,0.8392531876138434,0.8424408014571949,0.8820582877959927,0.8545840922890103,0.9079386763812993,0.6298746563146224,0.07339340763576002,0.6309559835321931,0.09235037653587,0.7772277227722773,0.4394366197183099,0.6304153199234077,0.6083321712452936,0.7155620558500001,A1-F | A1-R.1 | A1-R.2 | A1-R.3 | A1-R.4(补) | A2-F.1 | A2-F.2(补) | A2-R | A3-F.2 | A3-R | A4-F.1 | A4-F.3(补) | A4-R.1 | A4-R.2(补) | A5-F.1 | A5-F.2 | A5-F.3(补) | A5-R | V5-R.1 | V1_f（SNAP）
20,128,0.895264116575592,0.8916211293260473,0.9027777777777778,0.8965543412264724,0.9357923497267759,0.8700943293226975,0.49917002608489447,0.8840777262690068,0.6012683313515655,0.9653465346534653,0.9211267605633803,0.8770860277958521,0.9432366476084229,0.918705008377017,A1-F | A1-R.1 | A1-R.2 | A1-R.3 | A1-R.4(补) | A2-F.1 | A2-F.2(补) | A2-R | A3-F.1 | A3-R | A4-F.1 | A4-F.3(补) | A4-R.1 | A4-R.2(补) | A5-F.1 | A5-F.2 | A5-F.3(补) | A5-R | V5-R.1 | V1_f（SNAP）
20,132,0.8640710382513661,0.8613387978142076,0.8957194899817851,0.8737097753491195,0.9205373406193078,0.7510090355390943,0.0,0.758748989053941,0.0,0.9158415841584159,0.847887323943662,0.7548790122965177,0.881864454051039,0.8524269356556214,A1-F | A1-R.1 | A1-R.2 | A1-R.3 | A1-R.4(补) | A2-F.1 | A2-F.2(补) | A2-R | A3-F.1 | A3-F.2 | A4-F.1 | A4-F.3(补) | A4-R.1 | A4-R.2(补) | A5-F.1 | A5-F.2 | A5-F.3(补) | A5-R | V5-R.1 | V1_f（SNAP）
20,128,0.8761384335154827,0.8950364298724954,0.9157559198542805,0.8956435944140863,0.9400425015179115,0.7619904071500602,0.018852264643111218,0.7795089036653046,0.033690051525961155,0.9306930693069307,0.9070422535211268,0.7707496554076824,0.9188676614140288,0.8765532727798743,A1-F | A1-R.1 | A1-R.2 | A1-R.3 | A1-R.4(补) | A2-F.1 | A2-F.2(补) | A2-R | A3-F.1 | A3-F.2 | A3-R | A4-F.3(补) | A4-R.1 | A4-R.2(补) | A5-F.1 | A5-F.2 | A5-F.3(补) | A5-R | V5-R.1 | V1_f（SNAP）
20,128,0.9025500910746812,0.8989071038251366,0.907103825136612,0.9028536733454766,0.9419398907103825,0.8967325648102527,0.5660422101019682,0.9026056948650191,0.6888624653190646,0.9158415841584159,0.9098591549295775,0.8996691298376358,0.9128503695439967,0.9181531300306718,A1-F | A1-R.1 | A1-R.2 | A1-R.3 | A1-R.4(补) | A2-F.1 | A2-F.2(补) | A2-R | A3-F.1 | A3-F.2 | A3-R | A4-F.1 | A4-R.1 | A4-R.2(补) | A5-F.1 | A5-F.2 | A5-F.3(补) | A5-R | V5-R.1 | V1_f（SNAP）
20,128,0.8957194899817851,0.8998178506375227,0.9093806921675774,0.9016393442622951,0.9435336976320583,0.847524414447353,0.389850604695281,0.854839703687322,0.47443519619500596,0.9504950495049505,0.9042253521126761,0.8511820590673376,0.9273602008088133,0.9073586525027363,A1-F | A1-R.1 | A1-R.2 | A1-R.3 | A1-R.4(补) | A2-F.1 | A2-F.2(补) | A2-R | A3-F.1 | A3-F.2 | A3-R | A4-F.1 | A4-F.3(补) | A4-R.2(补) | A5-F.1 | A5-F.2 | A5-F.3(补) | A5-R | V5-R.1 | V1_f（SNAP）
20,128,0.9030054644808743,0.8998178506375227,0.907103825136612,0.9033090467516697,0.9414845173041895,0.8983765044197347,0.5668721840170737,0.9087846721705911,0.6928260007927071,0.9653465346534653,0.9267605633802817,0.9035805882951629,0.9460535490168736,0.9303728848720754,A1-F | A1-R.1 | A1-R.2 | A1-R.3 | A1-R.4(补) | A2-F.1 | A2-F.2(补) | A2-R | A3-F.1 | A3-F.2 | A3-R | A4-F.1 | A4-F.3(补) | A4-R.1 | A5-F.1 | A5-F.2 | A5-F.3(补) | A5-R | V5-R.1 | V1_f（SNAP）
20,128,0.9030054644808743,0.8993624772313297,0.9089253187613844,0.9037644201578628,0.9419398907103825,0.8765753977756233,0.5295233578373251,0.8858515396612743,0.6563614744351962,0.9653465346534653,0.9323943661971831,0.8812134687184487,0.9488704504253243,0.9240079366180517,A1-F | A1-R.1 | A1-R.2 | A1-R.3 | A1-R.4(补) | A2-F.1 | A2-F.2(补) | A2-R | A3-F.1 | A3-F.2 | A3-R | A4-F.1 | A4-F.3(补) | A4-R.1 | A4-R.2(补) | A5-F.2 | A5-F.3(补) | A5-R | V5-R.1 | V1_f（SNAP）
20,130,0.9028916211293261,0.8991347905282332,0.911771402550091,0.90459927140255,0.9397768670309654,0.8789606582583831,0.49217453165757646,0.8888175719144519,0.5992865636147443,0.9653465346534653,0.9323943661971831,0.8838891150864174,0.9488704504253243,0.924178810847569,A1-F | A1-R.1 | A1-R.2 | A1-R.3 | A1-R.4(补) | A2-F.1 | A2-F.2(补) | A2-R | A3-F.1 | A3-F.2 | A3-R | A4-F.1 | A4-F.3(补) | A4-R.1 | A4-R.2(补) | A5-F.1 | A5-F.3(补) | A5-R | V5-R.1 | V1_f（SNAP）
20,128,0.9025500910746812,0.8989071038251366,0.906648451730419,0.9027018822100789,0.9414845173041895,0.8937900876469884,0.5602323926962296,0.9051995421161524,0.6904478795085216,0.9207920792079208,0.9183098591549296,0.8994948148815705,0.9195509691814252,0.920176767122395,A1-F | A1-R.1 | A1-R.2 | A1-R.3 | A1-R.4(补) | A2-F.1 | A2-F.2(补) | A2-R | A3-F.1 | A3-F.2 | A3-R | A4-F.1 | A4-F.3(补) | A4-R.1 | A4-R.2(补) | A5-F.1 | A5-F.2 | A5-R | V5-R.1 | V1_f（SNAP）
20,132,0.8805783242258652,0.8973132969034608,0.9074453551912568,0.8951123254401944,0.9322632058287796,0.752872059366776,0.0,0.7565912572025696,0.0,0.8514851485148515,0.9126760563380282,0.7547316582846728,0.8820806024264398,0.8563584888466308,A1-F | A1-R.1 | A1-R.2 | A1-R.3 | A1-R.4(补) | A2-F.1 | A2-F.2(补) | A2-R | A3-F.1 | A3-F.2 | A3-R | A4-F.1 | A4-F.3(补) | A4-R.1 | A4-R.2(补) | A5-F.1 | A5-F.2 | A5-F.3(补) | V5-R.1 | V1_f（SNAP）
20,132,0.8929872495446266,0.8916211293260473,0.9107468123861566,0.8984517304189436,0.9345780206435943,0.7433766703106036,0.0,0.7562847207472589,0.0,0.8861386138613861,0.8507042253521127,0.7498306955289313,0.8684214196067495,0.8509433785930917,A1-F | A1-R.1 | A1-R.2 | A1-R.3 | A1-R.4(补) | A2-F.1 | A2-F.2(补) | A2-R | A3-F.1 | A3-F.2 | A3-R | A4-F.1 | A4-F.3(补) | A4-R.1 | A4-R.2(补) | A5-F.1 | A5-F.2 | A5-F.3(补) | A5-R | V1_f（SNAP）
20,134,0.9025500910746812,0.8989071038251366,0.9075591985428051,0.9030054644808742,0.9414845173041895,0.8970987954101767,0.5633151529523358,0.9086057347399894,0.6920332936979786,0.9504950495049505,0.9295774647887324,0.902852265075083,0.9400362571468415,0.9281243465087047,A1-F | A1-R.1 | A1-R.2 | A1-R.3 | A1-R.4(补) | A2-F.1 | A2-F.2(补) | A2-R | A3-F.1 | A3-F.2 | A3-R | A4-F.1 | A4-F.3(补) | A4-R.1 | A4-R.2(补) | A5-F.1 | A5-F.2 | A5-F.3(补) | A5-R | V5-R.1
19,120,0.900121432908318,0.8979963570127505,0.9060412871888281,0.9013863590366323,0.9404219793564055,0.893705599040416,0.5553711169077543,0.9073051310618648,0.6837098692033293,0.9653465346534653,0.9295774647887324,0.9005053650511404,0.9474619997210989,0.9294631147095482,A1-R.1 | A1-R.2 | A1-R.3 | A2-F.1 | A2-F.2(补) | A2-R | A3-F.1 | A3-F.2 | A3-R | A4-F.1 | A4-F.3(补) | A4-R.1 | A4-R.2(补) | A5-F.1 | A5-F.2 | A5-F.3(补) | A5-R | V5-R.1 | V1_f（SNAP）
19,120,0.9052823315118397,0.9052823315118397,0.9020947176684881,0.9042197935640558,0.9410291438979964,0.8597738931019973,0.45079440360445816,0.8808410907319766,0.5806579468886246,0.9504950495049505,0.9267605633802817,0.8703074919169869,0.9386278064426161,0.9166548140858665,A1-F | A1-R.2 | A1-R.3 | A2-F.1 | A2-F.2(补) | A2-R | A3-F.1 | A3-F.2 | A3-R | A4-F.1 | A4-F.3(补) | A4-R.1 | A4-R.2(补) | A5-F.1 | A5-F.2 | A5-F.3(补) | A5-R | V5-R.1 | V1_f（SNAP）
19,122,0.8879781420765027,0.8998178506375227,0.9086976320582878,0.8988312082574378,0.9378415300546448,0.8798467410529922,0.4660896371828314,0.8920487617233455,0.5917558462148236,0.9405940594059405,0.9183098591549296,0.8859477513881688,0.9294519592804351,0.9177470802410829,A1-F | A1-R.1 | A1-R.3 | A2-F.1 | A2-F.2(补) | A2-R | A3-F.1 | A3-F.2 | A3-R | A4-F.1 | A4-F.3(补) | A4-R.1 | A4-R.2(补) | A5-F.1 | A5-F.2 | A5-F.3(补) | A5-R | V5-R.1 | V1_f（SNAP）
19,120,0.9005009107468124,0.8975409836065574,0.9057377049180327,0.9012598664238008,0.9405737704918032,0.8948408480358188,0.5548968460991226,0.9064129711701104,0.6738010305192231,0.9653465346534653,0.9295774647887324,0.9006269096029647,0.9474619997210989,0.9295542266052889,A1-F | A1-R.1 | A1-R.2 | A2-F.1 | A2-F.2(补) | A2-R | A3-F.1 | A3-F.2 | A3-R | A4-F.1 | A4-F.3(补) | A4-R.1 | A4-R.2(补) | A5-F.1 | A5-F.2 | A5-F.3(补) | A5-R | V5-R.1 | V1_f（SNAP）
19,120,0.8938979963570127,0.895264116575592,0.9034608378870674,0.8975409836065573,0.9408014571948998,0.854793821868396,0.5227649988143229,0.8619225233082387,0.63059849385652,0.9603960396039604,0.9126760563380282,0.8583581725883174,0.9365360479709943,0.9118985592514038,A1-F | A1-R.1 | A1-R.2 | A1-R.3 | A2-F.2(补) | A2-R | A3-F.1 | A3-F.2 | A3-R | A4-F.1 | A4-F.3(补) | A4-R.1 | A4-R.2(补) | A5-F.1 | A5-F.2 | A5-F.3(补) | A5-R | V5-R.1 | V1_f（SNAP）
19,124,0.9020947176684881,0.8989071038251366,0.907103825136612,0.9027018822100789,0.9414845173041895,0.8966367312049985,0.5650936684847048,0.9087164460497335,0.6932223543400713,0.9603960396039604,0.9126760563380282,0.902676588627366,0.9365360479709943,0.9268990513008499,A1-F | A1-R.1 | A1-R.2 | A1-R.3 | A2-F.1 | A2-R | A3-F.1 | A3-F.2 | A3-R | A4-F.1 | A4-F.3(补) | A4-R.1 | A4-R.2(补) | A5-F.1 | A5-F.2 | A5-F.3(补) | A5-R | V5-R.1 | V1_f（SNAP）
19,126,0.8837279902853673,0.8850941105039465,0.9083181542197934,0.8923800850030358,0.9334395871281116,0.7427191816213735,0.0,0.7528108237614003,0.0,0.8564356435643564,0.819718309859155,0.7477650026913869,0.8380769767117557,0.8397605221770847,A1-F | A1-R.1 | A1-R.2 | A1-R.3 | A2-F.1 | A2-F.2(补) | A3-F.1 | A3-F.2 | A3-R | A4-F.1 | A4-F.3(补) | A4-R.1 | A4-R.2(补) | A5-F.1 | A5-F.2 | A5-F.3(补) | A5-R | V5-R.1 | V1_f（SNAP）
19,120,0.8392531876138434,0.8424408014571949,0.8820582877959927,0.8545840922890103,0.9079386763812993,0.6282162245087906,0.07303770452928622,0.6309367823033143,0.09235037653587,0.7772277227722773,0.428169014084507,0.6295765034060524,0.6026983684283922,0.7134045160719147,A1-F | A1-R.1 | A1-R.2 | A1-R.3 | A2-F.1 | A2-F.2(补) | A2-R | A3-F.2 | A3-R | A4-F.1 | A4-F.3(补) | A4-R.1 | A4-R.2(补) | A5-F.1 | A5-F.2 | A5-F.3(补) | A5-R | V5-R.1 | V1_f（SNAP）
19,120,0.895264116575592,0.8916211293260473,0.9027777777777778,0.8965543412264724,0.9357923497267759,0.8684358975168657,0.49715437514820965,0.8840585250401283,0.6008719778042013,0.9653465346534653,0.9183098591549296,0.8762472112784969,0.9418281969041975,0.9179559193031568,A1-F | A1-R.1 | A1-R.2 | A1-R.3 | A2-F.1 | A2-F.2(补) | A2-R | A3-F.1 | A3-R | A4-F.1 | A4-F.3(补) | A4-R.1 | A4-R.2(补) | A5-F.1 | A5-F.2 | A5-F.3(补) | A5-R | V5-R.1 | V1_f（SNAP）
19,124,0.8640710382513661,0.8613387978142076,0.8957194899817851,0.8737097753491195,0.9205373406193078,0.7493506037332622,0.0,0.7587297878250623,0.0,0.9158415841584159,0.8450704225352113,0.7540401957791623,0.8804560033468136,0.8516778465817613,A1-F | A1-R.1 | A1-R.2 | A1-R.3 | A2-F.1 | A2-F.2(补) | A2-R | A3-F.1 | A3-F.2 | A4-F.1 | A4-F.3(补) | A4-R.1 | A4-R.2(补) | A5-F.1 | A5-F.2 | A5-F.3(补) | A5-R | V5-R.1 | V1_f（SNAP）
19,120,0.8761384335154827,0.8950364298724954,0.9157559198542805,0.8956435944140863,0.9400425015179115,0.760331975344228,0.018377993834479488,0.7794897024364259,0.033690051525961155,0.9306930693069307,0.9070422535211268,0.769910838890327,0.9188676614140288,0.8762736672740891,A1-F | A1-R.1 | A1-R.2 | A1-R.3 | A2-F.1 | A2-F.2(补) | A2-R | A3-F.1 | A3-F.2 | A3-R | A4-F.3(补) | A4-R.1 | A4-R.2(补) | A5-F.1 | A5-F.2 | A5-F.3(补) | A5-R | V5-R.1 | V1_f（SNAP）
19,120,0.9025500910746812,0.8989071038251366,0.907103825136612,0.9028536733454766,0.9419398907103825,0.8950741330044207,0.5639079914631254,0.9025864936361405,0.6884661117717004,0.9158415841584159,0.9070422535211268,0.8988303133202806,0.9114419188397713,0.9174040409568115,A1-F | A1-R.1 | A1-R.2 | A1-R.3 | A2-F.1 | A2-F.2(补) | A2-R | A3-F.1 | A3-F.2 | A3-R | A4-F.1 | A4-R.1 | A4-R.2(补) | A5-F.1 | A5-F.2 | A5-F.3(补) | A5-R | V5-R.1 | V1_f（SNAP）
19,120,0.8957194899817851,0.8998178506375227,0.9093806921675774,0.9016393442622951,0.9435336976320583,0.8458659826415212,0.38842779226938584,0.8548205024584434,0.4740388426476417,0.9504950495049505,0.9014084507042254,0.8503432425499824,0.925951750104588,0.9066095634288761,A1-F | A1-R.1 | A1-R.2 | A1-R.3 | A2-F.1 | A2-F.2(补) | A2-R | A3-F.1 | A3-F.2 | A3-R | A4-F.1 | A4-F.3(补) | A4-R.2(补) | A5-F.1 | A5-F.2 | A5-F.3(补) | A5-R | V5-R.1 | V1_f（SNAP）
19,120,0.9030054644808743,0.8998178506375227,0.907103825136612,0.9033090467516697,0.9414845173041895,0.8967180726139026,0.564737965378231,0.9087654709417124,0.6924296472453428,0.9653465346534653,0.923943661971831,0.9027417717778075,0.9446450983126482,0.9296237957982151,A1-F | A1-R.1 | A1-R.2 | A1-R.3 | A2-F.1 | A2-F.2(补) | A2-R | A3-F.1 | A3-F.2 | A3-R | A4-F.1 | A4-F.3(补) | A4-R.1 | A5-F.1 | A5-F.2 | A5-F.3(补) | A5-R | V5-R.1 | V1_f（SNAP）
19,120,0.9030054644808743,0.8993624772313297,0.9089253187613844,0.9037644201578628,0.9419398907103825,0.8749169659697913,0.5276262746027982,0.8858323384323956,0.655965120887832,0.9653465346534653,0.9295774647887324,0.8803746522010935,0.9474619997210989,0.9232588475441915,A1-F | A1-R.1 | A1-R.2 | A1-R.3 | A2-F.1 | A2-F.2(补) | A2-R | A3-F.1 | A3-F.2 | A3-R | A4-F.1 | A4-F.3(补) | A4-R.1 | A4-R.2(补) | A5-F.2 | A5-F.3(补) | A5-R | V5-R.1 | V1_f（SNAP）
19,122,0.9028916211293261,0.8991347905282332,0.911771402550091,0.90459927140255,0.9397768670309654,0.8773022264525511,0.49015888072089164,0.8887983706855732,0.5988902100673801,0.9653465346534653,0.9295774647887324,0.8830502985690621,0.9474619997210989,0.9234297217737089,A1-F | A1-R.1 | A1-R.2 | A1-R.3 | A2-F.1 | A2-F.2(补) | A2-R | A3-F.1 | A3-F.2 | A3-R | A4-F.1 | A4-F.3(补) | A4-R.1 | A4-R.2(补) | A5-F.1 | A5-F.3(补) | A5-R | V5-R.1 | V1_f（SNAP）
19,120,0.9025500910746812,0.8989071038251366,0.906648451730419,0.9027018822100789,0.9414845173041895,0.8921316558411565,0.5582167417595447,0.9051803408872737,0.6900515259611574,0.9207920792079208,0.9154929577464789,0.8986559983642151,0.9181425184771999,0.9194276780485348,A1-F | A1-R.1 | A1-R.2 | A1-R.3 | A2-F.1 | A2-F.2(补) | A2-R | A3-F.1 | A3-F.2 | A3-R | A4-F.1 | A4-F.3(补) | A4-R.1 | A4-R.2(补) | A5-F.1 | A5-F.2 | A5-R | V5-R.1 | V1_f（SNAP）
19,124,0.8805783242258652,0.8973132969034608,0.9074453551912568,0.8951123254401944,0.9322632058287796,0.7512136275609441,0.0,0.7565720559736909,0.0,0.8514851485148515,0.9098591549295775,0.7538928417673175,0.8806721517222145,0.8556093997727706,A1-F | A1-R.1 | A1-R.2 | A1-R.3 | A2-F.1 | A2-F.2(补) | A2-R | A3-F.1 | A3-F.2 | A3-R | A4-F.1 | A4-F.3(补) | A4-R.1 | A4-R.2(补) | A5-F.1 | A5-F.2 | A5-F.3(补) | V5-R.1 | V1_f（SNAP）
19,124,0.8929872495446266,0.8916211293260473,0.9107468123861566,0.8984517304189436,0.9345780206435943,0.7417182385047717,0.0,0.7562655195183802,0.0,0.8861386138613861,0.847887323943662,0.7489918790115759,0.8670129689025241,0.8501942895192315,A1-F | A1-R.1 | A1-R.2 | A1-R.3 | A2-F.1 | A2-F.2(补) | A2-R | A3-F.1 | A3-F.2 | A3-R | A4-F.1 | A4-F.3(补) | A4-R.1 | A4-R.2(补) | A5-F.1 | A5-F.2 | A5-F.3(补) | A5-R | V1_f（SNAP）
19,126,0.9025500910746812,0.8989071038251366,0.9075591985428051,0.9030054644808742,0.9414845173041895,0.8954403636043449,0.561180934313493,0.9085865335111107,0.6916369401506144,0.9504950495049505,0.9267605633802817,0.9020134485577278,0.9386278064426161,0.9273752574348445,A1-F | A1-R.1 | A1-R.2 | A1-R.3 | A2-F.1 | A2-F.2(补) | A2-R | A3-F.1 | A3-F.2 | A3-R | A4-F.1 | A4-F.3(补) | A4-R.1 | A4-R.2(补) | A5-F.1 | A5-F.2 | A5-F.3(补) | A5-R | V5-R.1
18,112,0.900121432908318,0.8982999392835458,0.9058894960534305,0.9014369560817648,0.9402701882210077,0.8934898519169374,0.5550154138012805,0.9064769629713877,0.6833135156559651,0.9653465346534653,0.923943661971831,0.8999834074441626,0.9446450983126482,0.9282995646592728,A1-R.1 | A1-R.2 | A1-R.3 | A2-F.1 | A2-F.2(补) | A2-R | A3-F.1 | A3-F.2 | A3-R | A4-F.1 | A4-F.3(补) | A4-R.1 | A5-F.1 | A5-F.2 | A5-F.3(补) | A5-R | V5-R.1 | V1_f（SNAP）
18,112,0.9061930783242259,0.9061930783242259,0.9016393442622951,0.904675166970249,0.9410291438979964,0.8595581459785187,0.45043870049798435,0.8800129226414996,0.5798652397938961,0.9504950495049505,0.9211267605633803,0.8697855343100092,0.9358109050341654,0.9155418610807237,A1-F | A1-R.2 | A1-R.3 | A2-F.1 | A2-F.2(补) | A2-R | A3-F.1 | A3-F.2 | A3-R | A4-F.1 | A4-F.3(补) | A4-R.1 | A5-F.1 | A5-F.2 | A5-F.3(补) | A5-R | V5-R.1 | V1_f（SNAP）
18,114,0.8884335154826958,0.900728597449909,0.9077868852459017,0.8989829993928354,0.9378415300546448,0.8796309939295136,0.46585250177851556,0.8912205936328683,0.5909631391200951,0.9405940594059405,0.9126760563380282,0.8854257937811909,0.9266350578719844,0.9166341272359401,A1-F | A1-R.1 | A1-R.3 | A2-F.1 | A2-F.2(补) | A2-R | A3-F.1 | A3-F.2 | A3-R | A4-F.1 | A4-F.3(补) | A4-R.1 | A5-F.1 | A5-F.2 | A5-F.3(补) | A5-R | V5-R.1 | V1_f（SNAP）
18,112,0.9009562841530054,0.8984517304189436,0.9057377049180327,0.9017152398299939,0.9405737704918032,0.8946251009123402,0.5545411429926488,0.9055848030796334,0.6730083234244947,0.9653465346534653,0.923943661971831,0.9001049519959867,0.9446450983126482,0.928441273600146,A1-F | A1-R.1 | A1-R.2 | A2-F.1 | A2-F.2(补) | A2-R | A3-F.1 | A3-F.2 | A3-R | A4-F.1 | A4-F.3(补) | A4-R.1 | A5-F.1 | A5-F.2 | A5-F.3(补) | A5-R | V5-R.1 | V1_f（SNAP）
18,112,0.8934426229508197,0.895264116575592,0.9034608378870674,0.8973891924711598,0.9408014571948998,0.8545780747449173,0.5225278634100071,0.8610943552177616,0.6298057867617916,0.9603960396039604,0.9098591549295775,0.8578362149813394,0.935127597266769,0.9112550898143361,A1-F | A1-R.1 | A1-R.2 | A1-R.3 | A2-F.2(补) | A2-R | A3-F.1 | A3-F.2 | A3-R | A4-F.1 | A4-F.3(补) | A4-R.1 | A5-F.1 | A5-F.2 | A5-F.3(补) | A5-R | V5-R.1 | V1_f（SNAP）
18,116,0.9025500910746812,0.8998178506375227,0.907103825136612,0.903157255616272,0.9414845173041895,0.8964209840815199,0.564737965378231,0.9078882779592562,0.6924296472453428,0.9603960396039604,0.9042253521126761,0.9021546310203881,0.9323106958583183,0.9253166147276319,A1-F | A1-R.1 | A1-R.2 | A1-R.3 | A2-F.1 | A2-R | A3-F.1 | A3-F.2 | A3-R | A4-F.1 | A4-F.3(补) | A4-R.1 | A5-F.1 | A5-F.2 | A5-F.3(补) | A5-R | V5-R.1 | V1_f（SNAP）
18,118,0.8832726168791741,0.8850941105039465,0.9083181542197934,0.892228293867638,0.9334395871281116,0.742503434497895,0.0,0.7519826556709233,0.0,0.8564356435643564,0.8028169014084507,0.7472430450844092,0.8296262724864036,0.8367696348996415,A1-F | A1-R.1 | A1-R.2 | A1-R.3 | A2-F.1 | A2-F.2(补) | A3-F.1 | A3-F.2 | A3-R | A4-F.1 | A4-F.3(补) | A4-R.1 | A5-F.1 | A5-F.2 | A5-F.3(补) | A5-R | V5-R.1 | V1_f（SNAP）
18,112,0.8381147540983607,0.8417577413479053,0.8816029143897997,0.8538251366120218,0.9079386763812993,0.6280004773853118,0.07280056912497036,0.6301086142128373,0.09235037653587,0.7772277227722773,0.4253521126760563,0.6290545457990746,0.6012899177241668,0.712761046634847,A1-F | A1-R.1 | A1-R.2 | A1-R.3 | A2-F.1 | A2-F.2(补) | A2-R | A3-F.2 | A3-R | A4-F.1 | A4-F.3(补) | A4-R.1 | A5-F.1 | A5-F.2 | A5-F.3(补) | A5-R | V5-R.1 | V1_f（SNAP）
18,112,0.8957194899817851,0.8925318761384335,0.9027777777777778,0.8970097146326655,0.9357923497267759,0.868220150393387,0.4970358074460517,0.883230356949651,0.6000792707094729,0.9653465346534653,0.9126760563380282,0.875725253671519,0.9390112954957468,0.916842966298014,A1-F | A1-R.1 | A1-R.2 | A1-R.3 | A2-F.1 | A2-F.2(补) | A2-R | A3-F.1 | A3-R | A4-F.1 | A4-F.3(补) | A4-R.1 | A5-F.1 | A5-F.2 | A5-F.3(补) | A5-R | V5-R.1 | V1_f（SNAP）
18,116,0.8640710382513661,0.8617941712204007,0.895264116575592,0.8737097753491195,0.9205373406193078,0.7491348566097836,0.0,0.7579016197345851,0.0,0.9158415841584159,0.8225352112676056,0.7535182381721843,0.8691883977130108,0.8477479921681677,A1-F | A1-R.1 | A1-R.2 | A1-R.3 | A2-F.1 | A2-F.2(补) | A2-R | A3-F.1 | A3-F.2 | A4-F.1 | A4-F.3(补) | A4-R.1 | A5-F.1 | A5-F.2 | A5-F.3(补) | A5-R | V5-R.1 | V1_f（SNAP）
18,112,0.8765938069216758,0.8954918032786885,0.9157559198542805,0.8959471766848816,0.9400425015179115,0.7602534700843757,0.018377993834479488,0.7786807355748274,0.03329369797859691,0.9306930693069307,0.9070422535211268,0.7694671028296016,0.9188676614140288,0.8761257552538474,A1-F | A1-R.1 | A1-R.2 | A1-R.3 | A2-F.1 | A2-F.2(补) | A2-R | A3-F.1 | A3-F.2 | A3-R | A4-F.3(补) | A4-R.1 | A5-F.1 | A5-F.2 | A5-F.3(补) | A5-R | V5-R.1 | V1_f（SNAP）
18,112,0.9034608378870674,0.9002732240437158,0.907103825136612,0.9036126290224651,0.9419398907103825,0.8948583858809421,0.5635522883566516,0.9021969220368914,0.6880697582243361,0.9158415841584159,0.9014084507042254,0.8985276539589168,0.9086250174313206,0.9163641873668733,A1-F | A1-R.1 | A1-R.2 | A1-R.3 | A2-F.1 | A2-F.2(补) | A2-R | A3-F.1 | A3-F.2 | A3-R | A4-F.1 | A4-R.1 | A5-F.1 | A5-F.2 | A5-F.3(补) | A5-R | V5-R.1 | V1_f（SNAP）
18,112,0.8763661202185792,0.8961748633879781,0.9164389799635702,0.8963266545233758,0.9411809350333942,0.7461393131552279,0.0,0.7584257558387129,0.0,0.8811881188118812,0.8619718309859155,0.7522825344969704,0.8715799748988984,0.855014481476421,A1-F | A1-R.1 | A1-R.2 | A1-R.3 | A2-F.1 | A2-F.2(补) | A2-R | A3-F.1 | A3-F.2 | A3-R | A4-F.1 | A4-F.3(补) | A5-F.1 | A5-F.2 | A5-F.3(补) | A5-R | V5-R.1 | V1_f（SNAP）
18,112,0.9039162112932605,0.900728597449909,0.9089253187613844,0.9045233758348513,0.9419398907103825,0.8747012188463127,0.5272705714963244,0.8850041703419185,0.6551724137931034,0.9653465346534653,0.923943661971831,0.8798526945941156,0.9446450983126482,0.9221458945390487,A1-F | A1-R.1 | A1-R.2 | A1-R.3 | A2-F.1 | A2-F.2(补) | A2-R | A3-F.1 | A3-F.2 | A3-R | A4-F.1 | A4-F.3(补) | A4-R.1 | A5-F.2 | A5-F.3(补) | A5-R | V5-R.1 | V1_f（SNAP）
18,114,0.9033469945355191,0.9000455373406193,0.911771402550091,0.9050546448087431,0.9397768670309654,0.8770864793290724,0.48980317761441783,0.8879702025950962,0.5980975029726516,0.9653465346534653,0.923943661971831,0.8825283409620843,0.9446450983126482,0.9223167687685659,A1-F | A1-R.1 | A1-R.2 | A1-R.3 | A2-F.1 | A2-F.2(补) | A2-R | A3-F.1 | A3-F.2 | A3-R | A4-F.1 | A4-F.3(补) | A4-R.1 | A5-F.1 | A5-F.3(补) | A5-R | V5-R.1 | V1_f（SNAP）
18,112,0.9030054644808743,0.8998178506375227,0.9061930783242259,0.9030054644808744,0.9414845173041895,0.8919159087176779,0.5578610386530709,0.9043521727967966,0.6896551724137931,0.9207920792079208,0.9098591549295775,0.8981340407572372,0.9153256170687492,0.918314725043392,A1-F | A1-R.1 | A1-R.2 | A1-R.3 | A2-F.1 | A2-F.2(补) | A2-R | A3-F.1 | A3-F.2 | A3-R | A4-F.1 | A4-F.3(补) | A4-R.1 | A5-F.1 | A5-F.2 | A5-R | V5-R.1 | V1_f（SNAP）
18,116,0.8814890710382514,0.898224043715847,0.9069899817850637,0.8955676988463873,0.9322632058287796,0.7509978804374654,0.0,0.7557438878832138,0.0,0.8514851485148515,0.9042253521126761,0.7533708841603396,0.8778552503137638,0.8544964467676276,A1-F | A1-R.1 | A1-R.2 | A1-R.3 | A2-F.1 | A2-F.2(补) | A2-R | A3-F.1 | A3-F.2 | A3-R | A4-F.1 | A4-F.3(补) | A4-R.1 | A5-F.1 | A5-F.2 | A5-F.3(补) | V5-R.1 | V1_f（SNAP）
18,116,0.8925318761384335,0.8916211293260473,0.9107468123861566,0.8982999392835458,0.9345780206435943,0.741502491381293,0.0,0.7554373514279031,0.0,0.8861386138613861,0.8309859154929577,0.748469921404598,0.858562264677172,0.8472034022417881,A1-F | A1-R.1 | A1-R.2 | A1-R.3 | A2-F.1 | A2-F.2(补) | A2-R | A3-F.1 | A3-F.2 | A3-R | A4-F.1 | A4-F.3(补) | A4-R.1 | A5-F.1 | A5-F.2 | A5-F.3(补) | A5-R | V1_f（SNAP）
18,118,0.9030054644808743,0.8998178506375227,0.9075591985428051,0.9034608378870673,0.9414845173041895,0.8952246164808662,0.5608252312070192,0.9077583654206336,0.6908442330558858,0.9504950495049505,0.9211267605633803,0.9014914909507499,0.9358109050341654,0.9262623044297017,A1-F | A1-R.1 | A1-R.2 | A1-R.3 | A2-F.1 | A2-F.2(补) | A2-R | A3-F.1 | A3-F.2 | A3-R | A4-F.1 | A4-F.3(补) | A4-R.1 | A5-F.1 | A5-F.2 | A5-F.3(补) | A5-R | V5-R.1
17,104,0.8989829993928354,0.8978445658773527,0.9054341226472373,0.9007538959724751,0.9393594414086216,0.8914448786794242,0.5450557268200142,0.9034581074070434,0.6650812524772096,0.9653465346534653,0.923943661971831,0.8974514930432338,0.9446450983126482,0.9271520109215011,A1-R.1 | A1-R.2 | A2-F.1 | A2-F.2(补) | A2-R | A3-F.1 | A3-F.2 | A3-R | A4-F.1 | A4-F.3(补) | A4-R.1 | A5-F.1 | A5-F.2 | A5-F.3(补) | A5-R | V5-R.1 | V1_f（SNAP）
17,104,0.9059653916211293,0.907103825136612,0.8993624772313297,0.9041438979963571,0.9408014571948998,0.8450861250600905,0.3942376096751245,0.863858185675614,0.5033690051525961,0.9504950495049505,0.9211267605633803,0.8544721553678523,0.9358109050341654,0.9103615058656391,A1-F | A1-R.2 | A2-F.1 | A2-F.2(补) | A2-R | A3-F.1 | A3-F.2 | A3-R | A4-F.1 | A4-F.3(补) | A4-R.1 | A5-F.1 | A5-F.2 | A5-F.3(补) | A5-R | V5-R.1 | V1_f（SNAP）
17,106,0.8870673952641166,0.8993624772313297,0.9059653916211293,0.8974650880388585,0.9369307832422586,0.8773637555571862,0.454588570073512,0.8880207245419106,0.5711454617518826,0.9405940594059405,0.9126760563380282,0.8826922400495484,0.9266350578719844,0.9154193603879305,A1-F | A1-R.1 | A2-F.1 | A2-F.2(补) | A2-R | A3-F.1 | A3-F.2 | A3-R | A4-F.1 | A4-F.3(补) | A4-R.1 | A5-F.1 | A5-F.2 | A5-F.3(补) | A5-R | V5-R.1 | V1_f（SNAP）
17,104,0.8913934426229508,0.8938979963570127,0.9016393442622951,0.8956435944140861,0.9398907103825137,0.8524851030433549,0.5133981503438463,0.8579136873556824,0.6147443519619501,0.9603960396039604,0.9098591549295775,0.8551993951995187,0.935127597266769,0.9100725676162672,A1-F | A1-R.1 | A1-R.2 | A2-F.2(补) | A2-R | A3-F.1 | A3-F.2 | A3-R | A4-F.1 | A4-F.3(补) | A4-R.1 | A5-F.1 | A5-F.2 | A5-F.3(补) | A5-R | V5-R.1 | V1_f（SNAP）
17,108,0.9005009107468124,0.8984517304189436,0.9057377049180327,0.9015634486945961,0.9405737704918032,0.8943280123799575,0.5545411429926488,0.9047076100971772,0.6730083234244947,0.9603960396039604,0.9042253521126761,0.8995178112385673,0.9323106958583183,0.924134092529563,A1-F | A1-R.1 | A1-R.2 | A2-F.1 | A2-R | A3-F.1 | A3-F.2 | A3-R | A4-F.1 | A4-F.3(补) | A4-R.1 | A5-F.1 | A5-F.2 | A5-F.3(补) | A5-R | V5-R.1 | V1_f（SNAP）
17,110,0.8809957498482089,0.8841833636915604,0.9067243472981177,0.8906344869459625,0.932756527018822,0.7404104627963324,0.0,0.7488019878088442,0.0,0.8564356435643564,0.8028169014084507,0.7446062253025882,0.8296262724864036,0.8356630082692712,A1-F | A1-R.1 | A1-R.2 | A2-F.1 | A2-F.2(补) | A3-F.1 | A3-F.2 | A3-R | A4-F.1 | A4-F.3(补) | A4-R.1 | A5-F.1 | A5-F.2 | A5-F.3(补) | A5-R | V5-R.1 | V1_f（SNAP）
17,104,0.8360655737704918,0.839936247723133,0.8786429872495446,0.8515482695810564,0.9070279295689131,0.6259075056837493,0.06592364239981029,0.6269279463507581,0.08006341656757827,0.7772277227722773,0.4225352112676056,0.6264177260172537,0.5998814670199415,0.7111090408687026,A1-F | A1-R.1 | A1-R.2 | A2-F.1 | A2-F.2(补) | A2-R | A3-F.2 | A3-R | A4-F.1 | A4-F.3(补) | A4-R.1 | A5-F.1 | A5-F.2 | A5-F.3(补) | A5-R | V5-R.1 | V1_f（SNAP）
17,104,0.8950364298724954,0.8916211293260473,0.9027777777777778,0.8964784456587735,0.9353369763205829,0.8661271786918244,0.49359734408347167,0.8800496890875721,0.5929449068569164,0.9653465346534653,0.9126760563380282,0.8730884338896983,0.9390112954957468,0.9158122352353426,A1-F | A1-R.1 | A1-R.2 | A2-F.1 | A2-F.2(补) | A2-R | A3-F.1 | A3-R | A4-F.1 | A4-F.3(补) | A4-R.1 | A5-F.1 | A5-F.2 | A5-F.3(补) | A5-R | V5-R.1 | V1_f（SNAP）
17,108,0.8615664845173042,0.8599726775956285,0.8950364298724954,0.8721918639951428,0.9198542805100182,0.7470418849082212,0.0,0.7547209518725061,0.0,0.9158415841584159,0.8225352112676056,0.7508814183903636,0.8691883977130108,0.8466413655377975,A1-F | A1-R.1 | A1-R.2 | A2-F.1 | A2-F.2(补) | A2-R | A3-F.1 | A3-F.2 | A4-F.1 | A4-F.3(补) | A4-R.1 | A5-F.1 | A5-F.2 | A5-F.3(补) | A5-R | V5-R.1 | V1_f（SNAP）
17,104,0.8845628415300546,0.8941256830601093,0.9137067395264117,0.8974650880388585,0.9391317547055252,0.7581604983828131,0.018377993834479488,0.7755000677127485,0.03210463733650416,0.9306930693069307,0.9070422535211268,0.7668302830477808,0.9188676614140288,0.8749432330557783,A1-F | A1-R.1 | A1-R.2 | A2-F.1 | A2-F.2(补) | A2-R | A3-F.1 | A3-F.2 | A3-R | A4-F.3(补) | A4-R.1 | A5-F.1 | A5-F.2 | A5-F.3(补) | A5-R | V5-R.1 | V1_f（SNAP）
17,104,0.9014116575591985,0.8989071038251366,0.9061930783242259,0.902170613236187,0.9410291438979964,0.8927654141793795,0.5533554659710694,0.8990162541748125,0.6686484344034879,0.9158415841584159,0.9014084507042254,0.8958908341770959,0.9086250174313206,0.9151816651688044,A1-F | A1-R.1 | A1-R.2 | A2-F.1 | A2-F.2(补) | A2-R | A3-F.1 | A3-F.2 | A3-R | A4-F.1 | A4-R.1 | A5-F.1 | A5-F.2 | A5-F.3(补) | A5-R | V5-R.1 | V1_f（SNAP）
17,104,0.8843351548269581,0.894808743169399,0.9143897996357013,0.8978445658773527,0.9402701882210079,0.7440463414536654,0.0,0.7552450879766338,0.0,0.8811881188118812,0.8619718309859155,0.7496457147151496,0.8715799748988984,0.853831959278352,A1-F | A1-R.1 | A1-R.2 | A2-F.1 | A2-F.2(补) | A2-R | A3-F.1 | A3-F.2 | A3-R | A4-F.1 | A4-F.3(补) | A5-F.1 | A5-F.2 | A5-F.3(补) | A5-R | V5-R.1 | V1_f（SNAP）
17,104,0.9018670309653917,0.8993624772313297,0.9075591985428051,0.9029295689131756,0.9410291438979964,0.8726082471447503,0.5177851553236898,0.8818235024798394,0.6365437970669837,0.9653465346534653,0.923943661971831,0.8772158748122949,0.9446450983126482,0.9209633723409798,A1-F | A1-R.1 | A1-R.2 | A2-F.1 | A2-F.2(补) | A2-R | A3-F.1 | A3-F.2 | A3-R | A4-F.1 | A4-F.3(补) | A4-R.1 | A5-F.2 | A5-F.3(补) | A5-R | V5-R.1 | V1_f（SNAP）
17,106,0.9012978142076503,0.89867941712204,0.9104052823315119,0.9034608378870673,0.9388661202185792,0.8749935076275098,0.4804363291439412,0.8847895347330171,0.5790725326991677,0.9653465346534653,0.923943661971831,0.8798915211802635,0.9446450983126482,0.9211342465704969,A1-F | A1-R.1 | A1-R.2 | A2-F.1 | A2-F.2(补) | A2-R | A3-F.1 | A3-F.2 | A3-R | A4-F.1 | A4-F.3(补) | A4-R.1 | A5-F.1 | A5-F.3(补) | A5-R | V5-R.1 | V1_f（SNAP）
17,104,0.9009562841530054,0.8984517304189436,0.9048269581056466,0.9014116575591986,0.9405737704918032,0.8898229370161153,0.5476642162674887,0.9011715049347176,0.6702338485929449,0.9207920792079208,0.9098591549295775,0.8954972209754164,0.9153256170687492,0.9171322028453229,A1-F | A1-R.1 | A1-R.2 | A2-F.1 | A2-F.2(补) | A2-R | A3-F.1 | A3-F.2 | A3-R | A4-F.1 | A4-F.3(补) | A4-R.1 | A5-F.1 | A5-F.2 | A5-R | V5-R.1 | V1_f（SNAP）
17,108,0.8806542197935641,0.8964784456587735,0.9050166970248936,0.8940497874924104,0.93158014571949,0.748904908735903,0.0,0.7525632200211348,0.0,0.8514851485148515,0.9042253521126761,0.750734064378519,0.8778552503137638,0.8533898201372576,A1-F | A1-R.1 | A1-R.2 | A2-F.1 | A2-F.2(补) | A2-R | A3-F.1 | A3-F.2 | A3-R | A4-F.1 | A4-F.3(补) | A4-R.1 | A5-F.1 | A5-F.2 | A5-F.3(补) | V5-R.1 | V1_f（SNAP）
17,108,0.8895719489981785,0.889344262295082,0.9086976320582878,0.8958712811171828,0.9341226472374012,0.7394095196797305,0.0,0.7522566835658242,0.0,0.8861386138613861,0.8309859154929577,0.7458331016227773,0.858562264677172,0.8461726711791169,A1-F | A1-R.1 | A1-R.2 | A2-F.1 | A2-F.2(补) | A2-R | A3-F.1 | A3-F.2 | A3-R | A4-F.1 | A4-F.3(补) | A4-R.1 | A5-F.1 | A5-F.2 | A5-F.3(补) | A5-R | V1_f（SNAP）
17,110,0.9009562841530054,0.8984517304189436,0.9061930783242259,0.9018670309653917,0.9405737704918032,0.8931316447793036,0.550628408821437,0.9045776975585545,0.6714229092350377,0.9504950495049505,0.9211267605633803,0.8988546711689291,0.9358109050341654,0.9250797822316326,A1-F | A1-R.1 | A1-R.2 | A2-F.1 | A2-F.2(补) | A2-R | A3-F.1 | A3-F.2 | A3-R | A4-F.1 | A4-F.3(补) | A4-R.1 | A5-F.1 | A5-F.2 | A5-F.3(补) | A5-R | V5-R.1
16,96,0.9053582270795385,0.9074074074074073,0.8990588949605343,0.9039415098158267,0.9395871281117182,0.843302271684528,0.38795352146075407,0.8617698924607815,0.49663099484740386,0.9504950495049505,0.9211267605633803,0.8525360820726547,0.9358109050341654,0.9093113717395127,A1-R.2 | A2-F.1 | A2-F.2(补) | A2-R | A3-F.1 | A3-F.2 | A3-R | A4-F.1 | A4-F.3(补) | A4-R.1 | A5-F.1 | A5-F.2 | A5-F.3(补) | A5-R | V5-R.1 | V1_f（SNAP）
16,98,0.8873709775349119,0.900121432908318,0.9070279295689131,0.8981734466707144,0.9366272009714631,0.8745406917903117,0.44628883092245675,0.8864088539455857,0.5648038049940547,0.9405940594059405,0.9126760563380282,0.8804747728679487,0.9266350578719844,0.9145790105704655,A1-R.1 | A2-F.1 | A2-F.2(补) | A2-R | A3-F.1 | A3-F.2 | A3-R | A4-F.1 | A4-F.3(补) | A4-R.1 | A5-F.1 | A5-F.2 | A5-F.3(补) | A5-R | V5-R.1 | V1_f（SNAP）
16,96,0.8894201578627807,0.8932908318154219,0.9013357619914997,0.8946822505565675,0.938676381299332,0.8493048808104388,0.5047427080863173,0.8557869916830927,0.608402695204122,0.9603960396039604,0.9098591549295775,0.8525459362467658,0.935127597266769,0.9087833049376223,A1-R.1 | A1-R.2 | A2-F.2(补) | A2-R | A3-F.1 | A3-F.2 | A3-R | A4-F.1 | A4-F.3(补) | A4-R.1 | A5-F.1 | A5-F.2 | A5-F.3(补) | A5-R | V5-R.1 | V1_f（SNAP）
16,100,0.8985276259866423,0.8978445658773527,0.9054341226472373,0.9006021048370775,0.9393594414086216,0.8911477901470414,0.5450557268200142,0.9025809144245873,0.6650812524772096,0.9603960396039604,0.9042253521126761,0.8968643522858144,0.9323106958583183,0.9228448298509181,A1-R.1 | A1-R.2 | A2-F.1 | A2-R | A3-F.1 | A3-F.2 | A3-R | A4-F.1 | A4-F.3(补) | A4-R.1 | A5-F.1 | A5-F.2 | A5-F.3(补) | A5-R | V5-R.1 | V1_f（SNAP）
16,102,0.8776563448694596,0.882361870066788,0.9047510625379478,0.8882564258247317,0.9316939890710382,0.7372302405634164,0.0,0.7466752921362543,0.0,0.8564356435643564,0.8028169014084507,0.7419527663498353,0.8296262724864036,0.8344243426357592,A1-R.1 | A1-R.2 | A2-F.1 | A2-F.2(补) | A3-F.1 | A3-F.2 | A3-R | A4-F.1 | A4-F.3(补) | A4-R.1 | A5-F.1 | A5-F.2 | A5-F.3(补) | A5-R | V5-R.1 | V1_f（SNAP）
16,96,0.8334092289010321,0.8372040072859745,0.8771250758955677,0.8492461040275248,0.9064207650273224,0.6227272834508334,0.06426369456959924,0.6248012506781683,0.08006341656757827,0.7772277227722773,0.4197183098591549,0.6237642670645008,0.5984730163157161,0.7095526828025132,A1-R.1 | A1-R.2 | A2-F.1 | A2-F.2(补) | A2-R | A3-F.2 | A3-R | A4-F.1 | A4-F.3(补) | A4-R.1 | A5-F.1 | A5-F.2 | A5-F.3(补) | A5-R | V5-R.1 | V1_f（SNAP）
16,96,0.8930631451123253,0.8910139647844565,0.9024741955069824,0.8955171018012548,0.9341226472374012,0.8629469564589084,0.48577187574104813,0.877922993414982,0.5850178359096314,0.9653465346534653,0.9126760563380282,0.8704349749369452,0.9390112954957468,0.9145229725566978,A1-R.1 | A1-R.2 | A2-F.1 | A2-F.2(补) | A2-R | A3-F.1 | A3-R | A4-F.1 | A4-F.3(补) | A4-R.1 | A5-F.1 | A5-F.2 | A5-F.3(补) | A5-R | V5-R.1 | V1_f（SNAP）
16,100,0.8595931997571341,0.8586065573770492,0.8923800850030358,0.8701932807124063,0.9181086824529446,0.7438616626753051,0.0,0.7525942561999162,0.0,0.9158415841584159,0.8225352112676056,0.7482279594376107,0.8691883977130108,0.8451750132011887,A1-R.1 | A1-R.2 | A2-F.1 | A2-F.2(补) | A2-R | A3-F.1 | A3-F.2 | A4-F.1 | A4-F.3(补) | A4-R.1 | A5-F.1 | A5-F.2 | A5-F.3(补) | A5-R | V5-R.1 | V1_f（SNAP）
16,96,0.8798573163327261,0.8912416514875531,0.9108986035215543,0.8939991904472778,0.9379174256223436,0.7549802761498972,0.018140858430163623,0.7733733720401584,0.031311930241775664,0.9306930693069307,0.9070422535211268,0.7641768240950277,0.9188676614140288,0.8736539703771333,A1-R.1 | A1-R.2 | A2-F.1 | A2-F.2(补) | A2-R | A3-F.1 | A3-F.2 | A3-R | A4-F.3(补) | A4-R.1 | A5-F.1 | A5-F.2 | A5-F.3(补) | A5-R | V5-R.1 | V1_f（SNAP）
16,96,0.8994383727990285,0.8982999392835458,0.9058894960534305,0.9012092693786683,0.9398148148148147,0.8895851919464635,0.5438700497984349,0.8968895585022224,0.6607213634562029,0.9158415841584159,0.9014084507042254,0.893237375224343,0.9086250174313206,0.9138924024901595,A1-R.1 | A1-R.2 | A2-F.1 | A2-F.2(补) | A2-R | A3-F.1 | A3-F.2 | A3-R | A4-F.1 | A4-R.1 | A5-F.1 | A5-F.2 | A5-F.3(补) | A5-R | V5-R.1 | V1_f（SNAP）
16,96,0.8798573163327261,0.8921523982999392,0.9118093503339405,0.8946063549888685,0.9390558591378263,0.7408661192207493,0.0,0.7531183923040439,0.0,0.8811881188118812,0.8619718309859155,0.7469922557623966,0.8715799748988984,0.852542696599707,A1-R.1 | A1-R.2 | A2-F.1 | A2-F.2(补) | A2-R | A3-F.1 | A3-F.2 | A3-R | A4-F.1 | A4-F.3(补) | A5-F.1 | A5-F.2 | A5-F.3(补) | A5-R | V5-R.1 | V1_f（SNAP）
16,96,0.8998937462052216,0.8982999392835458,0.9068002428658166,0.9016646427848615,0.9398148148148147,0.8694280249118342,0.508655442257529,0.8796968068072494,0.6286167261196988,0.9653465346534653,0.923943661971831,0.8745624158595418,0.9446450983126482,0.9196741096623349,A1-R.1 | A1-R.2 | A2-F.1 | A2-F.2(补) | A2-R | A3-F.1 | A3-F.2 | A3-R | A4-F.1 | A4-F.3(补) | A4-R.1 | A5-F.2 | A5-F.3(补) | A5-R | V5-R.1 | V1_f（SNAP）
16,98,0.8997799028536733,0.8980722525804492,0.9087355798421372,0.9021959117587532,0.9376517911353975,0.8718132853945938,0.4717808868864121,0.8826628390604273,0.5731272294887039,0.9653465346534653,0.923943661971831,0.8772380622275106,0.9446450983126482,0.9198449838918522,A1-R.1 | A1-R.2 | A2-F.1 | A2-F.2(补) | A2-R | A3-F.1 | A3-F.2 | A3-R | A4-F.1 | A4-F.3(补) | A4-R.1 | A5-F.1 | A5-F.3(补) | A5-R | V5-R.1 | V1_f（SNAP）
16,96,0.8989829993928354,0.8978445658773527,0.9045233758348512,0.9004503137016798,0.9393594414086216,0.8866427147831992,0.53841593549917,0.8990448092621276,0.6623067776456599,0.9207920792079208,0.9098591549295775,0.8928437620226635,0.9153256170687492,0.915842940166678,A1-R.1 | A1-R.2 | A2-F.1 | A2-F.2(补) | A2-R | A3-F.1 | A3-F.2 | A3-R | A4-F.1 | A4-F.3(补) | A4-R.1 | A5-F.1 | A5-F.2 | A5-R | V5-R.1 | V1_f（SNAP）
16,100,0.8788327261687918,0.8955676988463874,0.9029675166970248,0.8924559805707347,0.9302140255009107,0.745724686502987,0.0,0.7504365243485449,0.0,0.8514851485148515,0.9042253521126761,0.7480806054257659,0.8778552503137638,0.85204996041348,A1-R.1 | A1-R.2 | A2-F.1 | A2-F.2(补) | A2-R | A3-F.1 | A3-F.2 | A3-R | A4-F.1 | A4-F.3(补) | A4-R.1 | A5-F.1 | A5-F.2 | A5-F.3(补) | V5-R.1 | V1_f（SNAP）
16,100,0.8875986642380085,0.8884335154826958,0.9053582270795385,0.8937968022667476,0.9330601092896175,0.7362292974468144,0.0,0.7501299878932343,0.0,0.8861386138613861,0.8309859154929577,0.7431796426700243,0.858562264677172,0.8449340055456046,A1-R.1 | A1-R.2 | A2-F.1 | A2-F.2(补) | A2-R | A3-F.1 | A3-F.2 | A3-R | A4-F.1 | A4-F.3(补) | A4-R.1 | A5-F.1 | A5-F.2 | A5-F.3(补) | A5-R | V1_f（SNAP）
16,102,0.9060412871888281,0.9142380085003036,0.9129477838494232,0.9110756931795182,0.9300242865816636,0.7533123869878483,0.0,0.7643360841532235,0.0,0.9257425742574258,0.9070422535211268,0.7588242355705359,0.9163924138892763,0.8684136453471586,A1-R.1 | A1-R.2 | A2-F.1 | A2-F.2(补) | A2-R | A3-F.1 | A3-F.2 | A3-R | A4-F.1 | A4-F.3(补) | A4-R.1 | A5-F.1 | A5-F.2 | A5-F.3(补) | A5-R | V5-R.1
15,92,0.9049028536733454,0.9074074074074073,0.8990588949605343,0.903789718680429,0.9395871281117182,0.8430051831521453,0.38795352146075407,0.8608926994783254,0.49663099484740386,0.9455445544554455,0.9014084507042254,0.8519489413152354,0.9234765025798355,0.9050041906689298,A1-R.2 | A2-F.1 | A2-R | A3-F.1 | A3-F.2 | A3-R | A4-F.1 | A4-F.3(补) | A4-R.1 | A5-F.1 | A5-F.2 | A5-F.3(补) | A5-R | V5-R.1 | V1_f（SNAP）
15,94,0.8869156041287188,0.900121432908318,0.9070279295689131,0.8980216555353167,0.9366272009714631,0.874243603257929,0.44628883092245675,0.8855316609631296,0.5648038049940547,0.9356435643564357,0.8929577464788733,0.8798876321105293,0.9143006554176545,0.9102718294998823,A1-R.1 | A2-F.1 | A2-R | A3-F.1 | A3-F.2 | A3-R | A4-F.1 | A4-F.3(补) | A4-R.1 | A5-F.1 | A5-F.2 | A5-F.3(补) | A5-R | V5-R.1 | V1_f（SNAP）
15,92,0.8776563448694596,0.882361870066788,0.9047510625379478,0.8882564258247317,0.9316939890710382,0.7372302405634164,0.0,0.7466752921362543,0.0,0.8564356435643564,0.8028169014084507,0.7419527663498353,0.8296262724864036,0.8344243426357592,A1-R.1 | A1-R.2 | A2-R | A3-F.1 | A3-F.2 | A3-R | A4-F.1 | A4-F.3(补) | A4-R.1 | A5-F.1 | A5-F.2 | A5-F.3(补) | A5-R | V5-R.1 | V1_f（SNAP）
15,98,0.8776563448694596,0.882361870066788,0.9047510625379478,0.8882564258247317,0.9316939890710382,0.7372302405634164,0.0,0.7466752921362543,0.0,0.8564356435643564,0.8028169014084507,0.7419527663498353,0.8296262724864036,0.8344243426357592,A1-R.1 | A1-R.2 | A2-F.1 | A3-F.1 | A3-F.2 | A3-R | A4-F.1 | A4-F.3(补) | A4-R.1 | A5-F.1 | A5-F.2 | A5-F.3(补) | A5-R | V5-R.1 | V1_f（SNAP）
15,92,0.8334092289010321,0.8372040072859745,0.8775804493017607,0.8493978951629225,0.9062689738919246,0.6224301949184506,0.06426369456959924,0.6239240576957121,0.08006341656757827,0.7574257425742574,0.4169014084507042,0.6231771263070813,0.5871635755124809,0.7055365585704957,A1-R.1 | A1-R.2 | A2-F.1 | A2-R | A3-F.2 | A3-R | A4-F.1 | A4-F.3(补) | A4-R.1 | A5-F.1 | A5-F.2 | A5-F.3(补) | A5-R | V5-R.1 | V1_f（SNAP）
15,92,0.8926077717061323,0.8910139647844565,0.9024741955069824,0.895365310665857,0.9341226472374012,0.8626498679265258,0.48577187574104813,0.8770458004325259,0.5850178359096314,0.9603960396039604,0.8929577464788733,0.8698478341795258,0.9266768930414169,0.9102157914861145,A1-R.1 | A1-R.2 | A2-F.1 | A2-R | A3-F.1 | A3-R | A4-F.1 | A4-F.3(补) | A4-R.1 | A5-F.1 | A5-F.2 | A5-F.3(补) | A5-R | V5-R.1 | V1_f（SNAP）
15,96,0.859137826350941,0.8586065573770492,0.8928354584092288,0.8701932807124063,0.9181086824529446,0.7435645741429224,0.0,0.75171706321746,0.0,0.9158415841584159,0.8140845070422535,0.7476408186801913,0.8649630456003348,0.8435708489111567,A1-R.1 | A1-R.2 | A2-F.1 | A2-R | A3-F.1 | A3-F.2 | A4-F.1 | A4-F.3(补) | A4-R.1 | A5-F.1 | A5-F.2 | A5-F.3(补) | A5-R | V5-R.1 | V1_f（SNAP）
15,92,0.8794019429265331,0.8912416514875531,0.9108986035215543,0.8938473993118802,0.9379174256223436,0.7546831876175144,0.018140858430163623,0.7724961790577024,0.031311930241775664,0.9257425742574258,0.8873239436619719,0.7635896833376083,0.9065332589596988,0.8693467893065504,A1-R.1 | A1-R.2 | A2-F.1 | A2-R | A3-F.1 | A3-F.2 | A3-R | A4-F.3(补) | A4-R.1 | A5-F.1 | A5-F.2 | A5-F.3(补) | A5-R | V5-R.1 | V1_f（SNAP）
15,92,0.8989829993928354,0.8982999392835458,0.9058894960534305,0.9010574782432705,0.9398148148148147,0.8892881034140808,0.5438700497984349,0.8960123655197664,0.6607213634562029,0.9108910891089109,0.8788732394366198,0.8926502344669236,0.8948821642727653,0.9091157378515012,A1-R.1 | A1-R.2 | A2-F.1 | A2-R | A3-F.1 | A3-F.2 | A3-R | A4-F.1 | A4-R.1 | A5-F.1 | A5-F.2 | A5-F.3(补) | A5-R | V5-R.1 | V1_f（SNAP）
15,92,0.8794019429265331,0.8921523982999392,0.9118093503339405,0.894454563853471,0.9390558591378263,0.7405690306883667,0.0,0.7522411993215877,0.0,0.8762376237623762,0.8394366197183099,0.7464051150049772,0.8578371217403431,0.8477660319610489,A1-R.1 | A1-R.2 | A2-F.1 | A2-R | A3-F.1 | A3-F.2 | A3-R | A4-F.1 | A4-F.3(补) | A5-F.1 | A5-F.2 | A5-F.3(补) | A5-R | V5-R.1 | V1_f（SNAP）
15,92,0.8994383727990285,0.8982999392835458,0.9068002428658166,0.9015128516494636,0.9398148148148147,0.8691309363794515,0.508655442257529,0.8788196138247933,0.6286167261196988,0.9603960396039604,0.9042253521126761,0.8739752751021224,0.9323106958583183,0.9153669285917517,A1-R.1 | A1-R.2 | A2-F.1 | A2-R | A3-F.1 | A3-F.2 | A3-R | A4-F.1 | A4-F.3(补) | A4-R.1 | A5-F.2 | A5-F.3(补) | A5-R | V5-R.1 | V1_f（SNAP）
15,94,0.8993245294474802,0.8980722525804492,0.9087355798421372,0.9020441206233555,0.9376517911353975,0.8715161968622113,0.4717808868864121,0.881785646077971,0.5731272294887039,0.9603960396039604,0.9042253521126761,0.8766509214700912,0.9323106958583183,0.915537802821269,A1-R.1 | A1-R.2 | A2-F.1 | A2-R | A3-F.1 | A3-F.2 | A3-R | A4-F.1 | A4-F.3(补) | A4-R.1 | A5-F.1 | A5-F.3(补) | A5-R | V5-R.1 | V1_f（SNAP）
15,92,0.8985276259866423,0.8978445658773527,0.9045233758348512,0.9002985225662821,0.9393594414086216,0.8863456262508166,0.53841593549917,0.8981676162796715,0.6623067776456599,0.9158415841584159,0.8901408450704226,0.8922566212652441,0.9029912146144192,0.911535759096095,A1-R.1 | A1-R.2 | A2-F.1 | A2-R | A3-F.1 | A3-F.2 | A3-R | A4-F.1 | A4-F.3(补) | A4-R.1 | A5-F.1 | A5-F.2 | A5-R | V5-R.1 | V1_f（SNAP）
15,96,0.8783773527625987,0.8955676988463874,0.9029675166970248,0.892304189435337,0.9302140255009107,0.7454275979706043,0.0,0.7495593313660887,0.0,0.8465346534653465,0.8816901408450705,0.7474934646683464,0.8641123971552085,0.8472732957748219,A1-R.1 | A1-R.2 | A2-F.1 | A2-R | A3-F.1 | A3-F.2 | A3-R | A4-F.1 | A4-F.3(补) | A4-R.1 | A5-F.1 | A5-F.2 | A5-F.3(补) | V5-R.1 | V1_f（SNAP）
15,96,0.8875986642380085,0.8884335154826958,0.9053582270795385,0.8937968022667476,0.9329083181542197,0.7359322089144318,0.0,0.749252794910778,0.0,0.8861386138613861,0.8253521126760563,0.742592501912605,0.8557453632687213,0.8437487277785154,A1-R.1 | A1-R.2 | A2-F.1 | A2-R | A3-F.1 | A3-F.2 | A3-R | A4-F.1 | A4-F.3(补) | A4-R.1 | A5-F.1 | A5-F.2 | A5-F.3(补) | A5-R | V1_f（SNAP）
15,98,0.905585913782635,0.9142380085003036,0.9129477838494232,0.9109239020441205,0.9300242865816636,0.7530152984554656,0.0,0.7634588911707675,0.0,0.9207920792079208,0.8901408450704226,0.7582370948131165,0.9054664621391717,0.8645759478446505,A1-R.1 | A1-R.2 | A2-F.1 | A2-R | A3-F.1 | A3-F.2 | A3-R | A4-F.1 | A4-F.3(补) | A4-R.1 | A5-F.1 | A5-F.2 | A5-F.3(补) | A5-R | V5-R.1
14,86,0.9086596842744383,0.9087735276259866,0.9025880388585307,0.9066737502529852,0.9381071645415906,0.823373589867315,0.32546834242352385,0.840097431131709,0.4149821640903686,0.9455445544554455,0.9014084507042254,0.831735510499512,0.9234765025798355,0.8977730592069794,A1-R.2 | A2-F.1 | A2-R | A3-F.1 | A3-F.2 | A3-R | A4-F.1 | A4-F.3(补) | A4-R.1 | A5-F.1 | A5-F.3(补) | A5-R | V5-R.1 | V1_f（SNAP）
14,88,0.9025121432908317,0.9005768063145112,0.9071417729204614,0.9034102408419349,0.934464177292046,0.8546120099730988,0.39008774009959685,0.8647363926165135,0.49544193420531113,0.9356435643564357,0.8929577464788733,0.8596742012948062,0.9143006554176545,0.9028130113348357,A1-R.1 | A2-F.1 | A2-R | A3-F.1 | A3-F.2 | A3-R | A4-F.1 | A4-F.3(补) | A4-R.1 | A5-F.1 | A5-F.3(补) | A5-R | V5-R.1 | V1_f（SNAP）
14,86,0.8824377656344871,0.8844110503946568,0.9024741955069824,0.8897743371787087,0.9315421979356405,0.7175986472785861,0.0,0.7258800237896381,0.0,0.8564356435643564,0.8028169014084507,0.7217393355341122,0.8296262724864036,0.8276359353187187,A1-R.1 | A1-R.2 | A2-R | A3-F.1 | A3-F.2 | A3-R | A4-F.1 | A4-F.3(补) | A4-R.1 | A5-F.1 | A5-F.3(补) | A5-R | V5-R.1 | V1_f（SNAP）
14,92,0.8824377656344871,0.8844110503946568,0.9024741955069824,0.8897743371787087,0.9315421979356405,0.7175986472785861,0.0,0.7258800237896381,0.0,0.8564356435643564,0.8028169014084507,0.7217393355341122,0.8296262724864036,0.8276359353187187,A1-R.1 | A1-R.2 | A2-F.1 | A3-F.1 | A3-F.2 | A3-R | A4-F.1 | A4-F.3(补) | A4-R.1 | A5-F.1 | A5-F.3(补) | A5-R | V5-R.1 | V1_f（SNAP）
14,86,0.8285898603521554,0.8327261687917424,0.8715467516697024,0.8442875936045334,0.9000834851244687,0.6027986016336204,0.061892340526440597,0.603128789349096,0.07689258818866429,0.7574257425742574,0.4169014084507042,0.6029636954913582,0.5871635755124809,0.6967369187094358,A1-R.1 | A1-R.2 | A2-F.1 | A2-R | A3-F.2 | A3-R | A4-F.1 | A4-F.3(补) | A4-R.1 | A5-F.1 | A5-F.3(补) | A5-R | V5-R.1 | V1_f（SNAP）
14,86,0.8934046751669702,0.8912416514875531,0.9057756527018822,0.8968073264521351,0.9324149969641773,0.8430182746416954,0.414394119041973,0.8562505320859098,0.49623464130003964,0.9603960396039604,0.8929577464788733,0.8496344033638026,0.9266768930414169,0.9029087644564656,A1-R.1 | A1-R.2 | A2-F.1 | A2-R | A3-F.1 | A3-R | A4-F.1 | A4-F.3(补) | A4-R.1 | A5-F.1 | A5-F.3(补) | A5-R | V5-R.1 | V1_f（SNAP）
14,90,0.8565194292653309,0.85724043715847,0.8854356405585914,0.866398502327464,0.9128339404978749,0.7239329808580922,0.0,0.7309217948708437,0.0,0.9158415841584159,0.8140845070422535,0.7274273878644679,0.8649630456003348,0.8350747913208926,A1-R.1 | A1-R.2 | A2-F.1 | A2-R | A3-F.1 | A3-F.2 | A4-F.1 | A4-F.3(补) | A4-R.1 | A5-F.1 | A5-F.3(补) | A5-R | V5-R.1 | V1_f（SNAP）
14,86,0.8783773527625985,0.8860048573163326,0.9064587128111717,0.8902803076300342,0.9343882817243472,0.7350515943326842,0.01742945221721603,0.7517009107110861,0.030915576694411414,0.9257425742574258,0.8873239436619719,0.7433762525218852,0.9065332589596988,0.8614325977353104,A1-R.1 | A1-R.2 | A2-F.1 | A2-R | A3-F.1 | A3-F.2 | A3-R | A4-F.3(补) | A4-R.1 | A5-F.1 | A5-F.3(补) | A5-R | V5-R.1 | V1_f（SNAP）
14,86,0.8997799028536733,0.8985276259866423,0.9091909532483302,0.9024994940295485,0.9381071645415906,0.8696565101292506,0.47059520986483283,0.8752170971731502,0.5687673404676972,0.9108910891089109,0.8788732394366198,0.8724368036512005,0.8948821642727653,0.9018087108218521,A1-R.1 | A1-R.2 | A2-F.1 | A2-R | A3-F.1 | A3-F.2 | A3-R | A4-F.1 | A4-R.1 | A5-F.1 | A5-F.3(补) | A5-R | V5-R.1 | V1_f（SNAP）
14,86,0.8783773527625985,0.8869156041287188,0.907369459623558,0.8908874721716251,0.9355267152398299,0.7209374374035364,0.0,0.7314459309749715,0.0,0.8762376237623762,0.8394366197183099,0.726191684189254,0.8578371217403431,0.8398518403898091,A1-R.1 | A1-R.2 | A2-F.1 | A2-R | A3-F.1 | A3-F.2 | A3-R | A4-F.1 | A4-F.3(补) | A5-F.1 | A5-F.3(补) | A5-R | V5-R.1 | V1_f（SNAP）
14,86,0.8915831815421978,0.8939738919247116,0.9003111718275653,0.8952894150981582,0.9326426836672737,0.8202809218943075,0.31562722314441544,0.8201431871000444,0.36583432421720175,0.9504950495049505,0.9014084507042254,0.8202120544971759,0.925951750104588,0.8929354960896791,A1-R.1 | A1-R.2 | A2-F.1 | A2-R | A3-F.1 | A3-F.2 | A3-R | A4-F.1 | A4-F.3(补) | A4-R.1 | A5-F.3(补) | A5-R | V5-R.1 | V1_f（SNAP）
14,86,0.8993245294474802,0.8980722525804492,0.9082802064359441,0.9018923294879579,0.9376517911353975,0.8652059124360965,0.46454825705477826,0.8738443747743522,0.5675782798256045,0.8910891089108911,0.8901408450704226,0.8695251436052243,0.8906149769906568,0.8992639705770928,A1-R.1 | A1-R.2 | A2-F.1 | A2-R | A3-F.1 | A3-F.2 | A3-R | A4-F.1 | A4-F.3(补) | A4-R.1 | A5-F.1 | A5-R | V5-R.1 | V1_f（SNAP）
14,90,0.8783773527625987,0.8955676988463874,0.9029675166970248,0.892304189435337,0.9302140255009107,0.7454275979706043,0.0,0.7495593313660887,0.0,0.8465346534653465,0.8816901408450705,0.7474934646683464,0.8641123971552085,0.8472732957748219,A1-R.1 | A1-R.2 | A2-F.1 | A2-R | A3-F.1 | A3-F.2 | A3-R | A4-F.1 | A4-F.3(补) | A4-R.1 | A5-F.1 | A5-F.3(补) | V5-R.1 | V1_f（SNAP）
14,90,0.8883955676988463,0.8882058287795993,0.9038023679417122,0.8934679214733858,0.9308970856102003,0.7163006156296015,0.0,0.728457526564162,0.0,0.8861386138613861,0.8253521126760563,0.7223790710968817,0.8557453632687213,0.8363405066586012,A1-R.1 | A1-R.2 | A2-F.1 | A2-R | A3-F.1 | A3-F.2 | A3-R | A4-F.1 | A4-F.3(补) | A4-R.1 | A5-F.1 | A5-F.3(补) | A5-R | V1_f（SNAP）
14,92,0.9116196114146933,0.9096842744383727,0.9094186399514268,0.9102408419348308,0.9258120825743776,0.7333837051706353,0.0,0.7426636228241513,0.0,0.9207920792079208,0.8901408450704226,0.7380236639973934,0.9054664621391717,0.8564340695703142,A1-R.1 | A1-R.2 | A2-F.1 | A2-R | A3-F.1 | A3-F.2 | A3-R | A4-F.1 | A4-F.3(补) | A4-R.1 | A5-F.1 | A5-F.3(补) | A5-R | V5-R.1
13,78,0.9025121432908317,0.902170613236187,0.8966681845780206,0.9004503137016798,0.9326426836672737,0.7948756676467993,0.28930519326535453,0.8145623171396478,0.3626634958382878,0.9455445544554455,0.8901408450704226,0.8047189923932235,0.9178426997629341,0.8850681252744771,A1-R.2 | A2-F.1 | A2-R | A3-F.1 | A3-R | A4-F.1 | A4-F.3(补) | A4-R.1 | A5-F.1 | A5-F.3(补) | A5-R | V5-R.1 | V1_f（SNAP）
13,80,0.8977307225258044,0.8948846387370977,0.9011460230722526,0.8979204614450516,0.9287720097146326,0.8261140877525831,0.3509603983874793,0.8392012786244522,0.450653983353151,0.9356435643564357,0.8816901408450705,0.8326576831885176,0.9086668526007531,0.8900321818346345,A1-R.1 | A2-F.1 | A2-R | A3-F.1 | A3-R | A4-F.1 | A4-F.3(补) | A4-R.1 | A5-F.1 | A5-F.3(补) | A5-R | V5-R.1 | V1_f（SNAP）
13,78,0.8696873102610808,0.8693837279902853,0.8972374013357619,0.8787694798623761,0.9249392835458409,0.6891007250580703,0.0,0.7003449097975768,0.0,0.8564356435643564,0.7859154929577464,0.6947228174278235,0.8211755682610514,0.8136125564115719,A1-R.1 | A1-R.2 | A2-R | A3-F.1 | A3-R | A4-F.1 | A4-F.3(补) | A4-R.1 | A5-F.1 | A5-F.3(补) | A5-R | V5-R.1 | V1_f（SNAP）
13,84,0.8696873102610808,0.8693837279902853,0.8972374013357619,0.8787694798623761,0.9249392835458409,0.6891007250580703,0.0,0.7003449097975768,0.0,0.8564356435643564,0.7859154929577464,0.6947228174278235,0.8211755682610514,0.8136125564115719,A1-R.1 | A1-R.2 | A2-F.1 | A3-F.1 | A3-R | A4-F.1 | A4-F.3(补) | A4-R.1 | A5-F.1 | A5-F.3(补) | A5-R | V5-R.1 | V1_f（SNAP）
13,78,0.8231253794778385,0.8263509411050394,0.8694975713418336,0.8396579639749039,0.8948466909532483,0.5687173996254824,0.0,0.5775936753570345,0.0,0.7574257425742574,0.3408450704225352,0.5731555374912585,0.5491354064983963,0.6723792116476344,A1-R.1 | A1-R.2 | A2-F.1 | A2-R | A3-R | A4-F.1 | A4-F.3(补) | A4-R.1 | A5-F.1 | A5-F.3(补) | A5-R | V5-R.1 | V1_f（SNAP）
13,82,0.8537871888281724,0.8540528233151184,0.8829310868245294,0.8635903663226068,0.9107847601700061,0.7097080189798588,0.0,0.7181542378748131,0.0,0.9158415841584159,0.8028169014084507,0.713931128427336,0.8593292427834334,0.8280150437935919,A1-R.1 | A1-R.2 | A2-F.1 | A2-R | A3-F.1 | A4-F.1 | A4-F.3(补) | A4-R.1 | A5-F.1 | A5-F.3(补) | A5-R | V5-R.1 | V1_f（SNAP）
13,78,0.8665376442015785,0.8762143290831814,0.8991727383120826,0.8806415705322809,0.9277853673345476,0.7065536721121685,0.017192316812900166,0.7261657967190249,0.030519223147047168,0.9257425742574258,0.8732394366197183,0.7163597344155967,0.8994910054385721,0.8478787023962387,A1-R.1 | A1-R.2 | A2-F.1 | A2-R | A3-F.1 | A3-R | A4-F.3(补) | A4-R.1 | A5-F.1 | A5-F.3(补) | A5-R | V5-R.1 | V1_f（SNAP）
13,78,0.8938600485731633,0.8916970248937461,0.9062310261080753,0.8972626998583282,0.9328703703703702,0.8411585879087349,0.41320844202039364,0.8496819831810889,0.4918747522790329,0.9108910891089109,0.8676056338028169,0.8454202855449119,0.889248361455864,0.8891796724570487,A1-R.1 | A1-R.2 | A2-F.1 | A2-R | A3-F.1 | A3-R | A4-F.1 | A4-R.1 | A5-F.1 | A5-F.3(补) | A5-R | V5-R.1 | V1_f（SNAP）
13,78,0.8665376442015785,0.8771250758955677,0.9003111718275653,0.8813246306415704,0.9289238008500302,0.6924395151830206,0.0,0.7059108169829102,0.0,0.8762376237623762,0.8225352112676056,0.6991751660829655,0.849386417514991,0.8258284614826623,A1-R.1 | A1-R.2 | A2-F.1 | A2-R | A3-F.1 | A3-R | A4-F.1 | A4-F.3(补) | A5-F.1 | A5-F.3(补) | A5-R | V5-R.1 | V1_f（SNAP）
13,78,0.8842972070431087,0.8844110503946568,0.8946190042501517,0.8877757538959724,0.9285443230115361,0.7917829996737918,0.29416646905382976,0.7946080731079832,0.34244946492271106,0.9504950495049505,0.8901408450704226,0.7931955363908876,0.9203179472876866,0.8806859355633702,A1-R.1 | A1-R.2 | A2-F.1 | A2-R | A3-F.1 | A3-R | A4-F.1 | A4-F.3(补) | A4-R.1 | A5-F.3(补) | A5-R | V5-R.1 | V1_f（SNAP）
13,78,0.8934046751669702,0.8912416514875531,0.9053202792956891,0.8966555353167376,0.9324149969641773,0.8367079902155808,0.4071614892103391,0.8483092607822907,0.49068569163694015,0.8910891089108911,0.8788732394366198,0.8425086254989358,0.8849811741737554,0.8866349322122895,A1-R.1 | A1-R.2 | A2-F.1 | A2-R | A3-F.1 | A3-R | A4-F.1 | A4-F.3(补) | A4-R.1 | A5-F.1 | A5-R | V5-R.1 | V1_f（SNAP）
13,82,0.8673724954462659,0.8821341833636916,0.8969717668488161,0.8821594818862578,0.9242941712204007,0.7169296757500886,0.0,0.7240242173740274,0.0,0.8465346534653465,0.8704225352112676,0.720476946562058,0.8584785943383071,0.8344165707069219,A1-R.1 | A1-R.2 | A2-F.1 | A2-R | A3-F.1 | A3-R | A4-F.1 | A4-F.3(补) | A4-R.1 | A5-F.1 | A5-F.3(补) | V5-R.1 | V1_f（SNAP）
13,82,0.8827034001214329,0.8816029143897997,0.8997040072859745,0.888003440599069,0.9258879781420765,0.7020276552873189,0.0,0.7156899695681314,0.0,0.8861386138613861,0.8140845070422535,0.7088588124277251,0.8501115604518199,0.8282861170072072,A1-R.1 | A1-R.2 | A2-F.1 | A2-R | A3-F.1 | A3-R | A4-F.1 | A4-F.3(补) | A4-R.1 | A5-F.1 | A5-F.3(补) | A5-R | V1_f（SNAP）
13,84,0.9063828172434729,0.9035367334547661,0.9037264723740133,0.9045486743574175,0.9198922282938676,0.7048857829501196,0.0,0.71712850883209,0.0,0.9207920792079208,0.8732394366197183,0.7110071458911048,0.8970157579138196,0.842638377366264,A1-R.1 | A1-R.2 | A2-F.1 | A2-R | A3-F.1 | A3-R | A4-F.1 | A4-F.3(补) | A4-R.1 | A5-F.1 | A5-F.3(补) | A5-R | V5-R.1
12,72,0.9063828172434729,0.9035367334547661,0.9037264723740133,0.9045486743574175,0.9198922282938676,0.7048857829501196,0.0,0.71712850883209,0.0,0.9207920792079208,0.8732394366197183,0.7110071458911048,0.8970157579138196,0.842638377366264,A2-F.1 | A2-R | A3-F.1 | A3-R | A4-F.1 | A4-F.3(补) | A4-R.1 | A5-F.1 | A5-F.3(补) | A5-R | V5-R.1 | V1_f（SNAP）
12,72,0.8692319368548878,0.8545840922890102,0.8865361262902246,0.8701173851447076,0.9178809957498482,0.6721965381689581,0.0,0.6832956563361191,0.0,0.8366336633663366,0.780281690140845,0.6777460972525386,0.8084576767535908,0.8013615899186592,A1-R.1 | A2-R | A3-F.1 | A3-R | A4-F.1 | A4-F.3(补) | A4-R.1 | A5-F.1 | A5-F.3(补) | A5-R | V5-R.1 | V1_f（SNAP）
12,78,0.8692319368548878,0.8545840922890102,0.8865361262902246,0.8701173851447076,0.9178809957498482,0.6721965381689581,0.0,0.6832956563361191,0.0,0.8366336633663366,0.780281690140845,0.6777460972525386,0.8084576767535908,0.8013615899186592,A1-R.1 | A2-F.1 | A3-F.1 | A3-R | A4-F.1 | A4-F.3(补) | A4-R.1 | A5-F.1 | A5-F.3(补) | A5-R | V5-R.1 | V1_f（SNAP）
12,72,0.8263888888888888,0.8268063145112324,0.8609972677595629,0.838064157053228,0.8887750455373407,0.5518132127363701,0.0,0.5605444218955771,0.0,0.7376237623762376,0.323943661971831,0.5561788173159736,0.5307837121740343,0.6585791916757828,A1-R.1 | A2-F.1 | A2-R | A3-R | A4-F.1 | A4-F.3(补) | A4-R.1 | A5-F.1 | A5-F.3(补) | A5-R | V5-R.1 | V1_f（SNAP）
12,76,0.8558363691560412,0.8515482695810564,0.8776183970856102,0.8616676786075693,0.9066105039465695,0.6928038320907465,0.0,0.7011049844133556,0.0,0.8811881188118812,0.7887323943661971,0.696954408252051,0.8349602565890392,0.8128417229292199,A1-R.1 | A2-F.1 | A2-R | A3-F.1 | A4-F.1 | A4-F.3(补) | A4-R.1 | A5-F.1 | A5-F.3(补) | A5-R | V5-R.1 | V1_f（SNAP）
12,72,0.8729128718882817,0.8732544019429265,0.8918867638129933,0.8793513458814005,0.9228521554341226,0.689649485223056,0.013279582641688404,0.7091165432575672,0.028141101862861673,0.8960396039603961,0.8619718309859155,0.6993830142403117,0.8790057174731558,0.8337469623825301,A1-R.1 | A2-F.1 | A2-R | A3-F.1 | A3-R | A4-F.3(补) | A4-R.1 | A5-F.1 | A5-F.3(补) | A5-R | V5-R.1 | V1_f（SNAP）
12,72,0.8981860959319975,0.8953400121432907,0.9020567698846387,0.8985276259866423,0.9292273831208258,0.8242544010196224,0.34977472136589993,0.8326327297196312,0.4466904478795085,0.8861386138613861,0.856338028169014,0.8284435653696268,0.8712383210152002,0.8763030898352175,A1-R.1 | A2-F.1 | A2-R | A3-F.1 | A3-R | A4-F.1 | A4-R.1 | A5-F.1 | A5-F.3(补) | A5-R | V5-R.1 | V1_f（SNAP）
12,72,0.8726851851851851,0.8739374620522161,0.8932528840315725,0.8799585104229912,0.9244459623557983,0.6755353282939084,0.0,0.6888615635214526,0.0,0.8465346534653465,0.8112676056338028,0.6821984459076804,0.8289011295495747,0.8118485126043512,A1-R.1 | A2-F.1 | A2-R | A3-F.1 | A3-R | A4-F.1 | A4-F.3(补) | A5-F.1 | A5-F.3(补) | A5-R | V5-R.1 | V1_f（SNAP）
12,72,0.8861187006678809,0.8855494839101395,0.8877884031572556,0.886485529245092,0.9223967820279295,0.7748788127846794,0.2513635285748162,0.7775588196465255,0.3099484740388426,0.9257425742574258,0.8788732394366198,0.7762188162156025,0.9023079068470228,0.8669745016968516,A1-R.1 | A2-F.1 | A2-R | A3-F.1 | A3-R | A4-F.1 | A4-F.3(补) | A4-R.1 | A5-F.3(补) | A5-R | V5-R.1 | V1_f（SNAP）
12,72,0.8977307225258044,0.8944292653309046,0.9011460230722526,0.8977686703096538,0.9287720097146326,0.8198038033264685,0.34432060706663503,0.8312600073208333,0.4455013872374158,0.8564356435643564,0.8704225352112676,0.825531905323651,0.863429089387812,0.8725776681420317,A1-R.1 | A2-F.1 | A2-R | A3-F.1 | A3-R | A4-F.1 | A4-F.3(补) | A4-R.1 | A5-F.1 | A5-R | V5-R.1 | V1_f（SNAP）
12,76,0.8682073466909533,0.8741651487553127,0.8825516089860352,0.8749747014774337,0.9139723740133577,0.7000254888609763,0.0,0.7069749639125698,0.0,0.806930693069307,0.8647887323943662,0.703500226386773,0.8358597127318366,0.8177774377106557,A1-R.1 | A2-F.1 | A2-R | A3-F.1 | A3-R | A4-F.1 | A4-F.3(补) | A4-R.1 | A5-F.1 | A5-F.3(补) | V5-R.1 | V1_f（SNAP）
12,76,0.8857544019429265,0.8835154826958105,0.8931162720097147,0.8874620522161506,0.92301912568306,0.6851234683982066,0.0,0.6986407161066737,0.0,0.8465346534653465,0.8,0.6918820922524401,0.8232673267326733,0.8127228482227244,A1-R.1 | A2-F.1 | A2-R | A3-F.1 | A3-R | A4-F.1 | A4-F.3(补) | A4-R.1 | A5-F.1 | A5-F.3(补) | A5-R | V1_f（SNAP）
12,78,0.9063828172434729,0.9035367334547661,0.9037264723740133,0.9045486743574175,0.9198922282938676,0.7048857829501196,0.0,0.71712850883209,0.0,0.9207920792079208,0.8732394366197183,0.7110071458911048,0.8970157579138196,0.842638377366264,A1-R.1 | A2-F.1 | A2-R | A3-F.1 | A3-R | A4-F.1 | A4-F.3(补) | A4-R.1 | A5-F.1 | A5-F.3(补) | A5-R | V5-R.1
11,64,0.907293564055859,0.9039921068609592,0.9030434122647237,0.904776361060514,0.920195810564663,0.703026096217159,0.0,0.7105599599272691,0.0,0.8663366336633663,0.847887323943662,0.706793028072214,0.8571119788035142,0.8280336058134639,A2-F.1 | A2-R | A3-F.1 | A3-R | A4-F.1 | A4-R.1 | A5-F.1 | A5-F.3(补) | A5-R | V5-R.1 | V1_f（SNAP）
11,64,0.8687765634486947,0.8536733454766241,0.8867638129933212,0.8697379073062134,0.9181086824529446,0.6703368514359974,0.0,0.6767271074312983,0.0,0.7821782178217822,0.6929577464788732,0.6735319794336478,0.7375679821503277,0.7764028813456401,A1-R.1 | A2-R | A3-F.1 | A3-R | A4-F.1 | A4-R.1 | A5-F.1 | A5-F.3(补) | A5-R | V5-R.1 | V1_f（SNAP）
11,70,0.8687765634486947,0.8536733454766241,0.8867638129933212,0.8697379073062134,0.9181086824529446,0.6703368514359974,0.0,0.6767271074312983,0.0,0.7821782178217822,0.6929577464788732,0.6735319794336478,0.7375679821503277,0.7764028813456401,A1-R.1 | A2-F.1 | A3-F.1 | A3-R | A4-F.1 | A4-R.1 | A5-F.1 | A5-F.3(补) | A5-R | V5-R.1 | V1_f（SNAP）
11,64,0.8272996357012751,0.8268063145112324,0.8609972677595629,0.8383677393240235,0.8883196721311475,0.5499535260034095,0.0,0.5539758729907562,0.0,0.5495049504950495,0.28169014084507044,0.5519646994970828,0.41559754567006,0.6186273057660968,A1-R.1 | A2-F.1 | A2-R | A3-R | A4-F.1 | A4-R.1 | A5-F.1 | A5-F.3(补) | A5-R | V5-R.1 | V1_f（SNAP）
11,68,0.8549256223436551,0.8515482695810564,0.8778460837887068,0.8614399919044727,0.9066105039465695,0.6909441453577859,0.0,0.6945364355085346,0.0,0.8168316831683168,0.6957746478873239,0.6927402904331603,0.7563031655278203,0.7852179866358501,A1-R.1 | A2-F.1 | A2-R | A3-F.1 | A4-F.1 | A4-R.1 | A5-F.1 | A5-F.3(补) | A5-R | V5-R.1 | V1_f（SNAP）
11,64,0.8726851851851851,0.8739374620522161,0.8932528840315725,0.8799585104229912,0.9244459623557983,0.6755353282939084,0.0,0.6888615635214526,0.0,0.8465346534653465,0.8112676056338028,0.6821984459076804,0.8289011295495747,0.8118485126043512,A1-R.1 | A2-F.1 | A2-R | A3-F.1 | A3-R | A4-R.1 | A5-F.1 | A5-F.3(补) | A5-R | V5-R.1 | V1_f（SNAP）
11,64,0.8726851851851851,0.8739374620522161,0.8932528840315725,0.8799585104229912,0.9244459623557983,0.6755353282939084,0.0,0.6888615635214526,0.0,0.8465346534653465,0.8112676056338028,0.6821984459076804,0.8289011295495747,0.8118485126043512,A1-R.1 | A2-F.1 | A2-R | A3-F.1 | A3-R | A4-F.1 | A5-F.1 | A5-F.3(补) | A5-R | V5-R.1 | V1_f（SNAP）
11,64,0.886574074074074,0.8855494839101395,0.8886991499696417,0.886940902651285,0.9228521554341226,0.7730191260517189,0.2508892577661845,0.7709902707417046,0.3071739992072929,0.8762376237623762,0.8535211267605634,0.7720046983967117,0.8648793752614699,0.8532454096974348,A1-R.1 | A2-F.1 | A2-R | A3-F.1 | A3-R | A4-F.1 | A4-R.1 | A5-F.3(补) | A5-R | V5-R.1 | V1_f（SNAP）
11,64,0.8981860959319975,0.8948846387370977,0.9016013964784456,0.8982240437158469,0.9292273831208258,0.8179441165935079,0.3433720654493716,0.8246914584160122,0.44351961950059454,0.8168316831683168,0.8507042253521127,0.82131778750476,0.8337679542602148,0.8614377082952669,A1-R.1 | A2-F.1 | A2-R | A3-F.1 | A3-R | A4-F.1 | A4-R.1 | A5-F.1 | A5-R | V5-R.1 | V1_f（SNAP）
11,68,0.8686627200971464,0.8741651487553127,0.8825516089860352,0.8751264926128314,0.9144277474195508,0.6981658021280155,0.0,0.7004064150077488,0.0,0.7673267326732673,0.8450704225352113,0.6992861085678821,0.8061985776042393,0.8066374778638906,A1-R.1 | A2-F.1 | A2-R | A3-F.1 | A3-R | A4-F.1 | A4-R.1 | A5-F.1 | A5-F.3(补) | V5-R.1 | V1_f（SNAP）
11,68,0.8857544019429265,0.8835154826958105,0.8933439587128111,0.8875379477838493,0.92301912568306,0.683263781665246,0.0,0.6920721672018527,0.0,0.7920792079207921,0.6957746478873239,0.6876679744335494,0.743926927904058,0.7848713426735557,A1-R.1 | A2-F.1 | A2-R | A3-F.1 | A3-R | A4-F.1 | A4-R.1 | A5-F.1 | A5-F.3(补) | A5-R | V1_f（SNAP）
11,70,0.907293564055859,0.9039921068609592,0.9030434122647237,0.904776361060514,0.920195810564663,0.703026096217159,0.0,0.7105599599272691,0.0,0.8663366336633663,0.847887323943662,0.706793028072214,0.8571119788035142,0.8280336058134639,A1-R.1 | A2-F.1 | A2-R | A3-F.1 | A3-R | A4-F.1 | A4-R.1 | A5-F.1 | A5-F.3(补) | A5-R | V5-R.1
10,56,0.907293564055859,0.9028536733454765,0.9032710989678202,0.9044727787897187,0.920195810564663,0.6967158117910445,0.0,0.7026186886236501,0.0,0.7920792079207921,0.8422535211267606,0.6996672502073473,0.8171663645237763,0.8123431417652623,A2-F.1 | A2-R | A3-F.1 | A3-R | A4-F.1 | A4-R.1 | A5-F.1 | A5-R | V5-R.1 | V1_f（SNAP）
10,56,0.8683211900425016,0.852762598664238,0.8863084395871281,0.8691307427646225,0.9181086824529446,0.6640265670098827,0.0,0.6687858361276792,0.0,0.6138613861386139,0.6619718309859155,0.6664062015687809,0.6379166085622647,0.7408104975279968,A1-R.1 | A2-R | A3-F.1 | A3-R | A4-F.1 | A4-R.1 | A5-F.1 | A5-R | V5-R.1 | V1_f（SNAP）
10,62,0.8683211900425016,0.852762598664238,0.8863084395871281,0.8691307427646225,0.9181086824529446,0.6640265670098827,0.0,0.6687858361276792,0.0,0.6138613861386139,0.6619718309859155,0.6664062015687809,0.6379166085622647,0.7408104975279968,A1-R.1 | A2-F.1 | A3-F.1 | A3-R | A4-F.1 | A4-R.1 | A5-F.1 | A5-R | V5-R.1 | V1_f（SNAP）
10,56,0.8247950819672131,0.8249848208864602,0.8591757741347905,0.8363185589961546,0.8862704918032787,0.5436432415772948,0.0,0.546034601687137,0.0,0.46534653465346537,0.2535211267605634,0.5448389216322159,0.3594338307070144,0.596847748047503,A1-R.1 | A2-F.1 | A2-R | A3-R | A4-F.1 | A4-R.1 | A5-F.1 | A5-R | V5-R.1 | V1_f（SNAP）
10,60,0.8535595021250758,0.848816029143898,0.8778460837887068,0.8600738716858934,0.9061551305403763,0.6846338609316713,0.0,0.6865951642049155,0.0,0.6683168316831684,0.6704225352112676,0.6856145125682934,0.669369683447218,0.7537131088519625,A1-R.1 | A2-F.1 | A2-R | A3-F.1 | A4-F.1 | A4-R.1 | A5-F.1 | A5-R | V5-R.1 | V1_f（SNAP）
10,56,0.8726851851851851,0.8734820886460231,0.8932528840315725,0.8798067192875937,0.9244459623557983,0.6692250438677938,0.0,0.6809202922178337,0.0,0.7772277227722773,0.8,0.6750726680428137,0.7886138613861386,0.7960441639282503,A1-R.1 | A2-F.1 | A2-R | A3-F.1 | A3-R | A4-R.1 | A5-F.1 | A5-R | V5-R.1 | V1_f（SNAP）
10,56,0.8726851851851851,0.8734820886460231,0.8932528840315725,0.8798067192875937,0.9244459623557983,0.6692250438677938,0.0,0.6809202922178337,0.0,0.7772277227722773,0.8,0.6750726680428137,0.7886138613861386,0.7960441639282503,A1-R.1 | A2-F.1 | A2-R | A3-F.1 | A3-R | A4-F.1 | A5-F.1 | A5-R | V5-R.1 | V1_f（SNAP）
10,56,0.8686627200971464,0.8741651487553127,0.8825516089860352,0.8751264926128314,0.9144277474195508,0.6981658021280155,0.0,0.7004064150077488,0.0,0.7673267326732673,0.8450704225352113,0.6992861085678821,0.8061985776042393,0.8066374778638906,A1-R.1 | A2-F.1 | A2-R | A3-F.1 | A3-R | A4-F.1 | A4-R.1 | A5-R | V5-R.1 | V1_f（SNAP）
10,60,0.8686627200971464,0.8741651487553127,0.8825516089860352,0.8751264926128314,0.9144277474195508,0.6981658021280155,0.0,0.7004064150077488,0.0,0.7673267326732673,0.8450704225352113,0.6992861085678821,0.8061985776042393,0.8066374778638906,A1-R.1 | A2-F.1 | A2-R | A3-F.1 | A3-R | A4-F.1 | A4-R.1 | A5-F.1 | V5-R.1 | V1_f（SNAP）
10,60,0.8857544019429265,0.8812386156648451,0.8928885853066181,0.8866272009714632,0.92301912568306,0.6769534972391315,0.0,0.6841308958982337,0.0,0.6435643564356436,0.6676056338028169,0.6805421965686826,0.6555849951192303,0.753048772456991,A1-R.1 | A2-F.1 | A2-R | A3-F.1 | A3-R | A4-F.1 | A4-R.1 | A5-F.1 | A5-R | V1_f（SNAP）
10,62,0.907293564055859,0.9028536733454765,0.9032710989678202,0.9044727787897187,0.920195810564663,0.6967158117910445,0.0,0.7026186886236501,0.0,0.7920792079207921,0.8422535211267606,0.6996672502073473,0.8171663645237763,0.8123431417652623,A1-R.1 | A2-F.1 | A2-R | A3-F.1 | A3-R | A4-F.1 | A4-R.1 | A5-F.1 | A5-R | V5-R.1
9,48,0.8833485124468731,0.8543564055859137,0.8885094110503946,0.8754047763610604,0.9051305403764419,0.5427982622074193,0.0,0.5467130663353171,0.0,0.5099009900990099,0.6140845070422535,0.5447556642713682,0.5619927485706318,0.6706263177394806,A2-R | A3-F.1 | A3-R | A4-F.1 | A4-R.1 | A5-F.1 | A5-R | V5-R.1 | V1_f（SNAP）
9,54,0.8833485124468731,0.8543564055859137,0.8885094110503946,0.8754047763610604,0.9051305403764419,0.5427982622074193,0.0,0.5467130663353171,0.0,0.5099009900990099,0.6140845070422535,0.5447556642713682,0.5619927485706318,0.6706263177394806,A2-F.1 | A3-F.1 | A3-R | A4-F.1 | A4-R.1 | A5-F.1 | A5-R | V5-R.1 | V1_f（SNAP）
9,48,0.8272996357012751,0.8245294474802671,0.8521174863387978,0.8346488565067801,0.8684350333940497,0.4224149367748315,0.0,0.42396183189477493,0.0,0.3465346534653465,0.10704225352112676,0.4231883843348032,0.22678845349323662,0.5061372904073632,A2-F.1 | A2-R | A3-R | A4-F.1 | A4-R.1 | A5-F.1 | A5-R | V5-R.1 | V1_f（SNAP）
9,52,0.8679037644201578,0.8506375227686703,0.8714708561020036,0.8633373810969439,0.889534001214329,0.5634055561292077,0.0,0.5645223944125534,0.0,0.5445544554455446,0.6140845070422535,0.5639639752708805,0.5793194812438991,0.6776058192430362,A2-F.1 | A2-R | A3-F.1 | A4-F.1 | A4-R.1 | A5-F.1 | A5-R | V5-R.1 | V1_f（SNAP）
9,48,0.895453855494839,0.8730267152398299,0.9025880388585307,0.8903562031977331,0.9163251366120219,0.5479967390653303,0.0,0.5588475224254714,0.0,0.7425742574257426,0.7830985915492957,0.5534221307454008,0.7628364244875192,0.7441945639483141,A2-F.1 | A2-R | A3-F.1 | A3-R | A4-R.1 | A5-F.1 | A5-R | V5-R.1 | V1_f（SNAP）
9,48,0.895453855494839,0.8730267152398299,0.9025880388585307,0.8903562031977331,0.9163251366120219,0.5479967390653303,0.0,0.5588475224254714,0.0,0.7425742574257426,0.7830985915492957,0.5534221307454008,0.7628364244875192,0.7441945639483141,A2-F.1 | A2-R | A3-F.1 | A3-R | A4-F.1 | A5-F.1 | A5-R | V5-R.1 | V1_f（SNAP）
9,48,0.878225561627201,0.8693078324225865,0.8897616879174256,0.8790983606557377,0.9034987856709169,0.5769374973255521,0.0,0.5783336452153868,0.0,0.7128712871287128,0.8309859154929577,0.5776355712704695,0.7719286013108353,0.7510209860840739,A2-F.1 | A2-R | A3-F.1 | A3-R | A4-F.1 | A4-R.1 | A5-R | V5-R.1 | V1_f（SNAP）
9,52,0.878225561627201,0.8693078324225865,0.8897616879174256,0.8790983606557377,0.9034987856709169,0.5769374973255521,0.0,0.5783336452153868,0.0,0.7128712871287128,0.8309859154929577,0.5776355712704695,0.7719286013108353,0.7510209860840739,A2-F.1 | A2-R | A3-F.1 | A3-R | A4-F.1 | A4-R.1 | A5-F.1 | V5-R.1 | V1_f（SNAP）
9,52,0.8982771706132362,0.8939890710382514,0.9014647844565877,0.8979103420360252,0.918617182756527,0.5557251924366681,0.0,0.5620581261058717,0.0,0.5297029702970297,0.6084507042253521,0.5588916592712698,0.569076837261191,0.6821952264296627,A2-F.1 | A2-R | A3-F.1 | A3-R | A4-F.1 | A4-R.1 | A5-F.1 | A5-R | V1_f（SNAP）
9,54,0.907293564055859,0.9028536733454765,0.9032710989678202,0.9044727787897187,0.920195810564663,0.6967158117910445,0.0,0.7026186886236501,0.0,0.7920792079207921,0.8422535211267606,0.6996672502073473,0.8171663645237763,0.8123431417652623,A2-F.1 | A2-R | A3-F.1 | A3-R | A4-F.1 | A4-R.1 | A5-F.1 | A5-R | V5-R.1
8,46,0.8833485124468731,0.8543564055859137,0.8885094110503946,0.8754047763610604,0.9051305403764419,0.5427982622074193,0.0,0.5467130663353171,0.0,0.5099009900990099,0.6140845070422535,0.5447556642713682,0.5619927485706318,0.6706263177394806,A2-R | A3-F.1 | A3-R | A4-F.1 | A4-R.1 | A5-F.1 | A5-R | V5-R.1
8,52,0.8833485124468731,0.8543564055859137,0.8885094110503946,0.8754047763610604,0.9051305403764419,0.5427982622074193,0.0,0.5467130663353171,0.0,0.5099009900990099,0.6140845070422535,0.5447556642713682,0.5619927485706318,0.6706263177394806,A2-F.1 | A3-F.1 | A3-R | A4-F.1 | A4-R.1 | A5-F.1 | A5-R | V5-R.1
8,46,0.8272996357012751,0.8245294474802671,0.8521174863387978,0.8346488565067801,0.8684350333940497,0.4224149367748315,0.0,0.42396183189477493,0.0,0.3465346534653465,0.10704225352112676,0.4231883843348032,0.22678845349323662,0.5061372904073632,A2-F.1 | A2-R | A3-R | A4-F.1 | A4-R.1 | A5-F.1 | A5-R | V5-R.1
8,50,0.8679037644201578,0.8506375227686703,0.8714708561020036,0.8633373810969439,0.889534001214329,0.5634055561292077,0.0,0.5645223944125534,0.0,0.5445544554455446,0.6140845070422535,0.5639639752708805,0.5793194812438991,0.6776058192430362,A2-F.1 | A2-R | A3-F.1 | A4-F.1 | A4-R.1 | A5-F.1 | A5-R | V5-R.1
8,46,0.895453855494839,0.8730267152398299,0.9025880388585307,0.8903562031977331,0.9163251366120219,0.5479967390653303,0.0,0.5588475224254714,0.0,0.7425742574257426,0.7830985915492957,0.5534221307454008,0.7628364244875192,0.7441945639483141,A2-F.1 | A2-R | A3-F.1 | A3-R | A4-R.1 | A5-F.1 | A5-R | V5-R.1
8,46,0.895453855494839,0.8730267152398299,0.9025880388585307,0.8903562031977331,0.9163251366120219,0.5479967390653303,0.0,0.5588475224254714,0.0,0.7425742574257426,0.7830985915492957,0.5534221307454008,0.7628364244875192,0.7441945639483141,A2-F.1 | A2-R | A3-F.1 | A3-R | A4-F.1 | A5-F.1 | A5-R | V5-R.1
8,46,0.878225561627201,0.8693078324225865,0.8897616879174256,0.8790983606557377,0.9034987856709169,0.5769374973255521,0.0,0.5783336452153868,0.0,0.7128712871287128,0.8309859154929577,0.5776355712704695,0.7719286013108353,0.7510209860840739,A2-F.1 | A2-R | A3-F.1 | A3-R | A4-F.1 | A4-R.1 | A5-R | V5-R.1
8,50,0.878225561627201,0.8693078324225865,0.8897616879174256,0.8790983606557377,0.9034987856709169,0.5769374973255521,0.0,0.5783336452153868,0.0,0.7128712871287128,0.8309859154929577,0.5776355712704695,0.7719286013108353,0.7510209860840739,A2-F.1 | A2-R | A3-F.1 | A3-R | A4-F.1 | A4-R.1 | A5-F.1 | V5-R.1
8,50,0.8982771706132362,0.8939890710382514,0.9014647844565877,0.8979103420360252,0.918617182756527,0.5557251924366681,0.0,0.5620581261058717,0.0,0.5297029702970297,0.6084507042253521,0.5588916592712698,0.569076837261191,0.6821952264296627,A2-F.1 | A2-R | A3-F.1 | A3-R | A4-F.1 | A4-R.1 | A5-F.1 | A5-R
7,38,0.8475789313904067,0.7057528840315725,0.8611642380085004,0.8048320178101599,0.871182452944748,0.4230199477419271,0.0,0.4224280229270538,0.0,0.4158415841584158,0.5971830985915493,0.4227239853344904,0.5065123413749826,0.6001395932180736,A2-R | A3-F.1 | A3-R | A4-F.1 | A4-R.1 | A5-R | V5-R.1
7,44,0.8475789313904067,0.7057528840315725,0.8611642380085004,0.8048320178101599,0.871182452944748,0.4230199477419271,0.0,0.4224280229270538,0.0,0.4158415841584158,0.5971830985915493,0.4227239853344904,0.5065123413749826,0.6001395932180736,A2-F.1 | A3-F.1 | A3-R | A4-F.1 | A4-R.1 | A5-R | V5-R.1
7,38,0.76119459623558,0.7324301760777171,0.8149666059502125,0.7695304594211697,0.8246432908318154,0.30263662230933913,0.0,0.2996767884865116,0.0,0.0,0.0,0.3011567053979254,0.0,0.37526666540991355,A2-F.1 | A2-R | A3-R | A4-F.1 | A4-R.1 | A5-R | V5-R.1
7,42,0.8186475409836066,0.7766393442622951,0.8580373406193078,0.8177747419550698,0.8701806314511232,0.44362724166371553,0.0,0.4402373510042902,0.0,0.41089108910891087,0.5971830985915493,0.4419322963340029,0.5040370938502301,0.6053833405451187,A2-F.1 | A2-R | A3-F.1 | A4-F.1 | A4-R.1 | A5-R | V5-R.1
7,38,0.8567850637522769,0.6994535519125683,0.8631223436551305,0.8064536531066585,0.8710913782635094,0.428218424599838,0.0,0.4345624790172082,0.0,0.698019801980198,0.7718309859154929,0.4313904518085231,0.7349253939478455,0.6791357413399594,A2-F.1 | A2-R | A3-F.1 | A3-R | A4-R.1 | A5-R | V5-R.1
7,38,0.8567850637522769,0.6994535519125683,0.8631223436551305,0.8064536531066585,0.8710913782635094,0.428218424599838,0.0,0.4345624790172082,0.0,0.698019801980198,0.7718309859154929,0.4313904518085231,0.7349253939478455,0.6791357413399594,A2-F.1 | A2-R | A3-F.1 | A3-R | A4-F.1 | A5-R | V5-R.1
7,42,0.878225561627201,0.8693078324225865,0.8897616879174256,0.8790983606557377,0.9034987856709169,0.5769374973255521,0.0,0.5783336452153868,0.0,0.7128712871287128,0.8309859154929577,0.5776355712704695,0.7719286013108353,0.7510209860840739,A2-F.1 | A2-R | A3-F.1 | A3-R | A4-F.1 | A4-R.1 | V5-R.1
7,42,0.8642000607164542,0.8548269581056467,0.8844641772920462,0.8678303987047157,0.8977459016393443,0.4359468779711757,0.0,0.43777308269760834,0.0,0.40594059405940597,0.5887323943661972,0.436859980334392,0.49733649421280157,0.610647458728846,A2-F.1 | A2-R | A3-F.1 | A3-R | A4-F.1 | A4-R.1 | A5-R
6,34,0.8475789313904067,0.7057528840315725,0.8611642380085004,0.8048320178101599,0.871182452944748,0.4230199477419271,0.0,0.4224280229270538,0.0,0.4158415841584158,0.5971830985915493,0.4227239853344904,0.5065123413749826,0.6001395932180736,A2-R | A3-F.1 | A3-R | A4-F.1 | A4-R.1 | V5-R.1
6,40,0.8475789313904067,0.7057528840315725,0.8611642380085004,0.8048320178101599,0.871182452944748,0.4230199477419271,0.0,0.4224280229270538,0.0,0.4158415841584158,0.5971830985915493,0.4227239853344904,0.5065123413749826,0.6001395932180736,A2-F.1 | A3-F.1 | A3-R | A4-F.1 | A4-R.1 | V5-R.1
6,34,0.76119459623558,0.7324301760777171,0.8149666059502125,0.7695304594211697,0.8246432908318154,0.30263662230933913,0.0,0.2996767884865116,0.0,0.0,0.0,0.3011567053979254,0.0,0.37526666540991355,A2-F.1 | A2-R | A3-R | A4-F.1 | A4-R.1 | V5-R.1
6,38,0.8186475409836066,0.7766393442622951,0.8580373406193078,0.8177747419550698,0.8701806314511232,0.44362724166371553,0.0,0.4402373510042902,0.0,0.41089108910891087,0.5971830985915493,0.4419322963340029,0.5040370938502301,0.6053833405451187,A2-F.1 | A2-R | A3-F.1 | A4-F.1 | A4-R.1 | V5-R.1
6,34,0.8567850637522769,0.6994535519125683,0.8631223436551305,0.8064536531066585,0.8710913782635094,0.428218424599838,0.0,0.4345624790172082,0.0,0.698019801980198,0.7718309859154929,0.4313904518085231,0.7349253939478455,0.6791357413399594,A2-F.1 | A2-R | A3-F.1 | A3-R | A4-R.1 | V5-R.1
6,34,0.8567850637522769,0.6994535519125683,0.8631223436551305,0.8064536531066585,0.8710913782635094,0.428218424599838,0.0,0.4345624790172082,0.0,0.698019801980198,0.7718309859154929,0.4313904518085231,0.7349253939478455,0.6791357413399594,A2-F.1 | A2-R | A3-F.1 | A3-R | A4-F.1 | V5-R.1
6,38,0.8642000607164542,0.8548269581056467,0.8844641772920462,0.8678303987047157,0.8977459016393443,0.4359468779711757,0.0,0.43777308269760834,0.0,0.40594059405940597,0.5887323943661972,0.436859980334392,0.49733649421280157,0.610647458728846,A2-F.1 | A2-R | A3-F.1 | A3-R | A4-F.1 | A4-R.1
5,26,0.7024893746205222,0.6802519732847602,0.7112173649058895,0.6979862376037239,0.718803669008587,0.274300875016213,0.0,0.27865685672887514,0.0,0.0,0.0,0.27647886587254406,0.0,0.33176084496037705,A2-R | A3-F.1 | A3-R | A4-R.1 | V5-R.1
5,32,0.7024893746205222,0.6802519732847602,0.7112173649058895,0.6979862376037239,0.718803669008587,0.274300875016213,0.0,0.27865685672887514,0.0,0.0,0.0,0.27647886587254406,0.0,0.33176084496037705,A2-F.1 | A3-F.1 | A3-R | A4-R.1 | V5-R.1
5,26,0.7067673547864805,0.0,0.7067673547864805,0.4711782365243203,0.710497079827681,0.15391754958362505,0.0,0.15590562228833302,0.0,0.0,0.0,0.15491158593597903,0.0,0.2884695552545533,A2-F.1 | A2-R | A3-R | A4-R.1 | V5-R.1
5,30,0.7477063039518491,0.0,0.8186307119664211,0.5221123386394234,0.8270582877959928,0.2949081689380014,0.0,0.29646618480611153,0.0,0.0,0.0,0.2956871768720565,0.0,0.3742484882226831,A2-F.1 | A2-R | A3-F.1 | A4-R.1 | V5-R.1
5,26,0.8567850637522769,0.6994535519125683,0.8631223436551305,0.8064536531066585,0.8710913782635094,0.428218424599838,0.0,0.4345624790172082,0.0,0.698019801980198,0.7718309859154929,0.4313904518085231,0.7349253939478455,0.6791357413399594,A2-F.1 | A2-R | A3-F.1 | A3-R | V5-R.1
5,30,0.8221387370977534,0.6655282331511839,0.8465012143290831,0.7780560615260068,0.8539389799635702,0.28722780524546165,0.0,0.2940019164994297,0.0,0.0,0.0,0.2906148608724457,0.0,0.38151794694533864,A2-F.1 | A2-R | A3-F.1 | A3-R | A4-R.1
4,18,0.7024893746205222,0.6802519732847602,0.7112173649058895,0.6979862376037239,0.718803669008587,0.274300875016213,0.0,0.27865685672887514,0.0,0.0,0.0,0.27647886587254406,0.0,0.33176084496037705,A2-R | A3-F.1 | A3-R | V5-R.1
4,24,0.7024893746205222,0.6802519732847602,0.7112173649058895,0.6979862376037239,0.718803669008587,0.274300875016213,0.0,0.27865685672887514,0.0,0.0,0.0,0.27647886587254406,0.0,0.33176084496037705,A2-F.1 | A3-F.1 | A3-R | V5-R.1
4,18,0.7067673547864805,0.0,0.7067673547864805,0.4711782365243203,0.710497079827681,0.15391754958362505,0.0,0.15590562228833302,0.0,0.0,0.0,0.15491158593597903,0.0,0.2884695552545533,A2-F.1 | A2-R | A3-R | V5-R.1
4,22,0.7477063039518491,0.0,0.8186307119664211,0.5221123386394234,0.8270582877959928,0.2949081689380014,0.0,0.29646618480611153,0.0,0.0,0.0,0.2956871768720565,0.0,0.3742484882226831,A2-F.1 | A2-R | A3-F.1 | V5-R.1
4,22,0.8221387370977534,0.6655282331511839,0.8465012143290831,0.7780560615260068,0.8539389799635702,0.28722780524546165,0.0,0.2940019164994297,0.0,0.0,0.0,0.2906148608724457,0.0,0.38151794694533864,A2-F.1 | A2-R | A3-F.1 | A3-R
3,14,0.6836488420504814,0.0,0.6836488420504814,0.4557658947003209,0.6879857316332726,0.13331025566183657,0.0,0.13809629421109665,0.0,0.0,0.0,0.1357032749364666,0.0,0.2745630021899131,A2-R | A3-F.1 | A3-R
3,20,0.6836488420504814,0.0,0.6836488420504814,0.4557658947003209,0.6879857316332726,0.13331025566183657,0.0,0.13809629421109665,0.0,0.0,0.0,0.1357032749364666,0.0,0.2745630021899131,A2-F.1 | A3-F.1 | A3-R
3,14,0.7067673547864805,0.0,0.7067673547864805,0.4711782365243203,0.710497079827681,0.15391754958362505,0.0,0.15590562228833302,0.0,0.0,0.0,0.15491158593597903,0.0,0.2884695552545533,A2-F.1 | A2-R | A3-R
3,18,0.7067673547864805,0.0,0.7067673547864805,0.4711782365243203,0.710497079827681,0.15391754958362505,0.0,0.15590562228833302,0.0,0.0,0.0,0.15491158593597903,0.0,0.2884695552545533,A2-F.1 | A2-R | A3-F.1
2,6,0.0,0.0,0.0,0.0,0.0,0.0,0.0,0.0,0.0,0.0,0.0,0.0,0.0,0.0,A2-R | A3-R
2,12,0.0,0.0,0.0,0.0,0.0,0.0,0.0,0.0,0.0,0.0,0.0,0.0,0.0,0.0,A2-F.1 | A3-R
2,10,0.7067673547864805,0.0,0.7067673547864805,0.4711782365243203,0.710497079827681,0.15391754958362505,0.0,0.15590562228833302,0.0,0.0,0.0,0.15491158593597903,0.0,0.2884695552545533,A2-F.1 | A2-R
1,2,0.0,0.0,0.0,0.0,0.0,0.0,0.0,0.0,0.0,0.0,0.0,0.0,0.0,0.0,A2-R
1,8,0.0,0.0,0.0,0.0,0.0,0.0,0.0,0.0,0.0,0.0,0.0,0.0,0.0,0.0,A2-F.1
15,88,0.9094565877352762,0.9078627808136004,0.8986035215543412,0.905307630034406,0.9395871281117182,0.821285417916938,0.3662556319658525,0.8380085918609874,0.47879508521601266,0.9504950495049505,0.9211267605633803,0.8296470048889627,0.9358109050341654,0.9016816793449488,A1-R.2 | A2-F.1 | A2-F.2(补) | A2-R | A3-F.1 | A3-F.2 | A3-R | A4-F.1 | A4-F.3(补) | A4-R.1 | A5-F.2 | A5-F.3(补) | A5-R | V5-R.1 | V1_f（SNAP）
15,90,0.8873709775349119,0.899666059502125,0.9070279295689131,0.8980216555353167,0.9375379477838492,0.8525238380227218,0.4152240929570785,0.8626475533457918,0.5338882282996433,0.9405940594059405,0.9126760563380282,0.8575856956842568,0.9266350578719844,0.9072529004466968,A1-R.1 | A2-F.1 | A2-F.2(补) | A2-R | A3-F.1 | A3-F.2 | A3-R | A4-F.1 | A4-F.3(补) | A4-R.1 | A5-F.2 | A5-F.3(补) | A5-R | V5-R.1 | V1_f（SNAP）
15,88,0.8889647844565877,0.8923800850030358,0.9022465088038858,0.8945304594211697,0.938676381299332,0.827288027042849,0.4728479962058335,0.8320256910832986,0.5786761791518034,0.9603960396039604,0.9098591549295775,0.8296568590630737,0.935127597266769,0.9011536125430583,A1-R.1 | A1-R.2 | A2-F.2(补) | A2-R | A3-F.1 | A3-F.2 | A3-R | A4-F.1 | A4-F.3(补) | A4-R.1 | A5-F.2 | A5-F.3(补) | A5-R | V5-R.1 | V1_f（SNAP）
15,94,0.8744687310261081,0.8787188828172434,0.9047510625379478,0.8859795587937663,0.930783242258652,0.7152133867958264,0.0,0.7229139915364603,0.0,0.8564356435643564,0.8028169014084507,0.7190636891661433,0.8296262724864036,0.8264910679703995,A1-R.1 | A1-R.2 | A2-F.1 | A2-F.2(补) | A3-F.1 | A3-F.2 | A3-R | A4-F.1 | A4-F.3(补) | A4-R.1 | A5-F.2 | A5-F.3(补) | A5-R | V5-R.1 | V1_f（SNAP）
15,88,0.8320431086824529,0.8344717668488161,0.8789465695203399,0.8484871483505363,0.9064207650273224,0.6007104296832433,0.05667536163149158,0.6010399500783744,0.07213634562029331,0.7772277227722773,0.4197183098591549,0.6008751898808089,0.5984730163157161,0.7019229904079491,A1-R.1 | A1-R.2 | A2-F.1 | A2-F.2(补) | A2-R | A3-F.2 | A3-R | A4-F.1 | A4-F.3(补) | A4-R.1 | A5-F.2 | A5-F.3(补) | A5-R | V5-R.1 | V1_f（SNAP）
15,88,0.8944292653309046,0.8914693381906496,0.9042956891317546,0.8967314308844362,0.9354887674559804,0.8409301026913184,0.45695992411667063,0.8541616928151882,0.5564803804994055,0.9653465346534653,0.9126760563380282,0.8475458977532533,0.9390112954957468,0.9073486535683268,A1-R.1 | A1-R.2 | A2-F.1 | A2-F.2(补) | A2-R | A3-F.1 | A3-R | A4-F.1 | A4-F.3(补) | A4-R.1 | A5-F.2 | A5-F.3(补) | A5-R | V5-R.1 | V1_f（SNAP）
15,92,0.8559502125075895,0.8558743169398907,0.8946569520340012,0.8688271604938271,0.9178809957498482,0.7218448089077152,0.0,0.7288329556001222,0.0,0.9158415841584159,0.8225352112676056,0.7253388822539186,0.8691883977130108,0.8374694252389259,A1-R.1 | A1-R.2 | A2-F.1 | A2-F.2(补) | A2-R | A3-F.1 | A3-F.2 | A4-F.1 | A4-F.3(补) | A4-R.1 | A5-F.2 | A5-F.3(补) | A5-R | V5-R.1 | V1_f（SNAP）
15,88,0.8798573163327261,0.890330904675167,0.9122647237401336,0.8941509815826755,0.9388281724347297,0.7329634223823072,0.01529523357837325,0.7496120714403646,0.026159334126040427,0.9306930693069307,0.9070422535211268,0.7412877469113359,0.9188676614140288,0.866327860253365,A1-R.1 | A1-R.2 | A2-F.1 | A2-F.2(补) | A2-R | A3-F.1 | A3-F.2 | A3-R | A4-F.3(补) | A4-R.1 | A5-F.2 | A5-F.3(补) | A5-R | V5-R.1 | V1_f（SNAP）
15,88,0.9003491196114146,0.8987553126897389,0.9072556162720097,0.9021200161910543,0.9402701882210077,0.8675683381788736,0.5078254683424235,0.8731282579024285,0.6250495441934205,0.9158415841584159,0.9014084507042254,0.8703482980406511,0.9086250174313206,0.9064145012309931,A1-R.1 | A1-R.2 | A2-F.1 | A2-F.2(补) | A2-R | A3-F.1 | A3-F.2 | A3-R | A4-F.1 | A4-R.1 | A5-F.2 | A5-F.3(补) | A5-R | V5-R.1 | V1_f（SNAP）
15,88,0.8794019429265331,0.89078627808136,0.9136308439587127,0.8946063549888685,0.9395112325440194,0.7188492654531595,0.0,0.7293570917042499,0.0,0.8811881188118812,0.8619718309859155,0.7241031785787047,0.8715799748988984,0.8450647953405408,A1-R.1 | A1-R.2 | A2-F.1 | A2-F.2(补) | A2-R | A3-F.1 | A3-F.2 | A3-R | A4-F.1 | A4-F.3(补) | A5-F.2 | A5-F.3(补) | A5-R | V5-R.1 | V1_f（SNAP）
15,90,0.8920385549483909,0.8939738919247116,0.9003111718275653,0.8954412062335559,0.9326426836672737,0.8205780104266902,0.31562722314441544,0.8210203800825007,0.36583432421720175,0.9554455445544554,0.923943661971831,0.8207991952545954,0.9396946032631432,0.8977121607283375,A1-R.1 | A1-R.2 | A2-F.1 | A2-F.2(补) | A2-R | A3-F.1 | A3-F.2 | A3-R | A4-F.1 | A4-F.3(补) | A4-R.1 | A5-F.3(补) | A5-R | V5-R.1 | V1_f（SNAP）
15,88,0.8998937462052216,0.8982999392835458,0.9058894960534305,0.901361060514066,0.9398148148148147,0.8622140178368243,0.5010671093194214,0.8752430555878999,0.6254458977407847,0.9207920792079208,0.9098591549295775,0.868728536712362,0.9153256170687492,0.9079563228653086,A1-R.1 | A1-R.2 | A2-F.1 | A2-F.2(补) | A2-R | A3-F.1 | A3-F.2 | A3-R | A4-F.1 | A4-F.3(补) | A4-R.1 | A5-F.2 | A5-R | V5-R.1 | V1_f（SNAP）
15,92,0.8788327261687918,0.8955676988463874,0.9029675166970248,0.8924559805707347,0.9302140255009107,0.745724686502987,0.0,0.7504365243485449,0.0,0.8514851485148515,0.9042253521126761,0.7480806054257659,0.8778552503137638,0.85204996041348,A1-R.1 | A1-R.2 | A2-F.1 | A2-F.2(补) | A2-R | A3-F.1 | A3-F.2 | A3-R | A4-F.1 | A4-F.3(补) | A4-R.1 | A5-F.2 | A5-F.3(补) | V5-R.1 | V1_f（SNAP）
15,92,0.8866879174256223,0.8875227686703097,0.9060412871888281,0.8934173244282534,0.9339708561020036,0.7142124436792244,0.0,0.7263686872934403,0.0,0.8861386138613861,0.8309859154929577,0.7202905654863323,0.858562264677172,0.8376078954218359,A1-R.1 | A1-R.2 | A2-F.1 | A2-F.2(补) | A2-R | A3-F.1 | A3-F.2 | A3-R | A4-F.1 | A4-F.3(补) | A4-R.1 | A5-F.2 | A5-F.3(补) | A5-R | V1_f（SNAP）
15,94,0.9078627808136004,0.9137826350941104,0.9147692774741955,0.912138231127302,0.9300242865816636,0.7312955332202584,0.0,0.7405747835534296,0.0,0.9257425742574258,0.9070422535211268,0.7359351583868441,0.9163924138892763,0.8607839529525947,A1-R.1 | A1-R.2 | A2-F.1 | A2-F.2(补) | A2-R | A3-F.1 | A3-F.2 | A3-R | A4-F.1 | A4-F.3(补) | A4-R.1 | A5-F.2 | A5-F.3(补) | A5-R | V5-R.1
14,84,0.9090012143290831,0.9078627808136004,0.8986035215543412,0.9051558388990082,0.9395871281117182,0.8209883293845553,0.3662556319658525,0.8371313988785313,0.47879508521601266,0.9455445544554455,0.9014084507042254,0.8290598641315433,0.9234765025798355,0.8973744982743656,A1-R.2 | A2-F.1 | A2-R | A3-F.1 | A3-F.2 | A3-R | A4-F.1 | A4-F.3(补) | A4-R.1 | A5-F.2 | A5-F.3(补) | A5-R | V5-R.1 | V1_f（SNAP）
14,86,0.8869156041287188,0.899666059502125,0.9070279295689131,0.8978698643999189,0.9375379477838492,0.8522267494903393,0.4152240929570785,0.8617703603633357,0.5338882282996433,0.9356435643564357,0.8929577464788733,0.8569985549268375,0.9143006554176545,0.9029457193761138,A1-R.1 | A2-F.1 | A2-R | A3-F.1 | A3-F.2 | A3-R | A4-F.1 | A4-F.3(补) | A4-R.1 | A5-F.2 | A5-F.3(补) | A5-R | V5-R.1 | V1_f（SNAP）
14,84,0.8744687310261081,0.8787188828172434,0.9047510625379478,0.8859795587937663,0.930783242258652,0.7152133867958264,0.0,0.7229139915364603,0.0,0.8564356435643564,0.8028169014084507,0.7190636891661433,0.8296262724864036,0.8264910679703995,A1-R.1 | A1-R.2 | A2-R | A3-F.1 | A3-F.2 | A3-R | A4-F.1 | A4-F.3(补) | A4-R.1 | A5-F.2 | A5-F.3(补) | A5-R | V5-R.1 | V1_f（SNAP）
14,90,0.8744687310261081,0.8787188828172434,0.9047510625379478,0.8859795587937663,0.930783242258652,0.7152133867958264,0.0,0.7229139915364603,0.0,0.8564356435643564,0.8028169014084507,0.7190636891661433,0.8296262724864036,0.8264910679703995,A1-R.1 | A1-R.2 | A2-F.1 | A3-F.1 | A3-F.2 | A3-R | A4-F.1 | A4-F.3(补) | A4-R.1 | A5-F.2 | A5-F.3(补) | A5-R | V5-R.1 | V1_f（SNAP）
14,84,0.8320431086824529,0.8344717668488161,0.8794019429265331,0.848638939485934,0.9062689738919246,0.6004133411508606,0.05667536163149158,0.6001627570959182,0.07213634562029331,0.7574257425742574,0.4169014084507042,0.6002880491233894,0.5871635755124809,0.6979068661759316,A1-R.1 | A1-R.2 | A2-F.1 | A2-R | A3-F.2 | A3-R | A4-F.1 | A4-F.3(补) | A4-R.1 | A5-F.2 | A5-F.3(补) | A5-R | V5-R.1 | V1_f（SNAP）
14,84,0.8939738919247116,0.8914693381906496,0.9042956891317546,0.8965796397490386,0.9354887674559804,0.8406330141589358,0.45695992411667063,0.853284499832732,0.5564803804994055,0.9603960396039604,0.8929577464788733,0.8469587569958339,0.9266768930414169,0.9030414724977437,A1-R.1 | A1-R.2 | A2-F.1 | A2-R | A3-F.1 | A3-R | A4-F.1 | A4-F.3(补) | A4-R.1 | A5-F.2 | A5-F.3(补) | A5-R | V5-R.1 | V1_f（SNAP）
14,88,0.8554948391013965,0.8558743169398907,0.8951123254401943,0.8688271604938271,0.9178809957498482,0.7215477203753325,0.0,0.727955762617666,0.0,0.9158415841584159,0.8140845070422535,0.7247517414964992,0.8649630456003348,0.835865260948894,A1-R.1 | A1-R.2 | A2-F.1 | A2-R | A3-F.1 | A3-F.2 | A4-F.1 | A4-F.3(补) | A4-R.1 | A5-F.2 | A5-F.3(补) | A5-R | V5-R.1 | V1_f（SNAP）
14,84,0.8794019429265331,0.890330904675167,0.9122647237401336,0.8939991904472778,0.9388281724347297,0.7326663338499245,0.01529523357837325,0.7487348784579084,0.026159334126040427,0.9257425742574258,0.8873239436619719,0.7407006061539165,0.9065332589596988,0.8620206791827817,A1-R.1 | A1-R.2 | A2-F.1 | A2-R | A3-F.1 | A3-F.2 | A3-R | A4-F.3(补) | A4-R.1 | A5-F.2 | A5-F.3(补) | A5-R | V5-R.1 | V1_f（SNAP）
14,84,0.8998937462052216,0.8987553126897389,0.9072556162720097,0.9019682250556568,0.9402701882210077,0.8672712496464908,0.5078254683424235,0.8722510649199724,0.6250495441934205,0.9108910891089109,0.8788732394366198,0.8697611572832316,0.8948821642727653,0.901637836592335,A1-R.1 | A1-R.2 | A2-F.1 | A2-R | A3-F.1 | A3-F.2 | A3-R | A4-F.1 | A4-R.1 | A5-F.2 | A5-F.3(补) | A5-R | V5-R.1 | V1_f（SNAP）
14,84,0.8789465695203399,0.89078627808136,0.9136308439587127,0.8944545638534708,0.9395112325440194,0.7185521769207768,0.0,0.7284798987217938,0.0,0.8762376237623762,0.8394366197183099,0.7235160378212853,0.8578371217403431,0.8402881307018827,A1-R.1 | A1-R.2 | A2-F.1 | A2-R | A3-F.1 | A3-F.2 | A3-R | A4-F.1 | A4-F.3(补) | A5-F.2 | A5-F.3(补) | A5-R | V5-R.1 | V1_f（SNAP）
14,84,0.8994383727990285,0.8982999392835458,0.9058894960534305,0.9012092693786683,0.9398148148148147,0.8619169293044416,0.5010671093194214,0.8743658626054438,0.6254458977407847,0.9158415841584159,0.8901408450704226,0.8681413959549427,0.9029912146144192,0.9036491417947256,A1-R.1 | A1-R.2 | A2-F.1 | A2-R | A3-F.1 | A3-F.2 | A3-R | A4-F.1 | A4-F.3(补) | A4-R.1 | A5-F.2 | A5-R | V5-R.1 | V1_f（SNAP）
14,88,0.8783773527625987,0.8955676988463874,0.9029675166970248,0.892304189435337,0.9302140255009107,0.7454275979706043,0.0,0.7495593313660887,0.0,0.8465346534653465,0.8816901408450705,0.7474934646683464,0.8641123971552085,0.8472732957748219,A1-R.1 | A1-R.2 | A2-F.1 | A2-R | A3-F.1 | A3-F.2 | A3-R | A4-F.1 | A4-F.3(补) | A4-R.1 | A5-F.2 | A5-F.3(补) | V5-R.1 | V1_f（SNAP）
14,88,0.8866879174256223,0.8875227686703097,0.9060412871888281,0.8934173244282534,0.9338190649666058,0.7139153551468418,0.0,0.7254914943109843,0.0,0.8861386138613861,0.8253521126760563,0.719703424728913,0.8557453632687213,0.8364226176547467,A1-R.1 | A1-R.2 | A2-F.1 | A2-R | A3-F.1 | A3-F.2 | A3-R | A4-F.1 | A4-F.3(补) | A4-R.1 | A5-F.2 | A5-F.3(补) | A5-R | V1_f（SNAP）
14,90,0.9074074074074073,0.9137826350941104,0.9147692774741955,0.9119864399919044,0.9300242865816636,0.7309984446878756,0.0,0.7396975905709735,0.0,0.9207920792079208,0.8901408450704226,0.7353480176294245,0.9054664621391717,0.8569462554500866,A1-R.1 | A1-R.2 | A2-F.1 | A2-R | A3-F.1 | A3-F.2 | A3-R | A4-F.1 | A4-F.3(补) | A4-R.1 | A5-F.2 | A5-F.3(补) | A5-R | V5-R.1
13,76,0.9090012143290831,0.9078627808136004,0.8981481481481481,0.9050040477636104,0.9395871281117182,0.8137743223095455,0.3615129238795352,0.8326776476591817,0.4764169639318272,0.900990099009901,0.8873239436619719,0.8232259849843636,0.8941570213359364,0.8856567114773394,A1-R.2 | A2-F.1 | A2-R | A3-F.1 | A3-F.2 | A3-R | A4-F.1 | A4-F.3(补) | A4-R.1 | A5-F.2 | A5-R | V5-R.1 | V1_f（SNAP）
13,78,0.8869156041287188,0.8992106860959319,0.90657255616272,0.8975662821291236,0.9375379477838492,0.8450127424153294,0.4083471662319184,0.8573166091439861,0.5311137534680935,0.8811881188118812,0.8816901408450705,0.8511646757796578,0.8814391298284758,0.8900472511306609,A1-R.1 | A2-F.1 | A2-R | A3-F.1 | A3-F.2 | A3-R | A4-F.1 | A4-F.3(补) | A4-R.1 | A5-F.2 | A5-R | V5-R.1 | V1_f（SNAP）
13,76,0.874013357619915,0.8782635094110504,0.9038403157255616,0.8853723942521756,0.930783242258652,0.7079993797208166,0.0,0.7184602403171108,0.0,0.8366336633663366,0.7943661971830986,0.7132298100189637,0.8154999302747177,0.8198376608507778,A1-R.1 | A1-R.2 | A2-R | A3-F.1 | A3-F.2 | A3-R | A4-F.1 | A4-F.3(补) | A4-R.1 | A5-F.2 | A5-R | V5-R.1 | V1_f（SNAP）
13,82,0.874013357619915,0.8782635094110504,0.9038403157255616,0.8853723942521756,0.930783242258652,0.7079993797208166,0.0,0.7184602403171108,0.0,0.8366336633663366,0.7943661971830986,0.7132298100189637,0.8154999302747177,0.8198376608507778,A1-R.1 | A1-R.2 | A2-F.1 | A3-F.1 | A3-F.2 | A3-R | A4-F.1 | A4-F.3(补) | A4-R.1 | A5-F.2 | A5-R | V5-R.1 | V1_f（SNAP）
13,76,0.8311323618700667,0.8321948998178507,0.8789465695203399,0.8474246104027524,0.9053582270795385,0.5931993340758508,0.05620109082285985,0.5957090058765686,0.07213634562029331,0.7128712871287128,0.38591549295774646,0.5944541699762097,0.5493933900432296,0.6830685956996593,A1-R.1 | A1-R.2 | A2-F.1 | A2-R | A3-F.2 | A3-R | A4-F.1 | A4-F.3(补) | A4-R.1 | A5-F.2 | A5-R | V5-R.1 | V1_f（SNAP）
13,76,0.8939738919247116,0.8914693381906496,0.9033849423193685,0.8962760574782432,0.9354887674559804,0.8334190070839259,0.44937159117856296,0.8488307486133825,0.5533095521204915,0.9158415841584159,0.8788732394366198,0.8411248778486542,0.8973574117975178,0.8913236857007174,A1-R.1 | A1-R.2 | A2-F.1 | A2-R | A3-F.1 | A3-R | A4-F.1 | A4-F.3(补) | A4-R.1 | A5-F.2 | A5-R | V5-R.1 | V1_f（SNAP）
13,80,0.8550394656952033,0.8545081967213115,0.8951123254401943,0.8682199959522364,0.9178809957498482,0.7143337133003227,0.0,0.7235020113983166,0.0,0.8613861386138614,0.7971830985915493,0.7189178623493196,0.8292846186027054,0.8220278255672911,A1-R.1 | A1-R.2 | A2-F.1 | A2-R | A3-F.1 | A3-F.2 | A4-F.1 | A4-F.3(补) | A4-R.1 | A5-F.2 | A5-R | V5-R.1 | V1_f（SNAP）
13,76,0.8794019429265331,0.890330904675167,0.9113539769277473,0.8936956081764825,0.9388281724347297,0.7254523267749147,0.014346691961109794,0.7442811272385589,0.025762980578676178,0.8811881188118812,0.8732394366197183,0.7348667270067368,0.8772137777157998,0.8503028923857553,A1-R.1 | A1-R.2 | A2-F.1 | A2-R | A3-F.1 | A3-F.2 | A3-R | A4-F.3(补) | A4-R.1 | A5-F.2 | A5-R | V5-R.1 | V1_f（SNAP）
13,76,0.8998937462052216,0.8987553126897389,0.9068002428658166,0.901816433920259,0.9402701882210077,0.8600572425714811,0.5002371354043159,0.8677973137006229,0.6222750693618708,0.8762376237623762,0.8676056338028169,0.863927278136052,0.8719216287825966,0.8920396983798854,A1-R.1 | A1-R.2 | A2-F.1 | A2-R | A3-F.1 | A3-F.2 | A3-R | A4-F.1 | A4-R.1 | A5-F.2 | A5-R | V5-R.1 | V1_f（SNAP）
13,76,0.8789465695203399,0.89078627808136,0.9131754705525197,0.8943027727180732,0.9395112325440194,0.7113381698457669,0.0,0.7240261475024442,0.0,0.8415841584158416,0.8225352112676056,0.7176821586741056,0.8320596848417237,0.8297510253532829,A1-R.1 | A1-R.2 | A2-F.1 | A2-R | A3-F.1 | A3-F.2 | A3-R | A4-F.1 | A4-F.3(补) | A5-F.2 | A5-R | V5-R.1 | V1_f（SNAP）
13,78,0.8783773527625987,0.8955676988463874,0.9029675166970248,0.892304189435337,0.9302140255009107,0.7454275979706043,0.0,0.7495593313660887,0.0,0.8465346534653465,0.8816901408450705,0.7474934646683464,0.8641123971552085,0.8472732957748219,A1-R.1 | A1-R.2 | A2-F.1 | A2-R | A3-F.1 | A3-F.2 | A3-R | A4-F.1 | A4-F.3(补) | A4-R.1 | A5-R | V5-R.1 | V1_f（SNAP）
13,80,0.8783773527625987,0.8955676988463874,0.9029675166970248,0.892304189435337,0.9302140255009107,0.7454275979706043,0.0,0.7495593313660887,0.0,0.8465346534653465,0.8816901408450705,0.7474934646683464,0.8641123971552085,0.8472732957748219,A1-R.1 | A1-R.2 | A2-F.1 | A2-R | A3-F.1 | A3-F.2 | A3-R | A4-F.1 | A4-F.3(补) | A4-R.1 | A5-F.2 | V5-R.1 | V1_f（SNAP）
13,80,0.8866879174256223,0.8870673952641166,0.9051305403764419,0.8929619510220603,0.9338190649666058,0.706701348071832,0.0,0.7210377430916347,0.0,0.8267326732673267,0.8028169014084507,0.7138695455817334,0.8147747873378888,0.8208211326287427,A1-R.1 | A1-R.2 | A2-F.1 | A2-R | A3-F.1 | A3-F.2 | A3-R | A4-F.1 | A4-F.3(补) | A4-R.1 | A5-F.2 | A5-R | V1_f（SNAP）
13,82,0.9074074074074073,0.9133272616879173,0.9147692774741955,0.9118346488565067,0.9300242865816636,0.7237844376128659,0.0,0.735243839351624,0.0,0.8663366336633663,0.8788732394366198,0.729514138482245,0.872604936549993,0.8440477872046338,A1-R.1 | A1-R.2 | A2-F.1 | A2-R | A3-F.1 | A3-F.2 | A3-R | A4-F.1 | A4-F.3(补) | A4-R.1 | A5-F.2 | A5-R | V5-R.1
12,68,0.9090012143290831,0.9074074074074073,0.8967820279295688,0.9043968832220197,0.9400425015179112,0.8119146355765849,0.3611572207730614,0.8261090987543608,0.47522790328973447,0.8564356435643564,0.8647887323943662,0.8190118671654729,0.8606121879793613,0.8732221855542486,A1-R.2 | A2-F.1 | A2-R | A3-F.1 | A3-F.2 | A3-R | A4-F.1 | A4-R.1 | A5-F.2 | A5-R | V5-R.1 | V1_f（SNAP）
12,70,0.8873709775349119,0.899666059502125,0.9074833029751063,0.8981734466707144,0.9379933211900424,0.8431530556823689,0.4075171923168129,0.8507480602391654,0.5279429250891795,0.8514851485148515,0.8647887323943662,0.8469505579607671,0.8581369404546089,0.8810269398684728,A1-R.1 | A2-F.1 | A2-R | A3-F.1 | A3-F.2 | A3-R | A4-F.1 | A4-R.1 | A5-F.2 | A5-R | V5-R.1 | V1_f（SNAP）
12,68,0.8731026108075289,0.8773527625986641,0.9049787492410443,0.8851447075490791,0.9310109289617486,0.7061396929878561,0.0,0.7118916914122899,0.0,0.7722772277227723,0.704225352112676,0.709015692200073,0.7382512899177242,0.7927593036931819,A1-R.1 | A1-R.2 | A2-R | A3-F.1 | A3-F.2 | A3-R | A4-F.1 | A4-R.1 | A5-F.2 | A5-R | V5-R.1 | V1_f（SNAP）
12,74,0.8731026108075289,0.8773527625986641,0.9049787492410443,0.8851447075490791,0.9310109289617486,0.7061396929878561,0.0,0.7118916914122899,0.0,0.7722772277227723,0.704225352112676,0.709015692200073,0.7382512899177242,0.7927593036931819,A1-R.1 | A1-R.2 | A2-F.1 | A3-F.1 | A3-F.2 | A3-R | A4-F.1 | A4-R.1 | A5-F.2 | A5-R | V5-R.1 | V1_f（SNAP）
12,68,0.8320431086824529,0.8331056466302368,0.8794019429265331,0.8481835660797409,0.9049028536733454,0.5913396473428901,0.05620109082285985,0.5891404569717478,0.07213634562029331,0.5445544554455446,0.3492957746478873,0.590240052157319,0.44692511504671595,0.6473560069591268,A1-R.1 | A1-R.2 | A2-F.1 | A2-R | A3-F.2 | A3-R | A4-F.1 | A4-R.1 | A5-F.2 | A5-R | V5-R.1 | V1_f（SNAP）
12,68,0.8944292653309046,0.8919247115968427,0.9042956891317546,0.896883222019834,0.9359441408621735,0.8315593203509654,0.4485416172634574,0.8422621997085616,0.5501387237415775,0.8762376237623762,0.856338028169014,0.8369107600297635,0.8662878259656952,0.8797142422858775,A1-R.1 | A1-R.2 | A2-F.1 | A2-R | A3-F.1 | A3-R | A4-F.1 | A4-R.1 | A5-F.2 | A5-R | V5-R.1 | V1_f（SNAP）
12,72,0.8545840922890102,0.8545081967213115,0.8957953855494838,0.8682958915199351,0.9178809957498482,0.712474026567362,0.0,0.7169334624934955,0.0,0.8118811881188119,0.7126760563380282,0.7147037445304287,0.7622786222284201,0.798287787502899,A1-R.1 | A1-R.2 | A2-F.1 | A2-R | A3-F.1 | A3-F.2 | A4-F.1 | A4-R.1 | A5-F.2 | A5-R | V5-R.1 | V1_f（SNAP）
12,68,0.8789465695203399,0.89078627808136,0.9131754705525197,0.8943027727180732,0.9395112325440194,0.7113381698457669,0.0,0.7240261475024442,0.0,0.8415841584158416,0.8225352112676056,0.7176821586741056,0.8320596848417237,0.8297510253532829,A1-R.1 | A1-R.2 | A2-F.1 | A2-R | A3-F.1 | A3-F.2 | A3-R | A4-R.1 | A5-F.2 | A5-R | V5-R.1 | V1_f（SNAP）
12,68,0.8789465695203399,0.89078627808136,0.9131754705525197,0.8943027727180732,0.9395112325440194,0.7113381698457669,0.0,0.7240261475024442,0.0,0.8415841584158416,0.8225352112676056,0.7176821586741056,0.8320596848417237,0.8297510253532829,A1-R.1 | A1-R.2 | A2-F.1 | A2-R | A3-F.1 | A3-F.2 | A3-R | A4-F.1 | A5-F.2 | A5-R | V5-R.1 | V1_f（SNAP）
12,70,0.8788327261687917,0.8960230722525804,0.9025121432908317,0.8924559805707347,0.9306693989071039,0.7435679112376437,0.0,0.7429907824612678,0.0,0.7970297029702971,0.856338028169014,0.7432793468494557,0.8266838655696556,0.833544203775405,A1-R.1 | A1-R.2 | A2-F.1 | A2-R | A3-F.1 | A3-F.2 | A3-R | A4-F.1 | A4-R.1 | A5-R | V5-R.1 | V1_f（SNAP）
12,72,0.8788327261687917,0.8960230722525804,0.9025121432908317,0.8924559805707347,0.9306693989071039,0.7435679112376437,0.0,0.7429907824612678,0.0,0.7970297029702971,0.856338028169014,0.7432793468494557,0.8266838655696556,0.833544203775405,A1-R.1 | A1-R.2 | A2-F.1 | A2-R | A3-F.1 | A3-F.2 | A3-R | A4-F.1 | A4-R.1 | A5-F.2 | V5-R.1 | V1_f（SNAP）
12,72,0.8866879174256223,0.8870673952641166,0.9067243472981177,0.8934932199959521,0.9338190649666058,0.7048416613388715,0.0,0.7144691941868138,0.0,0.7871287128712872,0.7070422535211267,0.7096554277628426,0.7470854831962069,0.7968533253085518,A1-R.1 | A1-R.2 | A2-F.1 | A2-R | A3-F.1 | A3-F.2 | A3-R | A4-F.1 | A4-R.1 | A5-F.2 | A5-R | V1_f（SNAP）
12,74,0.9083181542197934,0.9137826350941104,0.914541590771099,0.9122141266950009,0.930327868852459,0.7219247508799054,0.0,0.7286752904468031,0.0,0.8316831683168316,0.8619718309859155,0.7253000206633542,0.8468274996513736,0.8341517963890622,A1-R.1 | A1-R.2 | A2-F.1 | A2-R | A3-F.1 | A3-F.2 | A3-R | A4-F.1 | A4-R.1 | A5-F.2 | A5-R | V5-R.1
11,60,0.90262598664238,0.9010321797207043,0.8920006071645415,0.8985529245092087,0.9352610807528839,0.7834167133560693,0.3292625088925777,0.8005739847622997,0.4244946492271106,0.8564356435643564,0.8535211267605634,0.7919953490591845,0.8549783851624599,0.8607449383248428,A1-R.2 | A2-F.1 | A2-R | A3-F.1 | A3-R | A4-F.1 | A4-R.1 | A5-F.2 | A5-R | V5-R.1 | V1_f（SNAP）
11,62,0.8832726168791741,0.8951123254401943,0.9019429265330904,0.8934426229508196,0.932301153612629,0.8146551334618531,0.3721840170737491,0.825212946247104,0.48592944906856916,0.8514851485148515,0.8535211267605634,0.8199340398544785,0.8525031376377075,0.8682461103682716,A1-R.1 | A2-F.1 | A2-R | A3-F.1 | A3-R | A4-F.1 | A4-R.1 | A5-F.2 | A5-R | V5-R.1 | V1_f（SNAP）
11,60,0.8603521554341227,0.8634638737097753,0.90065270188221,0.874822910342036,0.9253187613843351,0.6776417707673403,0.0,0.6863565774202286,0.0,0.7722772277227723,0.6873239436619718,0.6819991740937845,0.729800585692372,0.7790395070568304,A1-R.1 | A1-R.2 | A2-R | A3-F.1 | A3-R | A4-F.1 | A4-R.1 | A5-F.2 | A5-R | V5-R.1 | V1_f（SNAP）
11,66,0.8603521554341227,0.8634638737097753,0.90065270188221,0.874822910342036,0.9253187613843351,0.6776417707673403,0.0,0.6863565774202286,0.0,0.7722772277227723,0.6873239436619718,0.6819991740937845,0.729800585692372,0.7790395070568304,A1-R.1 | A1-R.2 | A2-F.1 | A3-F.1 | A3-R | A4-F.1 | A4-R.1 | A5-F.2 | A5-R | V5-R.1 | V1_f（SNAP）
11,60,0.827034001214329,0.8267304189435337,0.8778081360048573,0.8438575187209066,0.9005768063145112,0.5572584453347524,0.0,0.5636053429796865,0.0,0.5445544554455446,0.27323943661971833,0.5604318941572195,0.4088969460326315,0.6233018821681208,A1-R.1 | A1-R.2 | A2-F.1 | A2-R | A3-R | A4-F.1 | A4-R.1 | A5-F.2 | A5-R | V5-R.1 | V1_f（SNAP）
11,64,0.853217972070431,0.8522313296903461,0.8946569520340012,0.8667020845982595,0.9167425622343655,0.6982490646891288,0.0,0.7041659054974649,0.0,0.8118811881188119,0.7014084507042253,0.7012074850932969,0.7566448194115186,0.7915316222463936,A1-R.1 | A1-R.2 | A2-F.1 | A2-R | A3-F.1 | A4-F.1 | A4-R.1 | A5-F.2 | A5-R | V5-R.1 | V1_f（SNAP）
11,60,0.8655130540376441,0.881906496660595,0.9070279295689131,0.8848158267557173,0.9333636915604128,0.6828402476252513,0.0,0.6984910335103829,0.0,0.8415841584158416,0.8056338028169014,0.6906656405678171,0.8236089806163716,0.8158794375815338,A1-R.1 | A1-R.2 | A2-F.1 | A2-R | A3-F.1 | A3-R | A4-R.1 | A5-F.2 | A5-R | V5-R.1 | V1_f（SNAP）
11,60,0.8655130540376441,0.881906496660595,0.9070279295689131,0.8848158267557173,0.9333636915604128,0.6828402476252513,0.0,0.6984910335103829,0.0,0.8415841584158416,0.8056338028169014,0.6906656405678171,0.8236089806163716,0.8158794375815338,A1-R.1 | A1-R.2 | A2-F.1 | A2-R | A3-F.1 | A3-R | A4-F.1 | A5-F.2 | A5-R | V5-R.1 | V1_f（SNAP）
11,62,0.867827868852459,0.8825895567698847,0.8965163934426229,0.8823112730216556,0.9247495446265938,0.7150699890171279,0.0,0.7174556684692065,0.0,0.7970297029702971,0.8450704225352113,0.7162628287431672,0.8210500627527542,0.820687478707505,A1-R.1 | A1-R.2 | A2-F.1 | A2-R | A3-F.1 | A3-R | A4-F.1 | A4-R.1 | A5-R | V5-R.1 | V1_f（SNAP）
11,64,0.867827868852459,0.8825895567698847,0.8965163934426229,0.8823112730216556,0.9247495446265938,0.7150699890171279,0.0,0.7174556684692065,0.0,0.7970297029702971,0.8450704225352113,0.7162628287431672,0.8210500627527542,0.820687478707505,A1-R.1 | A1-R.2 | A2-F.1 | A2-R | A3-F.1 | A3-R | A4-F.1 | A4-R.1 | A5-F.2 | V5-R.1 | V1_f（SNAP）
11,64,0.8814511232544019,0.880464480874317,0.9037644201578627,0.8885600080955273,0.9292653309046751,0.690568700996589,0.0,0.701701637190783,0.0,0.7871287128712872,0.6957746478873239,0.696135169093686,0.7414516803793055,0.7889507267925556,A1-R.1 | A1-R.2 | A2-F.1 | A2-R | A3-F.1 | A3-R | A4-F.1 | A4-R.1 | A5-F.2 | A5-R | V1_f（SNAP）
11,66,0.9037644201578627,0.9087735276259866,0.909077109896782,0.9072050192268772,0.9241803278688525,0.6934268286593895,0.0,0.7031401764547418,0.0,0.8316831683168316,0.8450704225352113,0.6982835025570657,0.8383767954260215,0.8202802086173132,A1-R.1 | A1-R.2 | A2-F.1 | A2-R | A3-F.1 | A3-R | A4-F.1 | A4-R.1 | A5-F.2 | A5-R | V5-R.1
10,54,0.9037644201578627,0.9087735276259866,0.909077109896782,0.9072050192268772,0.9241803278688525,0.6934268286593895,0.0,0.7031401764547418,0.0,0.8316831683168316,0.8450704225352113,0.6982835025570657,0.8383767954260215,0.8202802086173132,A2-F.1 | A2-R | A3-F.1 | A3-R | A4-F.1 | A4-R.1 | A5-F.2 | A5-R | V5-R.1 | V1_f（SNAP）
10,54,0.8542197935640559,0.8484365513054037,0.8923193685488767,0.8649919044727787,0.9198694596235579,0.6607375838782281,0.0,0.6693073239587709,0.0,0.7277227722772277,0.6845070422535211,0.6650224539184995,0.7061149072653744,0.7636689402691439,A1-R.1 | A2-R | A3-F.1 | A3-R | A4-F.1 | A4-R.1 | A5-F.2 | A5-R | V5-R.1 | V1_f（SNAP）
10,60,0.8542197935640559,0.8484365513054037,0.8923193685488767,0.8649919044727787,0.9198694596235579,0.6607375838782281,0.0,0.6693073239587709,0.0,0.7277227722772277,0.6845070422535211,0.6650224539184995,0.7061149072653744,0.7636689402691439,A1-R.1 | A2-F.1 | A3-F.1 | A3-R | A4-F.1 | A4-R.1 | A5-F.2 | A5-R | V5-R.1 | V1_f（SNAP）
10,54,0.8174711596842744,0.8249089253187614,0.8656648451730419,0.8360149767253593,0.8912416514875531,0.5403542584456401,0.0,0.5465560895182289,0.0,0.5445544554455446,0.2647887323943662,0.5434551739819344,0.4046715939199554,0.6131228064631477,A1-R.1 | A2-F.1 | A2-R | A3-R | A4-F.1 | A4-R.1 | A5-F.2 | A5-R | V5-R.1 | V1_f（SNAP）
10,58,0.8365968427443836,0.8481329690346083,0.8854735883424408,0.8567344667071443,0.9115057680631451,0.6813448778000165,0.0,0.6871166520360074,0.0,0.7970297029702971,0.6957746478873239,0.6842307649180119,0.7464021754288105,0.7807129028033225,A1-R.1 | A2-F.1 | A2-R | A3-F.1 | A4-F.1 | A4-R.1 | A5-F.2 | A5-R | V5-R.1 | V1_f（SNAP）
10,54,0.8618700667880995,0.8787188828172434,0.9013357619914997,0.8806415705322809,0.9304037644201578,0.665936060736139,0.0,0.6814417800489252,0.0,0.8118811881188119,0.8028169014084507,0.673688920392532,0.8073490447636313,0.8038139098587737,A1-R.1 | A2-F.1 | A2-R | A3-F.1 | A3-R | A4-R.1 | A5-F.2 | A5-R | V5-R.1 | V1_f（SNAP）
10,54,0.8618700667880995,0.8787188828172434,0.9013357619914997,0.8806415705322809,0.9304037644201578,0.665936060736139,0.0,0.6814417800489252,0.0,0.8118811881188119,0.8028169014084507,0.673688920392532,0.8073490447636313,0.8038139098587737,A1-R.1 | A2-F.1 | A2-R | A3-F.1 | A3-R | A4-F.1 | A5-F.2 | A5-R | V5-R.1 | V1_f（SNAP）
10,58,0.8686627200971464,0.8741651487553127,0.8825516089860352,0.8751264926128314,0.9144277474195508,0.6981658021280155,0.0,0.7004064150077488,0.0,0.7673267326732673,0.8450704225352113,0.6992861085678821,0.8061985776042393,0.8066374778638906,A1-R.1 | A2-F.1 | A2-R | A3-F.1 | A3-R | A4-F.1 | A4-R.1 | A5-F.2 | V5-R.1 | V1_f（SNAP）
10,58,0.8711445051608986,0.8819975713418335,0.8967213114754098,0.883287795992714,0.9257134183363691,0.6736645141074767,0.0,0.6846523837293255,0.0,0.7722772277227723,0.6901408450704225,0.679158448918401,0.7312090363965974,0.7786936345504558,A1-R.1 | A2-F.1 | A2-R | A3-F.1 | A3-R | A4-F.1 | A4-R.1 | A5-F.2 | A5-R | V1_f（SNAP）
10,60,0.9037644201578627,0.9087735276259866,0.909077109896782,0.9072050192268772,0.9241803278688525,0.6934268286593895,0.0,0.7031401764547418,0.0,0.8316831683168316,0.8450704225352113,0.6982835025570657,0.8383767954260215,0.8202802086173132,A1-R.1 | A2-F.1 | A2-R | A3-F.1 | A3-R | A4-F.1 | A4-R.1 | A5-F.2 | A5-R | V5-R.1
9,46,0.8823011536126291,0.859137826350941,0.8955828779599271,0.8790072859744992,0.9115209471766849,0.5395092790757645,0.0,0.5472345541664089,0.0,0.6732673267326733,0.6507042253521127,0.5433719166210866,0.6619857760423931,0.7056262132800549,A2-R | A3-F.1 | A3-R | A4-F.1 | A4-R.1 | A5-F.2 | A5-R | V5-R.1 | V1_f（SNAP）
9,52,0.8823011536126291,0.859137826350941,0.8955828779599271,0.8790072859744992,0.9115209471766849,0.5395092790757645,0.0,0.5472345541664089,0.0,0.6732673267326733,0.6507042253521127,0.5433719166210866,0.6619857760423931,0.7056262132800549,A2-F.1 | A3-F.1 | A3-R | A4-F.1 | A4-R.1 | A5-F.2 | A5-R | V5-R.1 | V1_f（SNAP）
9,46,0.8258955676988463,0.8277170613236187,0.8585306618093503,0.8373810969439385,0.8714329083181541,0.4191259536431767,0.0,0.4244833197258667,0.0,0.38613861386138615,0.09295774647887324,0.4218046366845217,0.2395481801701297,0.5109285750576018,A2-F.1 | A2-R | A3-R | A4-F.1 | A4-R.1 | A5-F.2 | A5-R | V5-R.1 | V1_f（SNAP）
9,50,0.8607316332726168,0.8567850637522769,0.8788706739526412,0.8654624569925117,0.8935185185185185,0.560116572997553,0.0,0.5650438822436452,0.0,0.7178217821782178,0.6535211267605634,0.5625802276205991,0.6856714544693906,0.7139234002028361,A2-F.1 | A2-R | A3-F.1 | A4-F.1 | A4-R.1 | A5-F.2 | A5-R | V5-R.1 | V1_f（SNAP）
9,46,0.8916970248937461,0.8778081360048573,0.9081663630843958,0.8925571746609998,0.9200819672131147,0.5447077559336755,0.0,0.5593690102565633,0.0,0.7821782178217822,0.7859154929577464,0.5520383830951194,0.7840468553897644,0.7520557352326662,A2-F.1 | A2-R | A3-F.1 | A3-R | A4-R.1 | A5-F.2 | A5-R | V5-R.1 | V1_f（SNAP）
9,46,0.8916970248937461,0.8778081360048573,0.9081663630843958,0.8925571746609998,0.9200819672131147,0.5447077559336755,0.0,0.5593690102565633,0.0,0.7821782178217822,0.7859154929577464,0.5520383830951194,0.7840468553897644,0.7520557352326662,A2-F.1 | A2-R | A3-F.1 | A3-R | A4-F.1 | A5-F.2 | A5-R | V5-R.1 | V1_f（SNAP）
9,50,0.878225561627201,0.8693078324225865,0.8897616879174256,0.8790983606557377,0.9034987856709169,0.5769374973255521,0.0,0.5783336452153868,0.0,0.7128712871287128,0.8309859154929577,0.5776355712704695,0.7719286013108353,0.7510209860840739,A2-F.1 | A2-R | A3-F.1 | A3-R | A4-F.1 | A4-R.1 | A5-F.2 | V5-R.1 | V1_f（SNAP）
9,50,0.8937613843351548,0.897100789313904,0.9062082574377657,0.8990234770289415,0.9216909532483303,0.5524362093050131,0.0,0.5625796139369634,0.0,0.693069306930693,0.6450704225352113,0.5575079116209882,0.6690698647329522,0.7160895765340903,A2-F.1 | A2-R | A3-F.1 | A3-R | A4-F.1 | A4-R.1 | A5-F.2 | A5-R | V1_f（SNAP）
9,52,0.9037644201578627,0.9087735276259866,0.909077109896782,0.9072050192268772,0.9241803278688525,0.6934268286593895,0.0,0.7031401764547418,0.0,0.8316831683168316,0.8450704225352113,0.6982835025570657,0.8383767954260215,0.8202802086173132,A2-F.1 | A2-R | A3-F.1 | A3-R | A4-F.1 | A4-R.1 | A5-F.2 | A5-R | V5-R.1
8,44,0.8823011536126291,0.859137826350941,0.8955828779599271,0.8790072859744992,0.9115209471766849,0.5395092790757645,0.0,0.5472345541664089,0.0,0.6732673267326733,0.6507042253521127,0.5433719166210866,0.6619857760423931,0.7056262132800549,A2-R | A3-F.1 | A3-R | A4-F.1 | A4-R.1 | A5-F.2 | A5-R | V5-R.1
8,50,0.8823011536126291,0.859137826350941,0.8955828779599271,0.8790072859744992,0.9115209471766849,0.5395092790757645,0.0,0.5472345541664089,0.0,0.6732673267326733,0.6507042253521127,0.5433719166210866,0.6619857760423931,0.7056262132800549,A2-F.1 | A3-F.1 | A3-R | A4-F.1 | A4-R.1 | A5-F.2 | A5-R | V5-R.1
8,44,0.8258955676988463,0.8277170613236187,0.8585306618093503,0.8373810969439385,0.8714329083181541,0.4191259536431767,0.0,0.4244833197258667,0.0,0.38613861386138615,0.09295774647887324,0.4218046366845217,0.2395481801701297,0.5109285750576018,A2-F.1 | A2-R | A3-R | A4-F.1 | A4-R.1 | A5-F.2 | A5-R | V5-R.1
8,48,0.8607316332726168,0.8567850637522769,0.8788706739526412,0.8654624569925117,0.8935185185185185,0.560116572997553,0.0,0.5650438822436452,0.0,0.7178217821782178,0.6535211267605634,0.5625802276205991,0.6856714544693906,0.7139234002028361,A2-F.1 | A2-R | A3-F.1 | A4-F.1 | A4-R.1 | A5-F.2 | A5-R | V5-R.1
8,44,0.8916970248937461,0.8778081360048573,0.9081663630843958,0.8925571746609998,0.9200819672131147,0.5447077559336755,0.0,0.5593690102565633,0.0,0.7821782178217822,0.7859154929577464,0.5520383830951194,0.7840468553897644,0.7520557352326662,A2-F.1 | A2-R | A3-F.1 | A3-R | A4-R.1 | A5-F.2 | A5-R | V5-R.1
8,44,0.8916970248937461,0.8778081360048573,0.9081663630843958,0.8925571746609998,0.9200819672131147,0.5447077559336755,0.0,0.5593690102565633,0.0,0.7821782178217822,0.7859154929577464,0.5520383830951194,0.7840468553897644,0.7520557352326662,A2-F.1 | A2-R | A3-F.1 | A3-R | A4-F.1 | A5-F.2 | A5-R | V5-R.1
8,48,0.878225561627201,0.8693078324225865,0.8897616879174256,0.8790983606557377,0.9034987856709169,0.5769374973255521,0.0,0.5783336452153868,0.0,0.7128712871287128,0.8309859154929577,0.5776355712704695,0.7719286013108353,0.7510209860840739,A2-F.1 | A2-R | A3-F.1 | A3-R | A4-F.1 | A4-R.1 | A5-F.2 | V5-R.1
8,48,0.8937613843351548,0.897100789313904,0.9062082574377657,0.8990234770289415,0.9216909532483303,0.5524362093050131,0.0,0.5625796139369634,0.0,0.693069306930693,0.6450704225352113,0.5575079116209882,0.6690698647329522,0.7160895765340903,A2-F.1 | A2-R | A3-F.1 | A3-R | A4-F.1 | A4-R.1 | A5-F.2 | A5-R
7,36,0.860648148148148,0.7121281117182756,0.8746888281724347,0.8158216960129527,0.8850832682799896,0.39079020635005046,0.0,0.40346338796823034,0.0,0.594059405940594,0.14647887323943662,0.3971267971591404,0.37026913959001534,0.5508264016763817,A2-R | A3-F.1 | A3-R | A4-R.1 | A5-F.2 | A5-R | V5-R.1
7,42,0.860648148148148,0.7121281117182756,0.8746888281724347,0.8158216960129527,0.8850832682799896,0.39079020635005046,0.0,0.40346338796823034,0.0,0.594059405940594,0.14647887323943662,0.3971267971591404,0.37026913959001534,0.5508264016763817,A2-F.1 | A3-F.1 | A3-R | A4-R.1 | A5-F.2 | A5-R | V5-R.1
7,36,0.793791052602528,0.7268139040680024,0.8287789093116961,0.7831279553274088,0.8384555941932991,0.27040688091746257,0.0,0.28071215352768814,0.0,0.0,0.0,0.2755595172225753,0.0,0.37133837047195817,A2-F.1 | A2-R | A3-R | A4-R.1 | A5-F.2 | A5-R | V5-R.1
7,40,0.8362780813600486,0.7758044930176078,0.8766545233758348,0.8295790325844971,0.8891772920461445,0.41139750027183897,0.0,0.4212727160454667,0.0,0.599009900990099,0.14084507042253522,0.4163351081586528,0.3699274857063171,0.5584799619703714,A2-F.1 | A2-R | A3-F.1 | A4-R.1 | A5-F.2 | A5-R | V5-R.1
7,36,0.8916970248937461,0.8778081360048573,0.9081663630843958,0.8925571746609998,0.9200819672131147,0.5447077559336755,0.0,0.5593690102565633,0.0,0.7821782178217822,0.7859154929577464,0.5520383830951194,0.7840468553897644,0.7520557352326662,A2-F.1 | A2-R | A3-F.1 | A3-R | A5-F.2 | A5-R | V5-R.1
7,40,0.8567850637522769,0.6994535519125683,0.8631223436551305,0.8064536531066585,0.8710913782635094,0.428218424599838,0.0,0.4345624790172082,0.0,0.698019801980198,0.7718309859154929,0.4313904518085231,0.7349253939478455,0.6791357413399594,A2-F.1 | A2-R | A3-F.1 | A3-R | A4-R.1 | A5-F.2 | V5-R.1
7,40,0.8784911961141468,0.857164541590771,0.9039162112932605,0.8798573163327261,0.9146174863387978,0.4037171365792991,0.0,0.41880844773878484,0.0,0.5693069306930693,0.14084507042253522,0.41126279215904193,0.35507600055780225,0.5603187596852139,A2-F.1 | A2-R | A3-F.1 | A3-R | A4-R.1 | A5-F.2 | A5-R
6,28,0.860648148148148,0.7121281117182756,0.8746888281724347,0.8158216960129527,0.8850832682799896,0.39079020635005046,0.0,0.40346338796823034,0.0,0.594059405940594,0.14647887323943662,0.3971267971591404,0.37026913959001534,0.5508264016763817,A2-R | A3-F.1 | A3-R | A5-F.2 | A5-R | V5-R.1
6,34,0.860648148148148,0.7121281117182756,0.8746888281724347,0.8158216960129527,0.8850832682799896,0.39079020635005046,0.0,0.40346338796823034,0.0,0.594059405940594,0.14647887323943662,0.3971267971591404,0.37026913959001534,0.5508264016763817,A2-F.1 | A3-F.1 | A3-R | A5-F.2 | A5-R | V5-R.1
6,28,0.793791052602528,0.7268139040680024,0.8287789093116961,0.7831279553274088,0.8384555941932991,0.27040688091746257,0.0,0.28071215352768814,0.0,0.0,0.0,0.2755595172225753,0.0,0.37133837047195817,A2-F.1 | A2-R | A3-R | A5-F.2 | A5-R | V5-R.1
6,32,0.8362780813600486,0.7758044930176078,0.8766545233758348,0.8295790325844971,0.8891772920461445,0.41139750027183897,0.0,0.4212727160454667,0.0,0.599009900990099,0.14084507042253522,0.4163351081586528,0.3699274857063171,0.5584799619703714,A2-F.1 | A2-R | A3-F.1 | A5-F.2 | A5-R | V5-R.1
6,30,0.8567850637522769,0.6994535519125683,0.8631223436551305,0.8064536531066585,0.8710913782635094,0.428218424599838,0.0,0.4345624790172082,0.0,0.698019801980198,0.7718309859154929,0.4313904518085231,0.7349253939478455,0.6791357413399594,A2-F.1 | A2-R | A3-F.1 | A3-R | A5-R | V5-R.1
6,32,0.8567850637522769,0.6994535519125683,0.8631223436551305,0.8064536531066585,0.8710913782635094,0.428218424599838,0.0,0.4345624790172082,0.0,0.698019801980198,0.7718309859154929,0.4313904518085231,0.7349253939478455,0.6791357413399594,A2-F.1 | A2-R | A3-F.1 | A3-R | A5-F.2 | V5-R.1
6,32,0.8784911961141468,0.857164541590771,0.9039162112932605,0.8798573163327261,0.9146174863387978,0.4037171365792991,0.0,0.41880844773878484,0.0,0.5693069306930693,0.14084507042253522,0.41126279215904193,0.35507600055780225,0.5603187596852139,A2-F.1 | A2-R | A3-F.1 | A3-R | A5-F.2 | A5-R
5,22,0.7024893746205222,0.6802519732847602,0.7112173649058895,0.6979862376037239,0.718803669008587,0.274300875016213,0.0,0.27865685672887514,0.0,0.0,0.0,0.27647886587254406,0.0,0.33176084496037705,A2-R | A3-F.1 | A3-R | A5-R | V5-R.1
5,28,0.7024893746205222,0.6802519732847602,0.7112173649058895,0.6979862376037239,0.718803669008587,0.274300875016213,0.0,0.27865685672887514,0.0,0.0,0.0,0.27647886587254406,0.0,0.33176084496037705,A2-F.1 | A3-F.1 | A3-R | A5-R | V5-R.1
5,22,0.7067673547864805,0.0,0.7067673547864805,0.4711782365243203,0.710497079827681,0.15391754958362505,0.0,0.15590562228833302,0.0,0.0,0.0,0.15491158593597903,0.0,0.2884695552545533,A2-F.1 | A2-R | A3-R | A5-R | V5-R.1
5,26,0.7477063039518491,0.0,0.8186307119664211,0.5221123386394234,0.8270582877959928,0.2949081689380014,0.0,0.29646618480611153,0.0,0.0,0.0,0.2956871768720565,0.0,0.3742484882226831,A2-F.1 | A2-R | A3-F.1 | A5-R | V5-R.1
5,26,0.8221387370977534,0.6655282331511839,0.8465012143290831,0.7780560615260068,0.8539389799635702,0.28722780524546165,0.0,0.2940019164994297,0.0,0.0,0.0,0.2906148608724457,0.0,0.38151794694533864,A2-F.1 | A2-R | A3-F.1 | A3-R | A5-R
3,16,0.7024893746205222,0.6802519732847602,0.7112173649058895,0.6979862376037239,0.718803669008587,0.274300875016213,0.0,0.27865685672887514,0.0,0.0,0.0,0.27647886587254406,0.0,0.33176084496037705,A3-F.1 | A3-R | V5-R.1
3,10,0.0,0.0,0.0,0.0,0.0,0.0,0.0,0.0,0.0,0.0,0.0,0.0,0.0,0.0,A2-R | A3-R | V5-R.1
3,14,0.5714767129907306,0.0,0.5714767129907306,0.3809844753271537,0.576472601809578,0.1409906193543764,0.0,0.1405605625177785,0.0,0.0,0.0,0.14077559093607744,0.0,0.2390827309152185,A2-R | A3-F.1 | V5-R.1
2,8,0.0,0.0,0.0,0.0,0.0,0.0,0.0,0.0,0.0,0.0,0.0,0.0,0.0,0.0,A3-R | V5-R.1
2,12,0.5714767129907306,0.0,0.5714767129907306,0.3809844753271537,0.576472601809578,0.1409906193543764,0.0,0.1405605625177785,0.0,0.0,0.0,0.14077559093607744,0.0,0.2390827309152185,A3-F.1 | V5-R.1
2,12,0.6836488420504814,0.0,0.6836488420504814,0.4557658947003209,0.6879857316332726,0.13331025566183657,0.0,0.13809629421109665,0.0,0.0,0.0,0.1357032749364666,0.0,0.2745630021899131,A3-F.1 | A3-R
1,4,0.0,0.0,0.0,0.0,0.0,0.0,0.0,0.0,0.0,0.0,0.0,0.0,0.0,0.0,A3-R
1,8,0.0,0.0,0.0,0.0,0.0,0.0,0.0,0.0,0.0,0.0,0.0,0.0,0.0,0.0,A3-F.1
11,70,0.8976548269581056,0.894808743169399,0.9014496053430481,0.8979710584901842,0.9295309653916212,0.8193058309249491,0.34728479962058334,0.8253558777945706,0.4470868014268728,0.8168316831683168,0.8507042253521127,0.8223308543597598,0.8337679542602148,0.8618765913371985,A1-F | A1-R.1 | A2-F.1 | A2-R | A3-F.1 | A3-R | A4-F.1 | A4-R.1 | A5-F.1 | A5-R | V5-R.1
11,68,0.9022085610200364,0.9002732240437158,0.8967440801457195,0.8997419550698239,0.9343123861566485,0.7873668563254702,0.28728954232866966,0.8020314587438708,0.363059849385652,0.8118811881188119,0.8507042253521127,0.7946991575346705,0.8312927067354623,0.8534347501422603,A1-F | A1-R.2 | A2-F.1 | A2-R | A3-F.1 | A3-R | A4-F.1 | A4-R.1 | A5-F.1 | A5-R | V5-R.1
11,70,0.9059274438372799,0.9042197935640558,0.8927975106253795,0.9009815826755717,0.9213342440801457,0.7355960906150223,0.1061180934313493,0.747264223982146,0.1466508125247721,0.7970297029702971,0.8422535211267606,0.7414301572985842,0.8196416120485288,0.8274686711424195,A1-F | A1-R.3 | A2-F.1 | A2-R | A3-F.1 | A3-R | A4-F.1 | A4-R.1 | A5-F.1 | A5-R | V5-R.1
11,70,0.9019808743169399,0.900121432908318,0.8901411657559198,0.8974144909937259,0.9263433515482696,0.7413137308056146,0.1536637419966801,0.7453556927892204,0.20134760206103844,0.8118811881188119,0.8507042253521127,0.7433347117974175,0.8312927067354623,0.8336569233603832,A1-F | A1-R.4(补) | A2-F.1 | A2-R | A3-F.1 | A3-R | A4-F.1 | A4-R.1 | A5-F.1 | A5-R | V5-R.1
11,66,0.8925318761384335,0.8900273224043715,0.8979204614450517,0.8934932199959523,0.9285063752276868,0.7774629215883466,0.32368982689115483,0.7785619550530759,0.41339674990091163,0.7970297029702971,0.8366197183098592,0.7780124383207112,0.8168247106400781,0.8411145080628254,A1-F | A1-R.1 | A2-F.2(补) | A2-R | A3-F.1 | A3-R | A4-F.1 | A4-R.1 | A5-F.1 | A5-R | V5-R.1
11,70,0.8280585913782634,0.8283242258652095,0.8647920461445051,0.8403916211293261,0.8920385549483909,0.579086157916874,0.04292150818117145,0.5722341350577569,0.04478795085216013,0.4504950495049505,0.3211267605633803,0.5756601464873154,0.3858109050341654,0.6178365354899572,A1-F | A1-R.1 | A2-F.1 | A2-R | A3-F.2 | A3-R | A4-F.1 | A4-R.1 | A5-F.1 | A5-R | V5-R.1
11,70,0.8789845173041895,0.8724954462659381,0.8890027322404371,0.8801608986035215,0.91974043715847,0.7748282962179311,0.2693858193028219,0.7827813689434737,0.36504161712247324,0.8366336633663366,0.856338028169014,0.7788048325807024,0.8464858457676754,0.8483437051689493,A1-F | A1-R.1 | A2-F.1 | A2-R | A3-F.1 | A3-R | A4-F.2 | A4-R.1 | A5-F.1 | A5-R | V5-R.1
11,70,0.870332422586521,0.8702185792349727,0.8917349726775956,0.877428658166363,0.923155737704918,0.6847009151283829,0.01256817642874081,0.7018396913325067,0.026159334126040427,0.8168316831683168,0.8507042253521127,0.6932703032304448,0.8337679542602148,0.8167313317318592,A1-F | A1-R.1 | A2-F.1 | A2-R | A3-F.1 | A3-R | A4-F.3(补) | A4-R.1 | A5-F.1 | A5-R | V5-R.1
11,70,0.8862704918032787,0.8882058287795993,0.8949225865209471,0.8897996357012751,0.9293032786885246,0.7692398821013765,0.23274839933602087,0.7726989257385619,0.29528339278636545,0.8118811881188119,0.8366197183098592,0.7709694039199693,0.8242504532143355,0.8415077119409431,A1-F | A1-R.1 | A2-F.1 | A2-R | A3-F.1 | A3-R | A4-F.1 | A4-R.2(补) | A5-F.1 | A5-R | V5-R.1
11,68,0.8825136612021858,0.8938979963570127,0.9013357619914998,0.8925824731835661,0.9326047358834244,0.8160168477932944,0.3760967512449609,0.8258773656256625,0.49108204518430437,0.8514851485148515,0.8535211267605634,0.8209471067094785,0.8525031376377075,0.8686849934102034,A1-F | A1-R.1 | A2-F.1 | A2-R | A3-F.1 | A3-R | A4-F.1 | A4-R.1 | A5-F.2 | A5-R | V5-R.1
11,70,0.8855874316939891,0.8850182149362478,0.8890027322404371,0.8865361262902246,0.923155737704918,0.7743808403831601,0.25397201802229075,0.7716546901202631,0.3103448275862069,0.8762376237623762,0.8535211267605634,0.7730177652517116,0.8648793752614699,0.8536842927393664,A1-F | A1-R.1 | A2-F.1 | A2-R | A3-F.1 | A3-R | A4-F.1 | A4-R.1 | A5-F.3(补) | A5-R | V5-R.1
11,72,0.8829690346083788,0.8943533697632058,0.9013357619914998,0.8928860554543614,0.9326047358834244,0.8159337866237828,0.37585961584064503,0.8250956776022927,0.49108204518430437,0.8514851485148515,0.8450704225352113,0.8205147321130377,0.8482777855250314,0.8671324178404979,A1-F | A1-R.1 | A2-F.1 | A2-R | A3-F.1 | A3-R | A4-F.1 | A4-R.1 | A5-F.2 | A5-R | V5-R.2
11,66,0.8820582877959927,0.8934426229508197,0.9013357619914998,0.8922788909127707,0.9326047358834244,0.8156533435410629,0.3762153189471188,0.8247236085068518,0.48910027744748313,0.8514851485148515,0.8450704225352113,0.8201884760239573,0.8482777855250314,0.8670236658108044,A1-F | A1-R.1 | A2-F.1 | A2-R | A3-F.1 | A3-R | A4-F.1 | A4-R.1 | A5-F.2 | A5-R | V5_r（SNAP 907R）
11,66,0.9036885245901639,0.901183970856102,0.8936703096539163,0.8995142683667273,0.9364754098360656,0.7840778731938155,0.3318709983400522,0.8025529465749626,0.4304399524375743,0.8514851485148515,0.8535211267605634,0.7933154098843891,0.8525031376377075,0.8607646524527207,A1-F | A1-R.2 | A2-F.1 | A2-R | A3-F.1 | A3-R | A4-F.1 | A4-R.1 | A5-F.2 | A5-R | V5-R.1
11,68,0.9023982999392834,0.9092289010321797,0.9022465088038858,0.9046245699251164,0.9257741347905283,0.7323071074833675,0.110149395304719,0.7477857118132377,0.15537059056678557,0.8316831683168316,0.8450704225352113,0.7400464096483026,0.8383767954260215,0.8347324466216174,A1-F | A1-R.3 | A2-F.1 | A2-R | A3-F.1 | A3-R | A4-F.1 | A4-R.1 | A5-F.2 | A5-R | V5-R.1
11,68,0.8975409836065574,0.9046751669702489,0.8959471766848816,0.8993877757538958,0.9285063752276868,0.7380247476739598,0.16374199668010433,0.7458771806203123,0.22433610780816488,0.8514851485148515,0.8535211267605634,0.741950964147136,0.8525031376377075,0.8409868256708434,A1-F | A1-R.4(补) | A2-F.1 | A2-R | A3-F.1 | A3-R | A4-F.1 | A4-R.1 | A5-F.2 | A5-R | V5-R.1
11,64,0.8765938069216758,0.8882058287795993,0.8983758348512447,0.88772515685084,0.9312386156648452,0.7741739384566918,0.3458619871946882,0.7790834428841678,0.44391597304795877,0.8465346534653465,0.8422535211267606,0.7766286906704298,0.8443940872960536,0.8507537978771097,A1-F | A1-R.1 | A2-F.2(补) | A2-R | A3-F.1 | A3-R | A4-F.1 | A4-R.1 | A5-F.2 | A5-R | V5-R.1
11,68,0.8210382513661202,0.8271857923497268,0.8704462659380692,0.8395567698846387,0.8966302367941712,0.5757971747852192,0.039245909414275554,0.5727556228888485,0.04201347602061038,0.5247524752475248,0.3323943661971831,0.5742763988370339,0.42857342072235394,0.6331600187845197,A1-F | A1-R.1 | A2-F.1 | A2-R | A3-F.2 | A3-R | A4-F.1 | A4-R.1 | A5-F.2 | A5-R | V5-R.1
11,68,0.8706739526411658,0.8772768670309654,0.8975409836065574,0.8818306010928962,0.9261536126290225,0.7715393130862762,0.2617974863647142,0.7833028567745656,0.36662703131193025,0.8712871287128713,0.856338028169014,0.7774210849304208,0.8638125784409427,0.8557957586667954,A1-F | A1-R.1 | A2-F.1 | A2-R | A3-F.1 | A3-R | A4-F.2 | A4-R.1 | A5-F.2 | A5-R | V5-R.1
11,68,0.8608834244080146,0.8756830601092896,0.9002732240437158,0.8789465695203401,0.9295689131754706,0.681411931996728,0.010196822385582168,0.7023611791635985,0.024177566389219182,0.8415841584158416,0.8507042253521127,0.6918865555801632,0.8461441918839772,0.8225332202132037,A1-F | A1-R.1 | A2-F.1 | A2-R | A3-F.1 | A3-R | A4-F.3(补) | A4-R.1 | A5-F.2 | A5-R | V5-R.1
11,68,0.8720400728597449,0.8886612021857924,0.8950364298724954,0.8852459016393442,0.932832422586521,0.7659508989697218,0.25741048138487077,0.7732204135696535,0.3273880301228696,0.8465346534653465,0.8394366197183099,0.7695856562696877,0.8429856365918282,0.8484679051493457,A1-F | A1-R.1 | A2-F.1 | A2-R | A3-F.1 | A3-R | A4-F.1 | A4-R.2(补) | A5-F.2 | A5-R | V5-R.1
12,74,0.8959471766848816,0.8925318761384335,0.9055100182149363,0.8979963570127505,0.9371584699453552,0.833246086450845,0.4525729191368271,0.8433817898600727,0.5568767340467697,0.8712871287128713,0.856338028169014,0.8383139381554588,0.8638125784409427,0.8797616621805856,A1-F | A1-R.1 | A1-R.2 | A2-F.1 | A2-R | A3-F.1 | A3-R | A4-F.1 | A4-R.1 | A5-F.2 | A5-R | V5-R.1
12,76,0.8829690346083788,0.894808743169399,0.9017911353976928,0.8931896377251568,0.9330601092896175,0.8182840861656218,0.3802466208204885,0.8290772347166201,0.49782005548949665,0.8514851485148515,0.8535211267605634,0.8236806604411209,0.8525031376377075,0.8697479691228153,A1-F | A1-R.1 | A1-R.3 | A2-F.1 | A2-R | A3-F.1 | A3-R | A4-F.1 | A4-R.1 | A5-F.2 | A5-R | V5-R.1
12,76,0.8825136612021858,0.8938979963570127,0.9013357619914998,0.8925824731835661,0.9326047358834244,0.8178703417120777,0.37834953758596157,0.8260094849605845,0.4938565200158541,0.8514851485148515,0.856338028169014,0.8219399133363311,0.8539115883419328,0.8694854125205627,A1-F | A1-R.1 | A1-R.4(补) | A2-F.1 | A2-R | A3-F.1 | A3-R | A4-F.1 | A4-R.1 | A5-F.2 | A5-R | V5-R.1
12,72,0.8829690346083788,0.8938979963570127,0.9013357619914998,0.8927342643189639,0.9326047358834244,0.8163139363256771,0.3760967512449609,0.8267545586081185,0.49108204518430437,0.8712871287128713,0.8788732394366198,0.8215342474668978,0.8750801840747455,0.8764063891416892,A1-F | A1-R.1 | A2-F.1 | A2-F.2(补) | A2-R | A3-F.1 | A3-R | A4-F.1 | A4-R.1 | A5-F.2 | A5-R | V5-R.1
12,76,0.8866120218579235,0.8984517304189436,0.9068761384335154,0.8973132969034608,0.9382969034608379,0.8445147700138101,0.4122599004031302,0.8514124796177237,0.5330955212049148,0.8514851485148515,0.8647887323943662,0.8479636248157669,0.8581369404546089,0.8814658229104045,A1-F | A1-R.1 | A2-F.1 | A2-R | A3-F.1 | A3-F.2 | A3-R | A4-F.1 | A4-R.1 | A5-F.2 | A5-R | V5-R.1
12,76,0.8825136612021858,0.8938979963570127,0.8999696417729205,0.892127099777373,0.9321493624772313,0.8180359216115102,0.37929807920322506,0.830701995339031,0.49742370194213237,0.8712871287128713,0.8676056338028169,0.8243689584752706,0.8694463812578441,0.8753215674034487,A1-F | A1-R.1 | A2-F.1 | A2-R | A3-F.1 | A3-R | A4-F.1 | A4-F.2 | A4-R.1 | A5-F.2 | A5-R | V5-R.1
12,76,0.8820582877959927,0.8934426229508197,0.9004250151791137,0.8919753086419754,0.9321493624772313,0.817876534526255,0.3769267251600664,0.8324459145304833,0.4942528735632184,0.8811881188118812,0.8704225352112676,0.8251612245283692,0.8758053270115744,0.8777053046723916,A1-F | A1-R.1 | A2-F.1 | A2-R | A3-F.1 | A3-R | A4-F.1 | A4-F.3(补) | A4-R.1 | A5-F.2 | A5-R | V5-R.1
12,76,0.8816029143897997,0.8925318761384335,0.9013357619914998,0.8918235175065776,0.9326047358834244,0.816232594916773,0.3762153189471188,0.8262669372249114,0.49147839873166865,0.8514851485148515,0.8619718309859155,0.8212497660708422,0.8567284897503835,0.8701943305682166,A1-F | A1-R.1 | A2-F.1 | A2-R | A3-F.1 | A3-R | A4-F.1 | A4-R.1 | A4-R.2(补) | A5-F.2 | A5-R | V5-R.1
12,76,0.8822859744990893,0.8941256830601093,0.9004250151791137,0.8922788909127708,0.9316939890710383,0.8404455447396693,0.4034858904434432,0.8496791192998899,0.5184304399524375,0.8514851485148515,0.8535211267605634,0.8450623320197796,0.8525031376377075,0.8764198195761752,A1-F | A1-R.1 | A2-F.1 | A2-R | A3-F.1 | A3-R | A4-F.1 | A4-R.1 | A5-F.1 | A5-F.2 | A5-R | V5-R.1
12,76,0.8825136612021858,0.8943533697632058,0.9017911353976928,0.8928860554543615,0.9326047358834244,0.8232308548683043,0.3830922456722789,0.8303311168450118,0.4938565200158541,0.8861386138613861,0.856338028169014,0.826780985856658,0.8712383210152002,0.8768746809184275,A1-F | A1-R.1 | A2-F.1 | A2-R | A3-F.1 | A3-R | A4-F.1 | A4-R.1 | A5-F.2 | A5-F.3(补) | A5-R | V5-R.1
12,76,0.8829690346083788,0.8943533697632058,0.9013357619914998,0.8928860554543614,0.9326047358834244,0.8163897666522012,0.3766895897557505,0.826326239636618,0.49306381292112567,0.8514851485148515,0.8535211267605634,0.8213580031444097,0.8525031376377075,0.8688219588885139,A1-F | A1-R.1 | A2-F.1 | A2-R | A3-F.1 | A3-R | A4-F.1 | A4-R.1 | A5-F.2 | A5-R | V5-R.1 | V5-R.2
12,70,0.8829690346083788,0.8943533697632058,0.9008803885853067,0.8927342643189636,0.9326047358834244,0.8174781972287275,0.3790609437989092,0.8268248168434288,0.49227110582639716,0.8514851485148515,0.8535211267605634,0.8221515070360781,0.8525031376377075,0.8690864601857365,A1-F | A1-R.1 | A2-F.1 | A2-R | A3-F.1 | A3-R | A4-F.1 | A4-R.1 | A5-F.2 | A5-R | V5-R.1 | V1_f（SNAP）
12,70,0.8820582877959927,0.8934426229508197,0.9013357619914998,0.8922788909127707,0.9326047358834244,0.8161093235694812,0.3770452928622243,0.825954170541177,0.49108204518430437,0.8514851485148515,0.8535211267605634,0.8210317470553291,0.8525031376377075,0.8687132068588204,A1-F | A1-R.1 | A2-F.1 | A2-R | A3-F.1 | A3-R | A4-F.1 | A4-R.1 | A5-F.2 | A5-R | V5-R.1 | V5_r（SNAP 907R）
13,82,0.9014116575591985,0.8993624772313297,0.9080145719489982,0.9029295689131754,0.9414845173041895,0.8617440086713606,0.5054541142992649,0.8689169038521339,0.6286167261196988,0.8712871287128713,0.8676056338028169,0.8653304562617472,0.8694463812578441,0.8920871182745936,A1-F | A1-R.1 | A1-R.2 | A2-F.1 | A2-R | A3-F.1 | A3-F.2 | A3-R | A4-F.1 | A4-R.1 | A5-F.2 | A5-R | V5-R.1
13,84,0.8879781420765027,0.8998178506375227,0.9086976320582878,0.8988312082574378,0.9392076502732241,0.8467820083861375,0.42281242589518614,0.8546123487086814,0.5521204914783987,0.8514851485148515,0.8647887323943662,0.8506971785474094,0.8581369404546089,0.8826805897584141,A1-F | A1-R.1 | A1-R.3 | A2-F.1 | A2-R | A3-F.1 | A3-F.2 | A3-R | A4-F.1 | A4-R.1 | A5-F.2 | A5-R | V5-R.1
13,84,0.8866120218579235,0.8984517304189436,0.9068761384335154,0.8973132969034608,0.9382969034608379,0.8463682639325935,0.41463125444628884,0.8515445989526458,0.5358699960364646,0.8514851485148515,0.8676056338028169,0.8489564314426197,0.8595453911588342,0.8822662420207639,A1-F | A1-R.1 | A1-R.4(补) | A2-F.1 | A2-R | A3-F.1 | A3-F.2 | A3-R | A4-F.1 | A4-R.1 | A5-F.2 | A5-R | V5-R.1
13,80,0.8870673952641166,0.8984517304189436,0.9068761384335154,0.8974650880388585,0.9382969034608379,0.8448118585461927,0.4122599004031302,0.85228967260018,0.5330955212049148,0.8712871287128713,0.8901408450704226,0.8485507655731863,0.8807139868916469,0.8891872186418904,A1-F | A1-R.1 | A2-F.1 | A2-F.2(补) | A2-R | A3-F.1 | A3-F.2 | A3-R | A4-F.1 | A4-R.1 | A5-F.2 | A5-R | V5-R.1
13,84,0.8866120218579235,0.8984517304189436,0.9055100182149363,0.8968579234972678,0.9378415300546448,0.8465338438320259,0.4155797960635523,0.8562371093310923,0.5394371779627428,0.8712871287128713,0.8788732394366198,0.8513854765815592,0.8750801840747455,0.8881023969036498,A1-F | A1-R.1 | A2-F.1 | A2-R | A3-F.1 | A3-F.2 | A3-R | A4-F.1 | A4-F.2 | A4-R.1 | A5-F.2 | A5-R | V5-R.1
13,84,0.8861566484517304,0.8979963570127505,0.9059653916211293,0.89670613236187,0.9378415300546448,0.8463744567467708,0.41308987431823574,0.8579810285225447,0.5362663495838288,0.8811881188118812,0.8816901408450705,0.8521777426346577,0.8814391298284758,0.8904861341725928,A1-F | A1-R.1 | A2-F.1 | A2-R | A3-F.1 | A3-F.2 | A3-R | A4-F.1 | A4-F.3(补) | A4-R.1 | A5-F.2 | A5-R | V5-R.1
13,84,0.8857012750455373,0.8970856102003643,0.9068761384335154,0.8965543412264724,0.9382969034608379,0.8447305171372888,0.41249703580744607,0.8518020512169727,0.533491874752279,0.8514851485148515,0.8732394366197183,0.8482662841771307,0.8623622925672849,0.8829751600684178,A1-F | A1-R.1 | A2-F.1 | A2-R | A3-F.1 | A3-F.2 | A3-R | A4-F.1 | A4-R.1 | A4-R.2(补) | A5-F.2 | A5-R | V5-R.1
13,84,0.8870673952641166,0.8993624772313297,0.9068761384335154,0.8977686703096538,0.9373861566484517,0.868943466960185,0.44379890917714016,0.8752142332919514,0.5636147443519619,0.8514851485148515,0.8647887323943662,0.8720788501260681,0.8581369404546089,0.8892006490763763,A1-F | A1-R.1 | A2-F.1 | A2-R | A3-F.1 | A3-F.2 | A3-R | A4-F.1 | A4-R.1 | A5-F.1 | A5-F.2 | A5-R | V5-R.1
13,84,0.8866120218579235,0.8989071038251366,0.9073315118397086,0.8976168791742563,0.9382969034608379,0.8517287770888198,0.4192553948304482,0.8558662308370731,0.5358699960364646,0.8861386138613861,0.8676056338028169,0.8537975039629464,0.8768721238321016,0.8896555104186286,A1-F | A1-R.1 | A2-F.1 | A2-R | A3-F.1 | A3-F.2 | A3-R | A4-F.1 | A4-R.1 | A5-F.2 | A5-F.3(补) | A5-R | V5-R.1
13,84,0.8870673952641166,0.8989071038251366,0.9068761384335154,0.8976168791742563,0.9382969034608379,0.8449516868247824,0.41320844202039364,0.8519422597775467,0.5354736424891002,0.8514851485148515,0.8647887323943662,0.8484469733011646,0.8581369404546089,0.8816269390722038,A1-F | A1-R.1 | A2-F.1 | A2-R | A3-F.1 | A3-F.2 | A3-R | A4-F.1 | A4-R.1 | A5-F.2 | A5-R | V5-R.1 | V5-R.2
13,78,0.8870673952641166,0.8989071038251366,0.9064207650273224,0.8974650880388585,0.9382969034608379,0.8459761194492432,0.4154612283613944,0.8523599308354902,0.5342845818470076,0.8514851485148515,0.8647887323943662,0.8491680251423668,0.8581369404546089,0.8818672896859377,A1-F | A1-R.1 | A2-F.1 | A2-R | A3-F.1 | A3-F.2 | A3-R | A4-F.1 | A4-R.1 | A5-F.2 | A5-R | V5-R.1 | V1_f（SNAP）
13,78,0.8861566484517304,0.8979963570127505,0.9068761384335154,0.8970097146326653,0.9382969034608379,0.8446232452780134,0.41320844202039364,0.8514892845332384,0.5330955212049148,0.8514851485148515,0.8647887323943662,0.8480562649056258,0.8581369404546089,0.8814967029403574,A1-F | A1-R.1 | A2-F.1 | A2-R | A3-F.1 | A3-F.2 | A3-R | A4-F.1 | A4-R.1 | A5-F.2 | A5-R | V5-R.1 | V5_r（SNAP 907R）
14,90,0.9034608378870674,0.900728597449909,0.9093806921675774,0.9045233758348513,0.9423952641165756,0.8638369803729232,0.5149395304718994,0.8720975717142132,0.6472453428458185,0.8712871287128713,0.8676056338028169,0.8679672760435682,0.8694463812578441,0.8932696404726626,A1-F | A1-R.1 | A1-R.2 | A1-R.3 | A2-F.1 | A2-R | A3-F.1 | A3-F.2 | A3-R | A4-F.1 | A4-R.1 | A5-F.2 | A5-R | V5-R.1
14,90,0.9014116575591985,0.8993624772313297,0.9080145719489982,0.9029295689131754,0.9414845173041895,0.8634674611815097,0.5072326298316339,0.8690106207292989,0.6302021403091558,0.8712871287128713,0.8704225352112676,0.8662390409554044,0.8708548319620695,0.8928594634072211,A1-F | A1-R.1 | A1-R.2 | A1-R.4(补) | A2-F.1 | A2-R | A3-F.1 | A3-F.2 | A3-R | A4-F.1 | A4-R.1 | A5-F.2 | A5-R | V5-R.1
14,86,0.9018670309653917,0.8993624772313297,0.9080145719489982,0.9030813600485731,0.9414845173041895,0.8620410972037433,0.5054541142992649,0.8697940968345902,0.6286167261196988,0.8861386138613861,0.8929577464788733,0.8659175970191668,0.8895481801701297,0.8989834314978286,A1-F | A1-R.1 | A1-R.2 | A2-F.1 | A2-F.2(补) | A2-R | A3-F.1 | A3-F.2 | A3-R | A4-F.1 | A4-R.1 | A5-F.2 | A5-R | V5-R.1
14,90,0.9014116575591985,0.8993624772313297,0.906648451730419,0.9024741955069824,0.9410291438979964,0.8637630824895766,0.5097225515769505,0.8737415335655027,0.635354736424891,0.8910891089108911,0.8816901408450705,0.8687523080275397,0.8863896248779808,0.898723692267839,A1-F | A1-R.1 | A1-R.2 | A2-F.1 | A2-R | A3-F.1 | A3-F.2 | A3-R | A4-F.1 | A4-F.2 | A4-R.1 | A5-F.2 | A5-R | V5-R.1
14,90,0.9009562841530054,0.8989071038251366,0.907103825136612,0.9023224043715846,0.9410291438979964,0.8636036954043212,0.5062840882143704,0.875485452756955,0.6317875544986128,0.900990099009901,0.8873239436619719,0.8695445740806381,0.8941570213359364,0.901576913104857,A1-F | A1-R.1 | A1-R.2 | A2-F.1 | A2-R | A3-F.1 | A3-F.2 | A3-R | A4-F.1 | A4-F.3(补) | A4-R.1 | A5-F.2 | A5-R | V5-R.1
14,90,0.9005009107468124,0.8979963570127505,0.9080145719489982,0.902170613236187,0.9414845173041895,0.8619597557948393,0.5058098174057387,0.8693064754513831,0.629013079667063,0.8712871287128713,0.8760563380281691,0.8656331156231112,0.8736717333705202,0.8935964554326069,A1-F | A1-R.1 | A1-R.2 | A2-F.1 | A2-R | A3-F.1 | A3-F.2 | A3-R | A4-F.1 | A4-R.1 | A4-R.2(补) | A5-F.2 | A5-R | V5-R.1
14,90,0.9009562841530054,0.8989071038251366,0.9061930783242259,0.9020188221007893,0.9410291438979964,0.8861727056177355,0.5426843727768556,0.8927186575263616,0.6646848989298454,0.8712871287128713,0.8676056338028169,0.8894456815720486,0.8694463812578441,0.8999737355759629,A1-F | A1-R.1 | A1-R.2 | A2-F.1 | A2-R | A3-F.1 | A3-F.2 | A3-R | A4-F.1 | A4-R.1 | A5-F.1 | A5-F.2 | A5-R | V5-R.1
14,90,0.9014116575591985,0.8993624772313297,0.9084699453551912,0.9030813600485731,0.9414845173041895,0.8689580157463705,0.5131610149395305,0.8733706550714835,0.6313912009512486,0.8960396039603961,0.8732394366197183,0.871164335408927,0.8846395202900572,0.8990961243343912,A1-F | A1-R.1 | A1-R.2 | A2-F.1 | A2-R | A3-F.1 | A3-F.2 | A3-R | A4-F.1 | A4-R.1 | A5-F.2 | A5-F.3(补) | A5-R | V5-R.1
14,90,0.9014116575591985,0.8993624772313297,0.9075591985428051,0.9027777777777777,0.9414845173041895,0.8621809254823329,0.5073511975337918,0.8694466840119569,0.6313912009512486,0.8712871287128713,0.8676056338028169,0.8658138047471449,0.8694463812578441,0.8922482344363928,A1-F | A1-R.1 | A1-R.2 | A2-F.1 | A2-R | A3-F.1 | A3-F.2 | A3-R | A4-F.1 | A4-R.1 | A5-F.2 | A5-R | V5-R.1 | V5-R.2
14,84,0.9018670309653917,0.8998178506375227,0.9075591985428051,0.9030813600485731,0.9414845173041895,0.8632374648043972,0.5091297130661607,0.8699240093732128,0.6302021403091558,0.8762376237623762,0.8676056338028169,0.866580737088805,0.8719216287825966,0.8933289610585303,A1-F | A1-R.1 | A1-R.2 | A2-F.1 | A2-R | A3-F.1 | A3-F.2 | A3-R | A4-F.1 | A4-R.1 | A5-F.2 | A5-R | V5-R.1 | V1_f（SNAP）
14,84,0.9009562841530054,0.8989071038251366,0.9080145719489982,0.9026259866423801,0.9414845173041895,0.8618524839355639,0.5064026559165283,0.8689937087676486,0.6286167261196988,0.8712871287128713,0.8676056338028169,0.8654230963516063,0.8694463812578441,0.8921179983045467,A1-F | A1-R.1 | A1-R.2 | A2-F.1 | A2-R | A3-F.1 | A3-F.2 | A3-R | A4-F.1 | A4-R.1 | A5-F.2 | A5-R | V5-R.1 | V5_r（SNAP 907R）
15,98,0.9030054644808743,0.9002732240437158,0.9084699453551912,0.9039162112932604,0.9419398907103825,0.8656966671058838,0.515769504387005,0.878666120619034,0.6504161712247325,0.900990099009901,0.8873239436619719,0.872181393862459,0.8941570213359364,0.9027594353029259,A1-F | A1-R.1 | A1-R.2 | A1-R.3 | A2-F.1 | A2-R | A3-F.1 | A3-F.2 | A3-R | A4-F.1 | A4-F.3(补) | A4-R.1 | A5-F.2 | A5-R | V5-R.1
15,98,0.9009562841530054,0.8989071038251366,0.907103825136612,0.9023224043715846,0.9410291438979964,0.8653271479144704,0.5080626037467394,0.8755791696341199,0.6333729686880698,0.900990099009901,0.8901408450704226,0.8704531587742952,0.8955654720401618,0.9023492582374845,A1-F | A1-R.1 | A1-R.2 | A1-R.4(补) | A2-F.1 | A2-R | A3-F.1 | A3-F.2 | A3-R | A4-F.1 | A4-F.3(补) | A4-R.1 | A5-F.2 | A5-R | V5-R.1
15,94,0.9014116575591985,0.8989071038251366,0.907103825136612,0.9024741955069824,0.9410291438979964,0.8639007839367039,0.5062840882143704,0.8763626457394111,0.6317875544986128,0.9108910891089109,0.9070422535211268,0.8701317148380575,0.9089666713150188,0.906709176683691,A1-F | A1-R.1 | A1-R.2 | A2-F.1 | A2-F.2(补) | A2-R | A3-F.1 | A3-F.2 | A3-R | A4-F.1 | A4-F.3(补) | A4-R.1 | A5-F.2 | A5-R | V5-R.1
15,98,0.9014116575591985,0.8993624772313297,0.9061930783242259,0.9023224043715846,0.9410291438979964,0.8643799374223184,0.5099596869812663,0.8762894345048817,0.6365437970669837,0.900990099009901,0.8873239436619719,0.8703346859636001,0.8941570213359364,0.9018402837325109,A1-F | A1-R.1 | A1-R.2 | A2-F.1 | A2-R | A3-F.1 | A3-F.2 | A3-R | A4-F.1 | A4-F.2 | A4-F.3(补) | A4-R.1 | A5-F.2 | A5-R | V5-R.1
15,98,0.9000455373406193,0.8975409836065574,0.9075591985428051,0.901715239829994,0.9410291438979964,0.8638194425278,0.5066397913208442,0.8763136208474321,0.632183908045977,0.900990099009901,0.895774647887324,0.870066531687616,0.8983823734486125,0.903159349678075,A1-F | A1-R.1 | A1-R.2 | A2-F.1 | A2-R | A3-F.1 | A3-F.2 | A3-R | A4-F.1 | A4-F.3(补) | A4-R.1 | A4-R.2(补) | A5-F.2 | A5-R | V5-R.1
15,98,0.9005009107468124,0.8984517304189436,0.9052823315118397,0.9014116575591986,0.9405737704918032,0.8880323923506962,0.5438700497984349,0.8992872064311827,0.6686484344034879,0.900990099009901,0.8873239436619719,0.8936597993909394,0.8941570213359364,0.9094635304062263,A1-F | A1-R.1 | A1-R.2 | A2-F.1 | A2-R | A3-F.1 | A3-F.2 | A3-R | A4-F.1 | A4-F.3(补) | A4-R.1 | A5-F.1 | A5-F.2 | A5-R | V5-R.1
15,98,0.9009562841530054,0.8989071038251366,0.9080145719489982,0.9026259866423801,0.9410291438979964,0.8708177024793311,0.513990988854636,0.8799392039763044,0.6349583828775267,0.9455445544554455,0.9014084507042254,0.8753784532278177,0.9234765025798355,0.9132946999018832,A1-F | A1-R.1 | A1-R.2 | A2-F.1 | A2-R | A3-F.1 | A3-F.2 | A3-R | A4-F.1 | A4-F.3(补) | A4-R.1 | A5-F.2 | A5-F.3(补) | A5-R | V5-R.1
15,98,0.9009562841530054,0.8989071038251366,0.906648451730419,0.9021706132361871,0.9410291438979964,0.8640406122152935,0.5081811714488973,0.8760152329167779,0.6345620293301625,0.900990099009901,0.8873239436619719,0.8700279225660357,0.8941570213359364,0.9017380292666561,A1-F | A1-R.1 | A1-R.2 | A2-F.1 | A2-R | A3-F.1 | A3-F.2 | A3-R | A4-F.1 | A4-F.3(补) | A4-R.1 | A5-F.2 | A5-R | V5-R.1 | V5-R.2
15,92,0.9014116575591985,0.8993624772313297,0.906648451730419,0.9024741955069824,0.9410291438979964,0.8650971515373578,0.5099596869812663,0.8764925582780339,0.6333729686880698,0.9158415841584159,0.8901408450704226,0.8707948549076958,0.9029912146144192,0.9049384044733705,A1-F | A1-R.1 | A1-R.2 | A2-F.1 | A2-R | A3-F.1 | A3-F.2 | A3-R | A4-F.1 | A4-F.3(补) | A4-R.1 | A5-F.2 | A5-R | V5-R.1 | V1_f（SNAP）
15,92,0.9005009107468124,0.8984517304189436,0.907103825136612,0.9020188221007893,0.9410291438979964,0.8637121706685245,0.5072326298316339,0.8755622576724696,0.6317875544986128,0.900990099009901,0.8873239436619719,0.8696372141704971,0.8941570213359364,0.90160779313481,A1-F | A1-R.1 | A1-R.2 | A2-F.1 | A2-R | A3-F.1 | A3-F.2 | A3-R | A4-F.1 | A4-F.3(补) | A4-R.1 | A5-F.2 | A5-R | V5-R.1 | V5_r（SNAP 907R）
16,106,0.9030054644808743,0.9002732240437158,0.9093806921675774,0.9042197935640558,0.9419398907103825,0.8729106741808935,0.5234764050272706,0.8831198718383835,0.6535869996036464,0.9455445544554455,0.9014084507042254,0.8780152730096384,0.9234765025798355,0.9144772220999521,A1-F | A1-R.1 | A1-R.2 | A1-R.3 | A2-F.1 | A2-R | A3-F.1 | A3-F.2 | A3-R | A4-F.1 | A4-F.3(补) | A4-R.1 | A5-F.2 | A5-F.3(补) | A5-R | V5-R.1
16,106,0.9009562841530054,0.8989071038251366,0.9080145719489982,0.9026259866423801,0.9410291438979964,0.8725411549894801,0.5160066397913209,0.8800329208534693,0.6365437970669837,0.9455445544554455,0.9042253521126761,0.8762870379214747,0.9248849532840608,0.9140670450345105,A1-F | A1-R.1 | A1-R.2 | A1-R.4(补) | A2-F.1 | A2-R | A3-F.1 | A3-F.2 | A3-R | A4-F.1 | A4-F.3(补) | A4-R.1 | A5-F.2 | A5-F.3(补) | A5-R | V5-R.1
16,102,0.9014116575591985,0.8989071038251366,0.9080145719489982,0.9027777777777777,0.9410291438979964,0.8711147910117137,0.513990988854636,0.8808163969587606,0.6349583828775267,0.9504950495049505,0.9211267605633803,0.8759655939852371,0.9358109050341654,0.9176018809724663,A1-F | A1-R.1 | A1-R.2 | A2-F.1 | A2-F.2(补) | A2-R | A3-F.1 | A3-F.2 | A3-R | A4-F.1 | A4-F.3(补) | A4-R.1 | A5-F.2 | A5-F.3(补) | A5-R | V5-R.1
16,106,0.9014116575591985,0.8993624772313297,0.907103825136612,0.9026259866423801,0.9410291438979964,0.8715939444973281,0.517666587621532,0.8807431857242312,0.6397146254458977,0.9455445544554455,0.9014084507042254,0.8761685651107796,0.9234765025798355,0.9135580705295371,A1-F | A1-R.1 | A1-R.2 | A2-F.1 | A2-R | A3-F.1 | A3-F.2 | A3-R | A4-F.1 | A4-F.2 | A4-F.3(补) | A4-R.1 | A5-F.2 | A5-F.3(补) | A5-R | V5-R.1
16,106,0.9000455373406193,0.8975409836065574,0.9080145719489982,0.9018670309653917,0.9410291438979964,0.8710334496028097,0.5143466919611098,0.8807673720667816,0.6357510899722553,0.9455445544554455,0.9098591549295775,0.8759004108347956,0.9277018546925115,0.9148771364751012,A1-F | A1-R.1 | A1-R.2 | A2-F.1 | A2-R | A3-F.1 | A3-F.2 | A3-R | A4-F.1 | A4-F.3(补) | A4-R.1 | A4-R.2(补) | A5-F.2 | A5-F.3(补) | A5-R | V5-R.1
16,106,0.9005009107468124,0.8984517304189436,0.9061930783242259,0.9017152398299939,0.9405737704918032,0.892834556246921,0.550628408821437,0.9037005045760984,0.6714229092350377,0.9455445544554455,0.9014084507042254,0.8982675304115098,0.9234765025798355,0.9207726011610494,A1-F | A1-R.1 | A1-R.2 | A2-F.1 | A2-R | A3-F.1 | A3-F.2 | A3-R | A4-F.1 | A4-F.3(补) | A4-R.1 | A5-F.1 | A5-F.2 | A5-F.3(补) | A5-R | V5-R.1
16,106,0.9009562841530054,0.8989071038251366,0.9075591985428051,0.9024741955069824,0.9410291438979964,0.8712546192903033,0.5158880720891629,0.8804689841361274,0.6377328577090765,0.9455445544554455,0.9014084507042254,0.8758618017132154,0.9234765025798355,0.9134558160636824,A1-F | A1-R.1 | A1-R.2 | A2-F.1 | A2-R | A3-F.1 | A3-F.2 | A3-R | A4-F.1 | A4-F.3(补) | A4-R.1 | A5-F.2 | A5-F.3(补) | A5-R | V5-R.1 | V5-R.2
16,100,0.9014116575591985,0.8993624772313297,0.9075591985428051,0.9027777777777777,0.9410291438979964,0.8723111586123676,0.5177851553236898,0.8809463094973833,0.6365437970669837,0.9603960396039604,0.9042253521126761,0.8766287340548755,0.9323106958583183,0.9166561912703967,A1-F | A1-R.1 | A1-R.2 | A2-F.1 | A2-R | A3-F.1 | A3-F.2 | A3-R | A4-F.1 | A4-F.3(补) | A4-R.1 | A5-F.2 | A5-F.3(补) | A5-R | V5-R.1 | V1_f（SNAP）
16,100,0.9005009107468124,0.8984517304189436,0.9080145719489982,0.9023224043715846,0.9410291438979964,0.8709261777435343,0.5149395304718994,0.880016008891819,0.6349583828775267,0.9455445544554455,0.9014084507042254,0.8754710933176766,0.9234765025798355,0.9133255799318362,A1-F | A1-R.1 | A1-R.2 | A2-F.1 | A2-R | A3-F.1 | A3-F.2 | A3-R | A4-F.1 | A4-F.3(补) | A4-R.1 | A5-F.2 | A5-F.3(补) | A5-R | V5-R.1 | V5_r（SNAP 907R）
17,114,0.9025500910746812,0.8998178506375227,0.9075591985428051,0.9033090467516697,0.9414845173041895,0.8949275279484835,0.5608252312070192,0.9068811724381775,0.6908442330558858,0.9455445544554455,0.9014084507042254,0.9009043501933305,0.9234765025798355,0.9219551233591184,A1-F | A1-R.1 | A1-R.2 | A1-R.3 | A2-F.1 | A2-R | A3-F.1 | A3-F.2 | A3-R | A4-F.1 | A4-F.3(补) | A4-R.1 | A5-F.1 | A5-F.2 | A5-F.3(补) | A5-R | V5-R.1
17,114,0.9005009107468124,0.8984517304189436,0.9061930783242259,0.9017152398299939,0.9405737704918032,0.89455800875707,0.5528811951624377,0.9037942214532632,0.6730083234244947,0.9455445544554455,0.9042253521126761,0.8991761151051666,0.9248849532840608,0.9215449462936768,A1-F | A1-R.1 | A1-R.2 | A1-R.4(补) | A2-F.1 | A2-R | A3-F.1 | A3-F.2 | A3-R | A4-F.1 | A4-F.3(补) | A4-R.1 | A5-F.1 | A5-F.2 | A5-F.3(补) | A5-R | V5-R.1
17,114,0.900728597449909,0.89867941712204,0.9055100182149363,0.9016393442622951,0.9403460837887068,0.8936107982649181,0.5565567939293337,0.9045044863240252,0.6781609195402298,0.9455445544554455,0.9014084507042254,0.8990576422944716,0.9234765025798355,0.9209600762210046,A1-F | A1-R.1 | A1-R.2 | A2-F.1 | A2-R | A3-F.1 | A3-F.2 | A3-R | A4-F.1 | A4-F.2 | A4-F.3(补) | A4-R.1 | A5-F.1 | A5-F.2 | A5-F.3(补) | A5-R | V5-R.1
17,114,0.9000455373406193,0.8975409836065574,0.9061930783242259,0.9012598664238008,0.9405737704918032,0.8930503033703996,0.5509841119279109,0.9045286726665756,0.6722156163297661,0.9455445544554455,0.9098591549295775,0.8987894880184876,0.9277018546925115,0.9223550377342674,A1-F | A1-R.1 | A1-R.2 | A2-F.1 | A2-R | A3-F.1 | A3-F.2 | A3-R | A4-F.1 | A4-F.3(补) | A4-R.1 | A4-R.2(补) | A5-F.1 | A5-F.2 | A5-F.3(补) | A5-R | V5-R.1
17,114,0.9005009107468124,0.8984517304189436,0.9057377049180327,0.9015634486945961,0.9405737704918032,0.8932714730578932,0.5526440597581219,0.9042302847359213,0.6741973840665874,0.9455445544554455,0.9014084507042254,0.8987508788969072,0.9234765025798355,0.9209337173228486,A1-F | A1-R.1 | A1-R.2 | A2-F.1 | A2-R | A3-F.1 | A3-F.2 | A3-R | A4-F.1 | A4-F.3(补) | A4-R.1 | A5-F.1 | A5-F.2 | A5-F.3(补) | A5-R | V5-R.1 | V5-R.2
17,108,0.9000455373406193,0.8979963570127505,0.9061930783242259,0.9014116575591986,0.9405737704918032,0.8929430315111242,0.5515769504387005,0.903777309491613,0.6714229092350377,0.9455445544554455,0.9014084507042254,0.8983601705013686,0.9234765025798355,0.9208034811910024,A1-F | A1-R.1 | A1-R.2 | A2-F.1 | A2-R | A3-F.1 | A3-F.2 | A3-R | A4-F.1 | A4-F.3(补) | A4-R.1 | A5-F.1 | A5-F.2 | A5-F.3(补) | A5-R | V5-R.1 | V5_r（SNAP 907R）
18,118,0.9009562841530054,0.8984517304189436,0.9061930783242259,0.9018670309653917,0.9405737704918032,0.8948550972894527,0.5528811951624377,0.9046714144357194,0.6730083234244947,0.9504950495049505,0.923943661971831,0.8997632558625861,0.9372193557383908,0.92585212736426,A1-F | A1-R.1 | A1-R.2 | A1-R.4(补) | A2-F.1 | A2-F.2(补) | A2-R | A3-F.1 | A3-F.2 | A3-R | A4-F.1 | A4-F.3(补) | A4-R.1 | A5-F.1 | A5-F.2 | A5-F.3(补) | A5-R | V5-R.1
18,118,0.901183970856102,0.89867941712204,0.9055100182149363,0.9017911353976927,0.9403460837887068,0.8939078867973007,0.5565567939293337,0.9053816793064813,0.6781609195402298,0.9504950495049505,0.9211267605633803,0.899644783051891,0.9358109050341654,0.9252672572915878,A1-F | A1-R.1 | A1-R.2 | A2-F.1 | A2-F.2(补) | A2-R | A3-F.1 | A3-F.2 | A3-R | A4-F.1 | A4-F.2 | A4-F.3(补) | A4-R.1 | A5-F.1 | A5-F.2 | A5-F.3(补) | A5-R | V5-R.1
18,118,0.9005009107468124,0.8975409836065574,0.9061930783242259,0.9014116575591986,0.9405737704918032,0.8933473919027822,0.5509841119279109,0.9054058656490317,0.6722156163297661,0.9504950495049505,0.9267605633802817,0.899376628775907,0.9386278064426161,0.9261927352367755,A1-F | A1-R.1 | A1-R.2 | A2-F.1 | A2-F.2(补) | A2-R | A3-F.1 | A3-F.2 | A3-R | A4-F.1 | A4-F.3(补) | A4-R.1 | A4-R.2(补) | A5-F.1 | A5-F.2 | A5-F.3(补) | A5-R | V5-R.1
18,118,0.9009562841530054,0.8984517304189436,0.9057377049180327,0.9017152398299939,0.9405737704918032,0.893568561590276,0.5526440597581219,0.9051074777183774,0.6741973840665874,0.9504950495049505,0.9211267605633803,0.8993380196543267,0.9358109050341654,0.9252408983934318,A1-F | A1-R.1 | A1-R.2 | A2-F.1 | A2-F.2(补) | A2-R | A3-F.1 | A3-F.2 | A3-R | A4-F.1 | A4-F.3(补) | A4-R.1 | A5-F.1 | A5-F.2 | A5-F.3(补) | A5-R | V5-R.1 | V5-R.2
18,112,0.9005009107468124,0.8979963570127505,0.9061930783242259,0.9015634486945961,0.9405737704918032,0.8932401200435068,0.5515769504387005,0.9046545024740691,0.6714229092350377,0.9504950495049505,0.9211267605633803,0.898947311258788,0.9358109050341654,0.9251106622615856,A1-F | A1-R.1 | A1-R.2 | A2-F.1 | A2-F.2(补) | A2-R | A3-F.1 | A3-F.2 | A3-R | A4-F.1 | A4-F.3(补) | A4-R.1 | A5-F.1 | A5-F.2 | A5-F.3(补) | A5-R | V5-R.1 | V5_r（SNAP 907R）
19,120,0.9009562841530054,0.8984517304189436,0.9057377049180327,0.9017152398299939,0.9405737704918032,0.8963485534224893,0.5567939293336495,0.905678519956798,0.6745937376139517,0.9653465346534653,0.9267605633802817,0.9010135366896437,0.9460535490168736,0.9292136187327736,A1-F | A1-R.1 | A1-R.2 | A1-R.4(补) | A2-F.1 | A2-F.2(补) | A2-R | A3-F.1 | A3-F.2 | A3-R | A4-F.1 | A4-F.3(补) | A4-R.1 | A5-F.1 | A5-F.2 | A5-F.3(补) | A5-R | V5-R.1 | V1_f（SNAP）
19,120,0.901183970856102,0.89867941712204,0.9050546448087432,0.9016393442622951,0.9403460837887068,0.8954013429303372,0.5604695281005454,0.9063887848275601,0.6797463337296868,0.9653465346534653,0.923943661971831,0.9008950638789487,0.9446450983126482,0.9286287486601013,A1-F | A1-R.1 | A1-R.2 | A2-F.1 | A2-F.2(补) | A2-R | A3-F.1 | A3-F.2 | A3-R | A4-F.1 | A4-F.2 | A4-F.3(补) | A4-R.1 | A5-F.1 | A5-F.2 | A5-F.3(补) | A5-R | V5-R.1 | V1_f（SNAP）
19,120,0.9009562841530054,0.8984517304189436,0.9052823315118397,0.9015634486945961,0.9405737704918032,0.8950620177233124,0.5565567939293337,0.9061145832394563,0.6757827982560444,0.9653465346534653,0.923943661971831,0.9005883004813844,0.9446450983126482,0.9286023897619452,A1-F | A1-R.1 | A1-R.2 | A2-F.1 | A2-F.2(补) | A2-R | A3-F.1 | A3-F.2 | A3-R | A4-F.1 | A4-F.3(补) | A4-R.1 | A5-F.1 | A5-F.2 | A5-F.3(补) | A5-R | V5-R.1 | V5-R.2 | V1_f（SNAP）
19,114,0.9005009107468124,0.8979963570127505,0.9057377049180327,0.9014116575591985,0.9405737704918032,0.8947335761765434,0.5554896846099122,0.9056616079951479,0.6730083234244947,0.9653465346534653,0.923943661971831,0.9001975920858456,0.9446450983126482,0.928472153630099,A1-F | A1-R.1 | A1-R.2 | A2-F.1 | A2-F.2(补) | A2-R | A3-F.1 | A3-F.2 | A3-R | A4-F.1 | A4-F.3(补) | A4-R.1 | A5-F.1 | A5-F.2 | A5-F.3(补) | A5-R | V5-R.1 | V1_f（SNAP） | V5_r（SNAP 907R）
20,128,0.9032331511839709,0.9000455373406193,0.9064207650273224,0.9032331511839709,0.9412568306010929,0.8974943146318997,0.5709034858904435,0.9095694526896392,0.6991676575505351,0.9653465346534653,0.923943661971831,0.9035318836607694,0.9446450983126482,0.9298112708581702,A1-F | A1-R.1 | A1-R.2 | A1-R.3 | A2-F.1 | A2-F.2(补) | A2-R | A3-F.1 | A3-F.2 | A3-R | A4-F.1 | A4-F.2 | A4-F.3(补) | A4-R.1 | A5-F.1 | A5-F.2 | A5-F.3(补) | A5-R | V5-R.1 | V1_f（SNAP）
20,128,0.9030054644808743,0.8998178506375227,0.9061930783242259,0.9030054644808744,0.9414845173041895,0.8971549894248749,0.5667536163149158,0.9092952511015352,0.6956004756242569,0.9653465346534653,0.923943661971831,0.9032251202632051,0.9446450983126482,0.9297849119600142,A1-F | A1-R.1 | A1-R.2 | A1-R.3 | A2-F.1 | A2-F.2(补) | A2-R | A3-F.1 | A3-F.2 | A3-R | A4-F.1 | A4-F.3(补) | A4-R.1 | A5-F.1 | A5-F.2 | A5-F.3(补) | A5-R | V5-R.1 | V5-R.2 | V1_f（SNAP）
20,122,0.9025500910746812,0.8993624772313297,0.907103825136612,0.9030054644808744,0.9414845173041895,0.8968265478781059,0.5656865069954944,0.908842275857227,0.6924296472453428,0.9653465346534653,0.923943661971831,0.9028344118676664,0.9446450983126482,0.929654675828168,A1-F | A1-R.1 | A1-R.2 | A1-R.3 | A2-F.1 | A2-F.2(补) | A2-R | A3-F.1 | A3-F.2 | A3-R | A4-F.1 | A4-F.3(补) | A4-R.1 | A5-F.1 | A5-F.2 | A5-F.3(补) | A5-R | V5-R.1 | V1_f（SNAP） | V5_r（SNAP 907R）
21,136,0.9025500910746812,0.8989071038251366,0.9061930783242259,0.9025500910746812,0.9414845173041895,0.8973707365483535,0.5671093194213896,0.9101234191920125,0.6963931827189853,0.9653465346534653,0.9295774647887324,0.903747077870183,0.9474619997210989,0.9308978649651571,A1-F | A1-R.1 | A1-R.2 | A1-R.3 | A2-F.1 | A2-F.2(补) | A2-R | A3-F.1 | A3-F.2 | A3-R | A4-F.1 | A4-F.3(补) | A4-R.1 | A4-R.2(补) | A5-F.1 | A5-F.2 | A5-F.3(补) | A5-R | V5-R.1 | V5-R.2 | V1_f（SNAP）
21,130,0.9020947176684881,0.8984517304189436,0.907103825136612,0.9025500910746813,0.9414845173041895,0.8970422950015845,0.5660422101019682,0.909670443947704,0.6932223543400713,0.9653465346534653,0.9295774647887324,0.9033563694746443,0.9474619997210989,0.9307676288333108,A1-F | A1-R.1 | A1-R.2 | A1-R.3 | A2-F.1 | A2-F.2(补) | A2-R | A3-F.1 | A3-F.2 | A3-R | A4-F.1 | A4-F.3(补) | A4-R.1 | A4-R.2(补) | A5-F.1 | A5-F.2 | A5-F.3(补) | A5-R | V5-R.1 | V1_f（SNAP） | V5_r（SNAP 907R）
22,138,0.9020947176684881,0.8984517304189436,0.907103825136612,0.9025500910746813,0.9414845173041895,0.8987007268074164,0.568176428740811,0.9096896451765827,0.6936187078874356,0.9653465346534653,0.9323943661971831,0.9041951859919996,0.9488704504253243,0.9315167179071709,A1-F | A1-R.1 | A1-R.2 | A1-R.3 | A1-R.4(补) | A2-F.1 | A2-F.2(补) | A2-R | A3-F.1 | A3-F.2 | A3-R | A4-F.1 | A4-F.3(补) | A4-R.1 | A4-R.2(补) | A5-F.1 | A5-F.2 | A5-F.3(补) | A5-R | V5-R.1 | V1_f（SNAP） | V5_r（SNAP 907R）
