pos,top_freq,entropy,gap,n
1,0.6808510638297872,1.1338561386815236,0.0,47
2,0.6666666666666666,1.306170651709187,0.041666666666666664,48
3,0.62,1.3224700917493435,0.04,50
4,0.8571428571428571,0.38799494939570967,0.08571428571428572,70
5,0.9594594594594594,0.20856366182751823,0.013513513513513514,74
6,0.20512820512820512,1.4182958340544896,0.6923076923076923,78
7,0.22321428571428573,1.647866650649095,0.48214285714285715,112
8,0.9934834123222749,0.062200846189666065,0.0,1688
9,0.9937823834196892,0.051871675115282206,0.0010362694300518134,1930
10,0.9844533600802408,0.11585237774683857,0.0005015045135406219,1994
11,0.9960726558664703,0.03333336005856047,0.0009818360333824251,2037
12,0.9941719281204469,0.040661044877112675,0.001942690626517727,2059
13,0.9957507082152974,0.03223056479830086,0.00141643059490085,2118
14,0.9910588235294118,0.07133693716131259,0.0009411764705882353,2125
15,0.9962703962703963,0.03221490335876122,0.0009324009324009324,2145
16,0.9897959183673469,0.08362513982005118,0.0009276437847866419,2156
17,0.9930939226519337,0.05227241004406248,0.001841620626151013,2172
18,0.9631315430131998,0.24299080540568835,0.0009103322712790169,2197
19,0.8203160270880361,0.7669285526160621,0.003160270880361174,2215
20,0.994188645507376,0.04802337481917834,0.0013410818059901655,2237
21,0.9920035539760107,0.06853817365676862,0.000888494002665482,2251
22,0.9938325991189427,0.05313209600719405,0.0,2270
23,0.988651243998254,0.09194612967193845,0.0013094718463553033,2291
24,0.9961106309420916,0.03387026018017952,0.000864304235090752,2314
25,0.9931359931359931,0.05413361233013671,0.001716001716001716,2331
26,0.9906661009758168,0.06244223545609588,0.0021213406873143827,2357
27,0.9844933285250631,0.1260748061001165,0.0010818608005769925,2773
28,0.5248085248085248,1.0469036349170961,0.001332001332001332,3003
29,0.6967239701589361,1.0382859038517556,0.11157963023029517,3083
30,0.5672496025437201,1.028963763811825,0.0009538950715421304,3145
31,0.8972904851921865,0.4647755612410128,0.034026465028355386,3174
32,0.9916227117592306,0.04394527400864535,0.004033509152963078,3223
33,0.9874502601775329,0.10246391723488252,0.0009182736455463728,3267
34,0.9775280898876404,0.1596621975806353,0.0012146978439113271,3293
35,0.9788902291917974,0.16882513826133883,0.0009047044632086852,3316
36,0.9334328358208955,0.362648986268032,0.0014925373134328358,3350
37,0.9914302600472813,0.08196923363118766,0.0002955082742316785,3384
38,0.8106439282563952,0.7986859321683621,0.0017641870038224052,3401
39,0.9795680093403386,0.1535629414600973,0.0005837711617046118,3426
40,0.9707331208345407,0.2168919997112665,0.0011590843233845263,3451
41,0.9441244239631337,0.36080375752985583,0.0020161290322580645,3472
42,0.937231298366294,0.3500138675789632,0.0017196904557179708,3489
43,0.8702702702702703,0.6581684302975754,0.005974395448079659,3515
44,0.645005675368899,1.0045596879543788,0.009931895573212259,3524
45,0.6979225154407637,1.1786701223315563,0.0019651880965749578,3562
46,0.9768913342503439,0.1837776806289142,0.0008253094910591472,3635
47,0.8076712328767123,0.8820783337928206,0.00410958904109589,3650
48,0.5131829301440609,1.4293103388384105,0.0008154389779831476,3679
49,0.995407887628309,0.0390860605989627,0.0008103727714748784,3702
50,0.7779875910439709,0.9796584708220327,0.003506878877798759,3707
51,0.9919700214132763,0.06835068660011312,0.0010706638115631692,3736
52,0.5779203421545042,1.5671067087019912,0.0032076984763432237,3741
53,0.7948922585794094,0.8236146285411365,0.002926310188880021,3759
54,0.9669811320754716,0.22909974217648216,0.002620545073375262,3816
55,0.9916775032509753,0.0691721955164118,0.0015604681404421327,3845
56,0.995880535530381,0.033675033316219766,0.000772399588053553,3884
57,0.9907715970264035,0.07146070052396178,0.001281722635221738,3901
58,0.9918179493735617,0.07254257091385698,0.00025568908207619537,3911
59,0.967330270546197,0.1855457542201208,0.010209290454313425,3918
60,0.9889419452123649,0.10114643226393931,0.0005026388539834129,3979
61,0.988718977187265,0.09067640782006159,0.0015041363750313362,3989
62,0.9867433716858429,0.10217802562287387,0.002001000500250125,3998
63,0.9605296027979016,0.2635821355032896,0.0019985011241568824,4003
64,0.9413086913086913,0.2702603706203945,0.024725274725274724,4004
65,0.8477284073889166,0.7496177517310851,0.024463305042436344,4006
66,0.6255924170616114,0.99416935658571,0.03292591668745323,4009
67,0.8493765586034913,0.5993792783717294,0.035910224438902745,4010
68,0.9182044887780548,0.07078932121279427,0.07506234413965088,4010
69,0.5981052106706557,0.9395956441667976,0.2647718773373224,4011
70,0.2916251246261216,1.780717348316768,0.4025423728813559,4012
71,0.466982307500623,1.1383307548052535,0.3927236481435335,4013
72,0.38561115260144385,1.5827292010364524,0.35299975105800346,4017
73,0.47190452511188463,1.187070869875774,0.37145698657384385,4022
74,0.48734491315136474,1.378707761515423,0.29429280397022334,4030
75,0.5333333333333333,1.2339163923242036,0.2547707558859975,4035
76,0.5733729274931948,1.3558407775571457,0.17297698589458055,4041
77,0.4616716122650841,1.4952414324821082,0.2678041543026706,4044
78,0.5317362311681897,1.4204735016832017,0.20671770807606815,4049
79,0.6057241549469529,1.1212115647275784,0.21070811744386875,4053
80,0.41124260355029585,1.640006427467708,0.2785996055226824,4056
81,0.5659773510585918,1.2611300178626208,0.22353520433284096,4062
82,0.5050430504305043,1.3839163357963915,0.26715867158671586,4065
83,0.6202656173143138,1.025981371381577,0.22159370388588293,4066
84,0.6554435979356107,0.9002880168715575,0.20250675841730154,4069
85,0.7004177930695502,0.7687987751749583,0.18849840255591055,4069
86,0.4083435582822086,1.5864569162415343,0.3202453987730061,4075
87,0.5918567574196714,1.2942191691596179,0.1709590385087074,4077
88,0.48602256007846983,1.4503026810222508,0.21775380088278568,4078
89,0.4855392156862745,1.5059601316531332,0.2340686274509804,4080
90,0.48213411649535,1.6347824539509805,0.15810083210964268,4086
91,0.5898752751283932,1.3454105589151624,0.1474688187820983,4089
92,0.6202933985330074,1.286720945090086,0.1334963325183374,4090
93,0.4332518337408313,1.6897342510257356,0.21882640586797067,4090
94,0.6825513196480938,0.9857094764547165,0.15640273704789834,4092
95,0.32575757575757575,1.8347452676214406,0.21994134897360704,4092
96,0.5504519912044955,1.4698108575382665,0.1453701441485463,4093
97,0.6723516694691328,0.955701827742633,0.17367283209224116,4163
98,0.5597139451728248,1.3744455756433618,0.14898688915375446,4195
99,0.48429319371727747,1.5123061669242344,0.21894336030461684,4202
100,0.5052362113102165,1.488486820434838,0.16895508494298347,4297
101,0.9583904892546868,0.1885223346957641,0.016918152720621856,4374
102,0.8475039890585822,0.6828553239119024,0.019147481194438112,4387
103,0.6378059836808704,1.0152482020945197,0.006346328195829556,4412
104,0.9678514829069504,0.21501626810600905,0.003395970115462984,4417
105,0.9875621890547264,0.09800106331004477,0.001582994120307553,4422
106,0.9816949152542372,0.1408321452366087,0.0013559322033898306,4425
107,0.8364211477632173,0.6958707804961157,0.0027112516945323093,4426
108,0.40167080605102734,1.651256662912409,0.0015804922104312486,4429
109,0.981727949469885,0.13461263338624974,0.0009023234829686443,4433
110,0.8884129846708747,0.6131169806316243,0.001127141568981064,4436
111,0.9608548931383577,0.2566418980813422,0.0017997750281214847,4445
112,0.9817813765182186,0.13086266894103904,0.0006747638326585695,4446
113,0.9404226618705036,0.37534982981830933,0.0004496402877697842,4448
114,0.9309957293773882,0.4429284884297079,0.001573387278040009,4449
115,0.9575567033460588,0.25794112256485113,0.004940489557601617,4453
116,0.8616973506960036,0.5826325337794072,0.001347103726986978,4454
117,0.9751009421265141,0.16438120299034395,0.001794526693584567,4458
118,0.9387755102040817,0.35748513400962517,0.002242655303879794,4459
119,0.9805063858391216,0.0993762961149937,0.005153484203450594,4463
120,0.9751455441110614,0.16951653703855585,0.0013434841021047917,4466
121,0.7529095792300806,0.9524924090423379,0.015443151298119965,4468
122,0.6170546105640108,1.1061406616630685,0.008728737690241718,4468
123,0.6960608773500447,1.1693036237212924,0.01521933751119069,4468
124,0.617877094972067,1.2981648985339564,0.10391061452513967,4475
125,0.846514745308311,0.7132626821023307,0.006255585344057194,4476
126,0.6485822728287565,1.322257379750404,0.04554588077695914,4479
127,0.7649553571428571,1.0502273033134963,0.017410714285714286,4480
128,0.4966532797858099,1.6305003295342133,0.016287371709058456,4482
129,0.7670011148272018,1.064409386159115,0.02073578595317726,4485
130,0.9656786271450858,0.2125606983543687,0.003788722977490528,4487
131,0.5118092691622104,1.4767106909955299,0.0024509803921568627,4488
132,0.8726057906458797,0.6970744518707326,0.005345211581291759,4490
133,0.9536851480739257,0.2840271120975294,0.0033400133600534404,4491
134,0.5580048986862615,1.4471872905780157,0.002449343130705856,4491
135,0.9594925439572669,0.2645089892690508,0.0017805475183618963,4493
136,0.9817493879367906,0.11591517568311789,0.001112842198976185,4493
137,0.5755283648498332,1.1917188697991827,0.05850945494994438,4495
138,0.3343715239154616,1.8343070474063232,0.08253615127919911,4495
139,0.45205784204671856,1.7561232741012363,0.053837597330367075,4495
140,0.4165925266903915,1.7796086866879683,0.15969750889679715,4496
141,0.5190126751167445,1.4196704379004061,0.07493884812096953,4497
142,0.6929063820324661,1.1624438827856785,0.00622637313764732,4497
143,0.4804357492218764,1.4068375568102685,0.005780346820809248,4498
144,0.519226494776617,1.635405977214039,0.018893087352745055,4499
145,0.6106666666666667,1.5582495090290482,0.008444444444444444,4500
146,0.8907395069953364,0.5953043006734957,0.004663557628247834,4503
147,0.9538188277087034,0.27251127307369133,0.003774422735346359,4504
148,0.7103218645948945,1.1166084030815895,0.004439511653718091,4505
149,0.980248557478917,0.10925227252841463,0.0037727474478473147,4506
150,0.8284509542831779,0.7024126330787057,0.004882379050155349,4506
151,0.9731469152241455,0.12126299810783973,0.009320905459387484,4506
152,0.7017972043487908,1.1234411029005553,0.002884402041269137,4507
153,0.930835734870317,0.34959510831449153,0.017512746619374863,4511
154,0.32121480824650855,1.8075228162881545,0.14453557969408112,4511
155,0.3134559964531146,1.963862079484338,0.055198403901573934,4511
156,0.5542008423852804,1.6304477667697248,0.021946353358457106,4511
157,0.4638741134751773,1.6443675336931651,0.059618794326241134,4512
158,0.5939716312056738,1.4016493348794692,0.0199468085106383,4512
159,0.9295368934190117,0.415964846644887,0.006647462884998892,4513
160,0.9632336655592469,0.20556962175881222,0.007751937984496124,4515
161,0.9765227021040974,0.12711837531999698,0.004651162790697674,4515
162,0.9714348981399469,0.17129318703439544,0.0044286979627989375,4516
163,0.6014171833480957,1.3346406254720997,0.09366696191319752,4516
164,0.6173604960141719,1.4909378130047255,0.02612931798051373,4516
165,0.6437901261899491,1.4741269133870913,0.007084348018596413,4517
166,0.3391631613903033,1.862606722717604,0.08324108921850785,4517
167,0.3517821562984282,1.7946956722606284,0.09364622537082135,4517
168,0.8072582429741093,0.552195542444265,0.10909493250719186,4519
169,0.6778048240761231,1.302670984494403,0.027218411152909936,4519
170,0.963495575221239,0.15380978513906918,0.014823008849557522,4520
171,0.9761061946902655,0.14623651585498265,0.003761061946902655,4520
172,0.9807522123893805,0.11981400886633357,0.0024336283185840708,4520
173,0.9429203539823009,0.35052708827621615,0.0055309734513274336,4520
174,0.870575221238938,0.7158403329593829,0.00752212389380531,4520
175,0.9555309734513274,0.23782250726160142,0.008407079646017699,4520
176,0.8980314089803141,0.5430269673730628,0.006856890068568901,4521
177,0.7027206370272063,1.2429126805080268,0.0181375801813758,4521
178,0.5361645653616457,1.5579916523941628,0.0367175403671754,4521
179,0.8951559389515594,0.42425416974588515,0.0380446803804468,4521
180,0.9440389294403893,0.18527226170673888,0.031187790311877902,4521
181,0.6817075868170759,0.9659217780207442,0.11656713116567131,4521
182,0.6664454766644548,1.3431725849752034,0.04888299048882991,4521
183,0.5919044459190445,1.4132197063638352,0.10484406104844061,4521
184,0.5257686352576864,1.6320828065292905,0.08294625082946251,4521
185,0.6582614465826144,1.2454751299082418,0.08051316080513161,4521
186,0.7197522671975227,1.093638625584091,0.075204600752046,4521
187,0.5368281353682813,1.59990724647484,0.08383101083831011,4521
188,0.6031851360318513,1.4770320647759179,0.06702057067020571,4521
189,0.6246405662464056,1.3914867006643334,0.08714886087148861,4521
190,0.5934527759345277,1.423670714575484,0.0873700508737005,4521
191,0.7157708471577084,1.137011624411403,0.06702057067020571,4521
192,0.6205218929677134,1.3174840114309117,0.10393631136665192,4522
193,0.4590888987173817,1.6851325890427065,0.08956214064573198,4522
194,0.49159663865546216,1.6913182483524054,0.062140645731977,4522
195,0.6448474126492703,1.3312021779316234,0.07762052189296771,4522
196,0.6306943830163645,1.415398841245524,0.05550641309155241,4522
197,0.6678460858027422,1.338715741960521,0.040689960194604156,4522
198,0.6853858058810524,1.1757526761767423,0.09263762989166482,4523
199,0.5724076940084015,1.519301971590143,0.09750165819146585,4523
200,0.4892770285208932,1.6223740851742539,0.1437099270395755,4523
201,0.5615741764315719,1.489571087121755,0.11209374309086889,4523
202,0.5651116515587,1.5118914838147042,0.09551182843245633,4523
203,0.5219986734468274,1.6036218355853582,0.09219544550077383,4523
204,0.5390227724961308,1.5680619834082858,0.10103913331859385,4523
205,0.6679195224408578,1.0804879282325213,0.147468494362149,4523
206,0.35927481759893876,1.8636351888738747,0.1994251602918417,4523
207,0.5072944297082228,1.6303271196347078,0.1229000884173298,4524
208,0.6631299734748011,1.234145063863413,0.08156498673740054,4524
209,0.6350574712643678,1.3953917706953158,0.05857648099027409,4524
210,0.47435897435897434,1.5968126515521235,0.1330680813439434,4524
211,0.5087292817679558,1.485784788486687,0.15226519337016575,4525
212,0.6103867403314918,1.309225744466255,0.12441988950276243,4525
213,0.5722492266902341,1.2636887008528,0.17764030048608043,4526
214,0.449403446752099,1.6038880828453879,0.2496685815289439,4526
215,0.5128148475475033,1.5195910280884886,0.18515245249668583,4526
216,0.6364840989399293,1.1432286947865375,0.14708480565371024,4528
217,0.4465547703180212,1.73753832378847,0.13582155477031801,4528
218,0.5443708609271524,1.4535966796316753,0.1770419426048565,4530
219,0.4507943512797882,1.6894435603235123,0.09002647837599294,4532
220,0.7924112067063754,0.756626971650394,0.08802117802779616,4533
221,0.5324217026907808,1.3575720207487103,0.21746801940891045,4534
222,0.354874283193648,1.7562380862556841,0.16299073665637406,4534
223,0.5425672695191883,1.5290576696714928,0.11160123511248346,4534
224,0.5465372739303044,1.4538647077631777,0.14689016321129245,4534
225,0.28848698720776356,1.888774969590873,0.1321129245699162,4534
226,0.5614112458654906,1.2722590333235702,0.05689084895259096,4535
227,0.9411245865490628,0.2719056061125203,0.02447629547960309,4535
228,0.8478500551267916,0.7316674287723636,0.02954796030871003,4535
229,0.6674751929437707,1.2475573706717704,0.04035281146637266,4535
230,0.8438809261300992,0.7589717732614271,0.028004410143329658,4535
231,0.4328555678059537,1.7074646113606837,0.06615214994487321,4535
232,0.886659316427784,0.6022555692190995,0.013009922822491731,4535
233,0.6998897464167585,1.1994877486168303,0.0557883131201764,4535
234,0.6348401323042999,1.2764245910970058,0.09459757442116869,4535
235,0.5499448732083793,1.3235900284764353,0.12679162072767364,4535
236,0.41323042998897463,1.5997413140777326,0.23969128996692393,4535
237,0.39514884233737596,1.5154594010690252,0.10606394707828004,4535
238,0.4754134509371555,1.6055065472618193,0.11708930540242558,4535
239,0.7651598676957001,0.9301844804786549,0.03814773980154355,4535
240,0.42954796030871,1.5237131555359826,0.08842337375964719,4535
241,0.4368246968026461,1.7165797204331146,0.059977949283351706,4535
242,0.513561190738699,1.5261266318534705,0.027563395810363836,4535
243,0.9911797133406836,0.06987771178199571,0.001984564498346196,4535
244,0.9869900771775083,0.10423053153185935,0.001323042998897464,4535
245,0.7040793825799339,0.9078000042547625,0.0011025358324145535,4535
246,0.9907386990077177,0.06768205979598894,0.002646085997794928,4535
247,0.9552370452039691,0.31673080900275946,0.0024255788313120178,4535
248,0.762954796030871,1.1248103700831171,0.0011025358324145535,4535
249,0.9616317530319736,0.2472643093522363,0.001984564498346196,4535
250,0.6974641675854465,1.0890853108112708,0.001323042998897464,4535
251,0.9836824696802646,0.14041631897977896,0.0004410143329658214,4535
252,0.9395810363836825,0.3906292801896881,0.0011025358324145535,4535
253,0.9453142227122382,0.36925974441265297,0.0008820286659316428,4535
254,0.9911797133406836,0.0843789666168489,0.0002205071664829107,4535
255,0.9949283351708931,0.05382481944433894,0.0,4535
256,0.792502756339581,0.9166293242313073,0.003969128996692392,4535
257,0.7664829106945976,0.8441258029350757,0.00639470782800441,4535
258,0.5190738699007718,1.1812465734128417,0.001323042998897464,4535
259,0.9770672546857773,0.16047252504066112,0.004189636163175303,4535
260,0.9673649393605293,0.2279565211270091,0.000661521499448732,4535
261,0.97045203969129,0.2197773588917496,0.0008820286659316428,4535
262,0.9755237045203969,0.18073956498420246,0.0015435501653803748,4535
263,0.9779492833517089,0.1659965827171105,0.000661521499448732,4535
264,0.48180815876515987,1.6782972503200073,0.001323042998897464,4535
265,0.8425578831312017,0.7338290092923391,0.0002205071664829107,4535
266,0.9891951488423374,0.10083817924991686,0.0,4535
267,0.9856670341786108,0.12059228442535778,0.000661521499448732,4535
268,0.5367144432194046,1.157295700640844,0.001323042998897464,4535
269,0.5627342888643881,1.0510690419385358,0.010143329658213893,4535
270,0.9746416758544653,0.1700662488230394,0.005292171995589856,4535
271,0.9940463065049614,0.05601376880291714,0.000661521499448732,4535
272,0.9940463065049614,0.05593842891097185,0.0004410143329658214,4535
273,0.938257993384785,0.4157973062108554,0.0011025358324145535,4535
274,0.9402425578831312,0.39831094063073313,0.0002205071664829107,4535
275,0.9457552370452039,0.3610045908491435,0.002205071664829107,4535
276,0.7898566703417861,1.0244358118623476,0.0002205071664829107,4535
277,0.9794928335170893,0.15726129812533113,0.0015435501653803748,4535
278,0.5146637265711136,1.5982061797613465,0.0015435501653803748,4535
279,0.8632855567805954,0.7615147662113044,0.0011025358324145535,4535
280,0.6291069459757442,1.2875506366053566,0.007497243660418963,4535
281,0.9536934950385888,0.3332496714375533,0.0008820286659316428,4535
282,0.9883131201764057,0.046791674232569636,0.007276736493936053,4535
283,0.6998897464167585,0.9190190501411135,0.008820286659316428,4535
284,0.5719955898566703,1.2390048369947126,0.012348401323042999,4535
285,0.5891951488423374,1.5935561548584811,0.003969128996692392,4535
286,0.7190738699007718,1.2856855994228056,0.002866593164277839,4535
287,0.9858875413450937,0.12061478589852305,0.0008820286659316428,4535
288,0.9909592061742006,0.0820815436555412,0.000661521499448732,4535
289,0.898787210584344,0.607534476419151,0.0033076074972436605,4535
290,0.8039691289966924,0.7996469963965941,0.009040793825799339,4535
291,0.41168687982359425,1.5845674842310566,0.0035281146637265713,4535
292,0.9843439911797134,0.1306066553461407,0.000661521499448732,4535
293,0.7697905181918412,1.0412183341170225,0.0002205071664829107,4535
294,0.557883131201764,1.4457410483219189,0.0002205071664829107,4535
295,0.8438809261300992,0.7884810825427604,0.0024255788313120178,4535
296,0.9865490628445425,0.1031260881939994,0.001984564498346196,4535
297,0.9558985667034179,0.3141822724111061,0.000661521499448732,4535
298,0.9869900771775083,0.11852330352519141,0.0002205071664829107,4535
299,0.9528114663726571,0.32549389107338816,0.002205071664829107,4535
300,0.9861080485115766,0.11492958446274235,0.0002205071664829107,4535
301,0.9830209481808159,0.13750661358519298,0.0011025358324145535,4535
302,0.8818081587651598,0.6323060926576409,0.000661521499448732,4535
303,0.5517089305402425,1.4418036169901667,0.0035281146637265713,4535
304,0.7155457552370452,1.1611455703459574,0.0024255788313120178,4535
305,0.9642778390297685,0.26465337039282333,0.001323042998897464,4535
306,0.6930540242557883,1.1670939249909105,0.0002205071664829107,4535
307,0.5208379272326351,1.4933212491993633,0.004630650496141125,4535
308,0.9891951488423374,0.0966777266656583,0.0,4535
309,0.4101433296582139,1.562710849740568,0.026460859977949284,4535
310,0.805071664829107,0.8084954744438344,0.0011025358324145535,4535
311,0.8906284454244763,0.6255768834299266,0.002205071664829107,4535
312,0.9742006615214994,0.20577018130638167,0.0,4535
313,0.9342888643880927,0.44330065111520456,0.0015435501653803748,4535
314,0.9459757442116868,0.3266415279775237,0.001984564498346196,4535
315,0.9671444321940463,0.244458806783987,0.0017640573318632856,4535
316,0.6652701212789416,1.2897052490324206,0.005292171995589856,4535
317,0.8721058434399118,0.6964704284293819,0.0024255788313120178,4535
318,0.9898566703417861,0.08590600085035216,0.0011025358324145535,4535
319,0.9748621830209482,0.20025019669291505,0.0008820286659316428,4535
320,0.5532524807056229,1.5759254840167292,0.002205071664829107,4535
321,0.9911797133406836,0.07711486636601586,0.0004410143329658214,4535
322,0.9680264608599779,0.22423988895260433,0.0008820286659316428,4535
323,0.9953693495038589,0.045766909889734364,0.0004410143329658214,4535
324,0.9929437706725469,0.06439610804356888,0.0004410143329658214,4535
325,0.9572216097023153,0.30458329015377356,0.0008820286659316428,4535
326,0.9031973539140022,0.5733480687447017,0.0017640573318632856,4535
327,0.9942668136714443,0.05157635214010397,0.0008820286659316428,4535
328,0.8033076074972436,0.8241280185499912,0.016979051819184122,4535
329,0.9832414553472988,0.13898766593971007,0.001323042998897464,4535
330,0.98257993384785,0.14566066239421918,0.0008820286659316428,4535
331,0.8754134509371555,0.6366025541659703,0.0011025358324145535,4535
332,0.9878721058434399,0.104329917163552,0.000661521499448732,4535
333,0.5435501653803748,1.6147031287983786,0.004189636163175303,4535
334,0.9794928335170893,0.17137911050049953,0.0004410143329658214,4535
335,0.9891951488423374,0.09441059145936825,0.0004410143329658214,4535
336,0.8657111356119074,0.7222087148932075,0.006615214994487321,4535
337,0.7733186328555678,1.1093836692601875,0.001984564498346196,4535
338,0.9916207276736494,0.07453143689301603,0.000661521499448732,4535
339,0.9865490628445425,0.10412215793843208,0.001984564498346196,4535
340,0.9115766262403528,0.5022153791698616,0.000661521499448732,4535
341,0.9669239250275634,0.21369796894562126,0.0024255788313120178,4535
342,0.9867695700110254,0.10898867073661442,0.0,4535
343,0.987651598676957,0.07669804194271945,0.0033076074972436605,4535
344,0.9764057331863285,0.18910883748738638,0.0002205071664829107,4535
345,0.9869900771775083,0.11443274682834123,0.0,4535
346,0.9746416758544653,0.1843193606158024,0.0033076074972436605,4535
347,0.9940463065049614,0.0556037311705421,0.0002205071664829107,4535
348,0.960529217199559,0.2744706548527655,0.0004410143329658214,4535
349,0.891510474090408,0.6074091192312598,0.0008820286659316428,4535
350,0.9839029768467475,0.1268464001308482,0.0015435501653803748,4535
351,0.9878721058434399,0.11015071734518858,0.0,4535
352,0.9865490628445425,0.1140313898329592,0.0008820286659316428,4535
353,0.8780595369349504,0.5878193753640668,0.0030871003307607497,4535
354,0.9700110253583242,0.2284272386319333,0.001323042998897464,4535
355,0.9942668136714443,0.05766457086915698,0.0,4535
356,0.9805953693495039,0.16192200020668623,0.000661521499448732,4535
357,0.9375964718853362,0.3868340879792368,0.004410143329658214,4535
358,0.8968026460859978,0.5654803228593603,0.0008820286659316428,4535
359,0.5627342888643881,1.6405796287578396,0.005071664829106946,4535
360,0.6445424476295479,1.1242636734665943,0.0011025358324145535,4535
361,0.8097023153252481,0.8268715394365125,0.0008820286659316428,4535
362,0.9909592061742006,0.0669297960821084,0.0015435501653803748,4535
363,0.9523704520396913,0.26793956734099705,0.0037486218302094816,4535
364,0.9761852260198457,0.1847612616961068,0.000661521499448732,4535
365,0.97045203969129,0.22501765814291763,0.0015435501653803748,4535
366,0.533406835722161,1.4631562422934732,0.0024255788313120178,4535
367,0.9697905181918413,0.22589486642928752,0.0011025358324145535,4535
368,0.9922822491730982,0.0642963378610717,0.000661521499448732,4535
369,0.681587651598677,1.140401100185736,0.020066152149944873,4535
370,0.5790518191841235,1.1577963780963432,0.007717750826901874,4535
371,0.5232635060639471,1.4957539237592663,0.0037486218302094816,4535
372,0.9896361631753032,0.07800433706403308,0.002205071664829107,4535
373,0.9819184123484013,0.13090724143041205,0.0035281146637265713,4535
374,0.9845644983461963,0.12563007690666805,0.000661521499448732,4535
375,0.9914002205071665,0.07178205940875326,0.000661521499448732,4535
376,0.9887541345093716,0.07147644674830447,0.0033076074972436605,4535
377,0.9300992282249173,0.44356991249265665,0.0008820286659316428,4535
378,0.7536934950385887,1.0355458176245889,0.0008820286659316428,4535
379,0.6635060639470782,1.0658939206977427,0.003969128996692392,4535
380,0.9819184123484013,0.14249945261663205,0.001984564498346196,4535
381,0.6465270121278942,1.264699172152734,0.003969128996692392,4535
382,0.9453142227122382,0.3553958364040682,0.0017640573318632856,4535
383,0.9861080485115766,0.1203819344913663,0.0004410143329658214,4535
384,0.6694597574421168,1.0215795454767043,0.001984564498346196,4535
385,0.7472987872105843,1.0354722215118244,0.00639470782800441,4535
386,0.9228224917309813,0.4791069417586827,0.000661521499448732,4535
387,0.9845644983461963,0.131718720199355,0.000661521499448732,4535
388,0.9931642778390297,0.05771942103029758,0.0008820286659316428,4535
389,0.9949283351708931,0.042782143327293506,0.0008820286659316428,4535
390,0.5206174200661522,1.4693225624260495,0.008158765159867696,4535
391,0.5750826901874311,1.1602518644262778,0.0024255788313120178,4535
392,0.6875413450937156,1.1338843447661706,0.0024255788313120178,4535
393,0.9345093715545755,0.4040715303447921,0.0048511576626240355,4535
394,0.9563395810363837,0.2984040067728326,0.0037486218302094816,4535
395,0.97045203969129,0.1913919505579994,0.0048511576626240355,4535
396,0.4487320837927233,1.5877891924662284,0.000661521499448732,4535
397,0.9867695700110254,0.10546870239332412,0.001323042998897464,4535
398,0.6685777287761853,1.1101381002849027,0.001984564498346196,4535
399,0.8610804851157663,0.7428448519177256,0.002205071664829107,4535
400,0.9245865490628445,0.39992880220555627,0.0033076074972436605,4535
401,0.9439911797133407,0.38080389383669816,0.000661521499448732,4535
402,0.9609702315325248,0.2821131896702247,0.0015435501653803748,4535
403,0.9638368246968027,0.2508322342259474,0.0002205071664829107,4535
404,0.9880926130099228,0.09238919982037899,0.002205071664829107,4535
405,0.9863285556780595,0.11507474752366774,0.001323042998897464,4535
406,0.9922822491730982,0.057911733950662105,0.0015435501653803748,4535
407,0.44013230429988975,1.8241028465057174,0.013450937155457553,4535
408,0.5270121278941565,1.217980351661562,0.0024255788313120178,4535
409,0.535832414553473,1.4468978501880585,0.003969128996692392,4535
410,0.9887541345093716,0.09059600790211247,0.0015435501653803748,4535
411,0.9869900771775083,0.08787991779413273,0.0033076074972436605,4535
412,0.5181918412348401,1.4681286860638703,0.0011025358324145535,4535
413,0.9642778390297685,0.2554055074117675,0.002205071664829107,4535
414,0.9779492833517089,0.1278549683980301,0.006835722160970232,4535
415,0.8332965821389196,0.7539191027806916,0.001323042998897464,4535
416,0.9241455347298787,0.452152165480843,0.008820286659316428,4535
417,0.7969128996692393,0.9725685276775738,0.005733186328555678,4535
418,0.7038588754134509,1.1477668748480052,0.009702315325248071,4535
419,0.7764057331863286,0.885118463648938,0.0037486218302094816,4535
420,0.86438809261301,0.6925690578493706,0.003969128996692392,4535
421,0.8399117971334068,0.815039260184701,0.0015435501653803748,4535
422,0.7065049614112459,1.2032207220313673,0.011686879823594266,4535
423,0.9151047409040793,0.520975092574677,0.005071664829106946,4535
424,0.9371554575523704,0.42289798659821454,0.0017640573318632856,4535
425,0.6833517089305402,1.2053479106117688,0.0030871003307607497,4535
426,0.8066152149944873,0.9519367902252676,0.005733186328555678,4535
427,0.7351708930540243,0.8823386649491343,0.0008820286659316428,4535
428,0.985005512679162,0.12894131275445161,0.000661521499448732,4535
429,0.9872105843439912,0.10510338438667023,0.0015435501653803748,4535
430,0.9797133406835722,0.13778980334639365,0.0048511576626240355,4535
431,0.9869900771775083,0.09800936856167292,0.002205071664829107,4535
432,0.9805953693495039,0.1038798556341422,0.008599779492833517,4535
433,0.530760749724366,1.3076546276331449,0.02844542447629548,4535
434,0.4948180815876516,1.2344509623694173,0.02954796030871003,4535
435,0.4227122381477398,1.8524195672500194,0.017420066152149943,4535
436,0.9706725468577728,0.16847781253978494,0.007276736493936053,4535
437,0.9726571113561191,0.1125761821321439,0.014994487320837926,4535
438,0.6103638368246967,1.2220168488931282,0.01918412348401323,4535
439,0.9673649393605293,0.13506255619031945,0.017640573318632856,4535
440,0.4745314222712238,1.4048722178181623,0.15523704520396914,4535
441,0.5137816979051819,1.554578737776785,0.1585446527012128,4535
442,0.3964718853362734,1.6423755273406484,0.16361631753031974,4535
443,0.4165380374862183,1.778835542416364,0.16030871003307606,4535
444,0.3389195148842337,1.8142477951972737,0.2105843439911797,4535
445,0.6646085997794928,0.9870282257798967,0.17640573318632854,4535
446,0.6427783902976847,1.086971855470665,0.17199558985667035,4535
447,0.6829106945975745,0.9360539354378384,0.1627342888643881,4535
448,0.7794928335170893,0.39792169796211496,0.17177508269018743,4535
449,0.31201764057331866,1.8180272843774168,0.1649393605292172,4535
450,0.6460859977949284,1.1691058390501734,0.148180815876516,4535
451,0.8019845644983462,0.446105275688233,0.14002205071664828,4535
452,0.7733186328555678,0.41215413599071127,0.17662624035281146,4535
453,0.36758544652701214,1.6451427519614337,0.35435501653803747,4535
454,0.3730981256890849,1.610168325044933,0.37265711135611906,4535
455,0.37001102535832414,1.6248745770668942,0.3697905181918412,4535
456,0.3239250275633958,1.7287795509217434,0.3880926130099228,4535
457,0.3746416758544653,1.5395207276247314,0.4004410143329658,4535
458,0.412348401323043,1.3506151233715622,0.40595369349503857,4535
459,0.4522601984564498,1.5118007632548789,0.28930540242557884,4535
460,0.48511576626240355,1.4891918919728906,0.25270121278941565,4535
461,0.5369349503858876,1.1898685404526006,0.28687982359426684,4535
462,0.44652701212789414,1.2560198098371378,0.39029768467475195,4535
463,0.3140022050716648,1.611109844915345,0.439470782800441,4535
464,0.3644983461962514,1.498842932499834,0.42160970231532524,4535
465,0.5289966923925028,0.9735013718763905,0.3521499448732084,4535
466,0.607497243660419,0.9926199673754221,0.24961411245865492,4535
467,0.5739801543550166,1.091210893067876,0.2661521499448732,4535
468,0.572877618522602,1.0698971630211758,0.266593164277839,4535
469,0.5109151047409041,1.4269114021328655,0.23042998897464168,4535
470,0.38015435501653805,1.3616977202341398,0.44674751929437706,4535
471,0.372877618522602,1.4055846160132879,0.44498346196251376,4535
472,0.28136714443219407,1.6856710690582142,0.48754134509371555,4535
473,0.3221609702315325,1.687989228118347,0.4178610804851158,4535
474,0.503858875413451,1.1125589774152316,0.3484013230429989,4535
475,0.29415656008820285,1.753279387730265,0.4211686879823594,4535
476,0.31510474090407936,1.7051576267536832,0.38015435501653805,4535
477,0.32524807056229327,1.6115926569954897,0.3960308710033076,4535
478,0.3936052921719956,1.503489181747705,0.3834619625137817,4535
479,0.3746416758544653,1.5896790540738108,0.38235942668136713,4535
480,0.8471885336273429,0.4438443577980761,0.09393605292171996,4535
481,0.9470782800441014,0.12848613437696868,0.039470782800441015,4535
482,0.9303197353914002,0.22868151858806324,0.0412348401323043,4535
483,0.8057331863285557,0.8047773503545481,0.06019845644983462,4535
484,0.7865490628445424,0.8511980301245833,0.06019845644983462,4535
485,0.7523704520396913,0.8669518367680391,0.0743109151047409,4535
486,0.9113561190738699,0.412945499773146,0.030871003307607496,4535
487,0.9384785005512679,0.21112610034129786,0.036163175303197355,4535
488,0.70606394707828,0.9558697796970235,0.13869900771775082,4535
489,0.7832414553472988,0.8945105378928374,0.04564498346196252,4535
490,0.3940463065049614,1.7792021550063737,0.044762954796030874,4535
491,0.4178610804851158,1.8307717631336944,0.07100330760749725,4535
492,0.40705622932745317,1.7929565134118144,0.05909592061742006,4535
493,0.6028665931642778,1.4993192409458618,0.0557883131201764,4535
494,0.8205071664829107,0.8455139360458318,0.02954796030871003,4535
495,0.9625137816979051,0.1994988810891809,0.013450937155457553,4535
496,0.6606394707828004,0.9771391465902276,0.03991179713340683,4535
497,0.4804851157662624,1.4149230366888141,0.050716648291069456,4535
498,0.9742006615214994,0.18525033665054946,0.0030871003307607497,4535
499,0.980154355016538,0.14162386024160645,0.001984564498346196,4535
500,0.9680264608599779,0.24352770775752142,0.0017640573318632856,4535
501,0.8081587651598677,0.9388077858212986,0.004630650496141125,4535
502,0.43263506063947077,1.6835869598463882,0.004630650496141125,4535
503,0.6399117971334068,1.4080461305756806,0.03572216097023153,4535
504,0.9362734288864388,0.4119374175098908,0.001984564498346196,4535
505,0.92348401323043,0.4440892445608734,0.006174200661521499,4535
506,0.9722160970231533,0.2068545344101943,0.0015435501653803748,4535
507,0.9839029768467475,0.12520428055281904,0.001984564498346196,4535
508,0.9256890848952591,0.4592237699352877,0.0011025358324145535,4535
509,0.9900771775082691,0.0675593115295381,0.0033076074972436605,4535
510,0.9922822491730982,0.06773974358291043,0.000661521499448732,4535
511,0.8773980154355017,0.6773011839687901,0.007276736493936053,4535
512,0.9834619625137817,0.12292830803591037,0.0008820286659316428,4535
513,0.4403528114663727,1.4304944344412158,0.012348401323042999,4535
514,0.8621830209481808,0.6084917818217093,0.000661521499448732,4535
515,0.977728776185226,0.1799534901194523,0.0008820286659316428,4535
516,0.9940463065049614,0.05191346746161429,0.0008820286659316428,4535
517,0.992723263506064,0.05330590301781521,0.0017640573318632856,4535
518,0.9905181918412348,0.05974360329047873,0.0037486218302094816,4535
519,0.9969128996692392,0.028209616879971484,0.0004410143329658214,4535
520,0.9885336273428886,0.0976730416262995,0.0011025358324145535,4535
521,0.9642778390297685,0.26176821031197167,0.001984564498346196,4535
522,0.9775082690187431,0.1639355599431559,0.000661521499448732,4535
523,0.985226019845645,0.12424674610079155,0.0008820286659316428,4535
524,0.9742006615214994,0.20351996260301608,0.0008820286659316428,4535
525,0.9664829106945976,0.2368454729718934,0.0033076074972436605,4535
526,0.9375964718853362,0.4141223537394723,0.0002205071664829107,4535
527,0.9711135611907387,0.21474589530736338,0.000661521499448732,4535
528,0.9933847850055126,0.05807300819617153,0.0011025358324145535,4535
529,0.9894156560088203,0.0914214666197237,0.0011025358324145535,4535
530,0.9940463065049614,0.05568663314270905,0.0004410143329658214,4535
531,0.9865490628445425,0.1147766758623512,0.0008820286659316428,4535
532,0.9673649393605293,0.23225183888733325,0.0024255788313120178,4535
533,0.9916207276736494,0.08123493114853998,0.0002205071664829107,4535
534,0.8218302094818082,0.9289043157724787,0.0008820286659316428,4535
535,0.9872105843439912,0.10937722953651771,0.000661521499448732,4535
536,0.9898566703417861,0.09060215365148223,0.000661521499448732,4535
537,0.8306504961411246,0.725609457733932,0.014994487320837926,4535
538,0.4619625137816979,1.3513266343409827,0.0004410143329658214,4535
539,0.9144432194046307,0.4382763715127943,0.005071664829106946,4535
540,0.854244762954796,0.7498945637548446,0.01587651598676957,4535
541,0.9417861080485116,0.3956546219765985,0.0011025358324145535,4535
542,0.654465270121279,1.4278278000991123,0.0004410143329658214,4535
543,0.41675854465270123,1.6730114695380478,0.008158765159867696,4535
544,0.8251378169790519,0.8752075039170881,0.004410143329658214,4535
545,0.9863285556780595,0.11675432403126573,0.0002205071664829107,4535
546,0.5651598676957001,1.3203529466712454,0.002205071664829107,4535
547,0.9750826901874311,0.19207824985817704,0.0,4535
548,0.9329658213891951,0.37939857685077594,0.0008820286659316428,4535
549,0.9766262403528114,0.17750227436521343,0.0011025358324145535,4535
550,0.9816979051819185,0.13486594090201393,0.0015435501653803748,4535
551,0.9867695700110254,0.0692053452826931,0.00639470782800441,4535
552,0.992723263506064,0.051851810766094526,0.0024255788313120178,4535
553,0.26747519294377065,1.1535932329240801,0.533406835722161,4535
554,0.3905181918412348,1.8572066953614614,0.0011025358324145535,4535
555,0.9585446527012128,0.27803690142702875,0.0004410143329658214,4535
556,0.9964718853362734,0.028075926761907507,0.0008820286659316428,4535
557,0.5265711135611907,1.0590337838464468,0.018081587651598677,4535
558,0.5256890848952591,0.403173019199358,0.44189636163175305,4535
559,0.9823594266813671,0.147635243547939,0.0004410143329658214,4535
560,0.980374862183021,0.1427828964163964,0.001984564498346196,4535
561,0.5940463065049614,1.1680334674264983,0.0004410143329658214,4535
562,0.9942668136714443,0.045810752442386284,0.001323042998897464,4535
563,0.7228224917309812,1.0960623078143457,0.0002205071664829107,4535
564,0.9898566703417861,0.08669817010484487,0.0011025358324145535,4535
565,0.6108048511576626,0.9971203018507204,0.0024255788313120178,4535
566,0.9929437706725469,0.0714842570954864,0.0,4535
567,0.9764057331863285,0.15777031485796678,0.002866593164277839,4535
568,0.9856670341786108,0.1276307023120286,0.0,4535
569,0.9861080485115766,0.12056271562450385,0.0004410143329658214,4535
570,0.7578831312017641,0.8392028450187932,0.0017640573318632856,4535
571,0.8125689084895259,0.824998270058706,0.000661521499448732,4535
572,0.9918412348401323,0.0731233583080067,0.000661521499448732,4535
573,0.9812568908489526,0.12461368744138449,0.005071664829106946,4535
574,0.9821389195148842,0.15347328575459335,0.0004410143329658214,4535
575,0.9896361631753032,0.0950581239889853,0.0002205071664829107,4535
576,0.9894156560088203,0.09127918543742838,0.0011025358324145535,4535
577,0.5872105843439912,1.397340224258994,0.004410143329658214,4535
578,0.9799338478500551,0.16266616503331044,0.000661521499448732,4535
579,0.4454244762954796,1.504674515889532,0.001984564498346196,4535
580,0.6804851157662624,1.3768684786332228,0.0017640573318632856,4535
581,0.7003307607497243,1.121140289289168,0.002205071664829107,4535
582,0.965380374862183,0.2652093934519172,0.000661521499448732,4535
583,0.7459757442116869,0.9180387361532855,0.0008820286659316428,4535
584,0.9841234840132305,0.12278738155115722,0.002205071664829107,4535
585,0.9521499448732084,0.2885375169394345,0.008379272326350606,4535
586,0.9457552370452039,0.35219167475375,0.000661521499448732,4535
587,0.7836824696802646,0.8682773263290035,0.0033076074972436605,4535
588,0.938257993384785,0.36976494921497816,0.005512679162072767,4535
589,0.9519294377067254,0.3362470433030752,0.0011025358324145535,4535
590,0.5300992282249173,1.6365396790880524,0.06416758544652701,4535
591,0.4127894156560088,1.776092593498606,0.034178610804851156,4535
592,0.6427783902976847,1.4547724119801821,0.02491730981256891,4535
593,0.61742006615215,1.485762633510253,0.02491730981256891,4535
594,0.5649393605292172,1.5406174844899465,0.04718853362734289,4535
595,0.41940463065049616,1.413683806944593,0.1711135611907387,4535
596,0.8665931642778391,0.620646808639922,0.03263506063947078,4535
597,0.8873208379272326,0.6582518872010328,0.005953693495038589,4535
598,0.9680264608599779,0.2126005163959503,0.005512679162072767,4535
599,0.9188533627342889,0.39591516843105423,0.02293274531422271,4535
600,0.7532524807056229,1.067679871725058,0.011907386990077177,4535
601,0.38500551267916205,1.7982342566545544,0.016097023153252482,4535
602,0.7439911797133407,1.2096486599818297,0.0037486218302094816,4535
603,0.4421168687982359,1.8307635051862858,0.021389195148842337,4535
604,0.5737596471885337,1.5491540582037435,0.029327453142227122,4535
605,0.9212789415656009,0.46584516777357976,0.011025358324145534,4535
606,0.9788313120176406,0.15954805527390828,0.002866593164277839,4535
607,0.7863285556780595,1.0301253312087733,0.003969128996692392,4535
608,0.953252480705623,0.3061497626431434,0.004630650496141125,4535
609,0.9854465270121279,0.1245972417565198,0.000661521499448732,4535
610,0.9865490628445425,0.11122502586372579,0.0011025358324145535,4535
611,0.5117971334068357,1.3839501202003186,0.008379272326350606,4535
612,0.6527012127894156,1.4678378482041876,0.007717750826901874,4535
613,0.6796030871003308,1.183697883110339,0.0035281146637265713,4535
614,0.6405733186328556,1.4219577278211837,0.002866593164277839,4535
615,0.29106945975744214,1.9813742720955825,0.002646085997794928,4535
616,0.43836824696802645,1.7749023923514313,0.02954796030871003,4535
617,0.7334068357221609,1.1763380951172162,0.005292171995589856,4535
618,0.9585446527012128,0.3025968008821412,0.001323042998897464,4535
619,0.9772877618522602,0.1611036657613928,0.002866593164277839,4535
620,0.9572216097023153,0.2699175464141637,0.0015435501653803748,4535
621,0.6372657111356119,1.019231203344386,0.013450937155457553,4535
622,0.9766262403528114,0.13695697712123756,0.007717750826901874,4535
623,0.9649393605292172,0.2484653800322441,0.0024255788313120178,4535
624,0.8357221609702316,0.27560781180411853,0.13340683572216097,4535
625,0.7918412348401324,0.998610038564416,0.006174200661521499,4535
626,0.4471885336273429,1.7851642137806696,0.05292171995589857,4535
627,0.4619625137816979,1.8194893903956892,0.02844542447629548,4535
628,0.6769570011025359,1.3544652257327707,0.007276736493936053,4535
629,0.7830209481808159,1.0126011951537799,0.007276736493936053,4535
630,0.7009922822491731,1.2061951982355068,0.05292171995589857,4535
631,0.7126791620727674,1.2744018835913378,0.014112458654906285,4535
632,0.4822491730981257,1.7003843850302667,0.06019845644983462,4535
633,0.7031973539140022,1.1772981637637654,0.04167585446527012,4535
634,0.9098125689084895,0.480573656271292,0.018743109151047408,4535
635,0.9031973539140022,0.49383401299362595,0.01962513781697905,4535
636,0.48092613009922824,1.7017912323523938,0.09570011025358324,4535
637,0.5739801543550166,1.5061563223921761,0.07960308710033076,4535
638,0.7128996692392503,1.2564135153270664,0.018302094818081587,4535
639,0.3439911797133407,1.7833139663243807,0.12414553472987871,4535
640,0.8108048511576627,0.7605517773210161,0.06416758544652701,4535
641,0.8474090407938258,0.6797571869604618,0.042116868798235944,4535
642,0.214773980154355,1.3009499574847156,0.6729878721058434,4535
643,0.597353914002205,1.222490026129707,0.004189636163175303,4535
644,0.980154355016538,0.1475900971791937,0.0024255788313120178,4535
645,0.980374862183021,0.12989119178720993,0.004410143329658214,4535
646,0.9073869900771775,0.44627047910037376,0.026681367144432193,4535
647,0.7362734288864388,0.8824242844494057,0.10540242557883131,4535
648,0.42756339581036384,1.8282766582635004,0.006835722160970232,4535
649,0.4352811466372657,1.7894305624077214,0.020948180815876516,4535
650,0.49812568908489524,1.6669011798733737,0.015214994487320837,4535
651,0.5532524807056229,1.5453437566805046,0.04520396912899669,4535
652,0.43087100330760747,1.6993231386987027,0.00639470782800441,4535
653,0.9519294377067254,0.30887380332564657,0.002866593164277839,4535
654,0.9858875413450937,0.08053153572577917,0.004630650496141125,4535
655,0.5166482910694598,1.5442294279943012,0.001984564498346196,4535
656,0.9836824696802646,0.115878530168638,0.0024255788313120178,4535
657,0.9755237045203969,0.1626047448264495,0.002866593164277839,4535
658,0.9018743109151047,0.49572805275264464,0.009702315325248071,4535
659,0.6859977949283351,1.1651676189652136,0.04586549062844542,4535
660,0.31444321940463066,1.8701628414133278,0.06262403528114664,4535
661,0.3797133406835722,1.7966156053238023,0.04167585446527012,4535
662,0.36582138919514884,1.8832199999763757,0.015214994487320837,4535
663,0.8288864388092613,0.8092080999222768,0.025358324145534728,4535
664,0.38059536934950383,1.8132454788765746,0.07232635060639471,4535
665,0.8672546857772878,0.6720644587511386,0.022712238147739802,4535
666,0.9289966923925027,0.38434199844814376,0.01565600882028666,4535
667,0.8011025358324145,0.7904972055493439,0.0185226019845645,4535
668,0.9120176405733186,0.5107732078463805,0.008379272326350606,4535
669,0.955457552370452,0.28436506279337626,0.0024255788313120178,4535
670,0.31245865490628444,1.9401285650462052,0.000661521499448732,4535
671,0.45909592061742005,1.6979753171672018,0.000661521499448732,4535
672,0.5155457552370452,1.47665313918091,0.000661521499448732,4535
673,0.7329658213891952,1.1931898728241732,0.001323042998897464,4535
674,0.5567805953693495,1.3492112995092458,0.0048511576626240355,4535
675,0.8632855567805954,0.6048769581487818,0.007276736493936053,4535
676,0.9816979051819185,0.09081980070293888,0.008379272326350606,4535
677,0.9856670341786108,0.09585376837005029,0.002646085997794928,4535
678,0.9856670341786108,0.1166950251686102,0.0008820286659316428,4535
679,0.8646085997794928,0.5967406178619968,0.009922822491730982,4535
680,0.8895259095920618,0.6033939186251024,0.0048511576626240355,4535
681,0.760529217199559,1.119443092718088,0.005512679162072767,4535
682,0.7464167585446527,1.2042981283048015,0.002866593164277839,4535
683,0.38853362734288865,1.8267082334854545,0.016758544652701213,4535
684,0.5971334068357221,1.4192431026711492,0.06460859977949283,4535
685,0.9320837927232635,0.34056385089628693,0.017199558985667034,4535
686,0.9400220507166482,0.3566978952736329,0.0037486218302094816,4535
687,0.9933847850055126,0.04531728701446339,0.001984564498346196,4535
688,0.8846747519294377,0.5679247968220601,0.001323042998897464,4535
689,0.9907386990077177,0.07092545714317751,0.001984564498346196,4535
690,0.9378169790518192,0.3771940074109991,0.00639470782800441,4535
691,0.7243660418963617,1.2628761258303145,0.0035281146637265713,4535
692,0.8948180815876516,0.5118436584381911,0.002866593164277839,4535
693,0.9821389195148842,0.14685820125027582,0.000661521499448732,4535
694,0.985005512679162,0.12226807266072033,0.001323042998897464,4535
695,0.9206174200661521,0.4430966953765935,0.004189636163175303,4535
696,0.8802646085997795,0.5384925435592988,0.005953693495038589,4535
697,0.9713340683572216,0.21631093095517107,0.0011025358324145535,4535
698,0.9918412348401323,0.07241992505113923,0.000661521499448732,4535
699,0.9920617420066152,0.06518477377806753,0.001323042998897464,4535
700,0.7764057331863286,1.0372945198015997,0.0037486218302094816,4535
701,0.9126791620727673,0.482778675019839,0.001984564498346196,4535
702,0.836824696802646,0.8038977234069218,0.0037486218302094816,4535
703,0.9331863285556781,0.383077229402111,0.0024255788313120178,4535
704,0.8820286659316428,0.5714936764289125,0.0024255788313120178,4535
705,0.9437706725468578,0.3245312082971902,0.00948180815876516,4535
706,0.9918412348401323,0.05093035532763611,0.002866593164277839,4535
707,0.8233737596471885,0.7330708552452813,0.00639470782800441,4535
708,0.9691289966923925,0.2226127900599383,0.001323042998897464,4535
709,0.9598676957001102,0.24418920938819214,0.006174200661521499,4535
710,0.6507166482910695,1.4194844845693704,0.014994487320837926,4535
711,0.5417861080485116,1.614905784676079,0.006835722160970232,4535
712,0.8621830209481808,0.7417789113443723,0.007276736493936053,4535
713,0.8851157662624035,0.6760527615351988,0.003969128996692392,4535
714,0.6681367144432194,0.9689485572052475,0.013009922822491731,4535
715,0.9894156560088203,0.08069986356344849,0.0015435501653803748,4535
716,0.9836824696802646,0.10271653377395693,0.005292171995589856,4535
717,0.9854465270121279,0.11364128863665406,0.0015435501653803748,4535
718,0.8573318632855568,0.7120471920195638,0.002646085997794928,4535
719,0.8478500551267916,0.8187603782943829,0.0017640573318632856,4535
720,0.9312017640573319,0.38389110158458273,0.004410143329658214,4535
721,0.9805953693495039,0.1406835684307557,0.001984564498346196,4535
722,0.518412348401323,1.405687680953968,0.003969128996692392,4535
723,0.6469680264608599,1.0490940469030663,0.0024255788313120178,4535
724,0.7722160970231533,1.0165140013657028,0.005071664829106946,4535
725,0.7730981256890849,1.0582966841392838,0.0048511576626240355,4535
726,0.980154355016538,0.1539807379180847,0.0008820286659316428,4535
727,0.938257993384785,0.3987986314263355,0.0033076074972436605,4535
728,0.9816979051819185,0.12316272147478786,0.0030871003307607497,4535
729,0.9499448732083793,0.31947915795570736,0.0048511576626240355,4535
730,0.9885336273428886,0.07367697723600965,0.0024255788313120178,4535
731,0.8407938257993385,0.6616716240726278,0.014773980154355016,4535
732,0.9501653803748622,0.33053341183559287,0.002205071664829107,4535
733,0.9761852260198457,0.15457706539648144,0.005512679162072767,4535
734,0.6712238147739802,0.9882154321458306,0.007276736493936053,4535
735,0.7256890848952591,1.1394921950155101,0.005071664829106946,4535
736,0.7020948180815877,1.2506689476963702,0.013009922822491731,4535
737,0.6165380374862183,1.3874924473102666,0.006174200661521499,4535
738,0.4804851157662624,1.7289369188134602,0.005512679162072767,4535
739,0.3461962513781698,1.9426188845425922,0.008158765159867696,4535
740,0.9380374862183021,0.3706083820180081,0.005512679162072767,4535
741,0.9305402425578831,0.3962512791649461,0.013891951488423374,4535
742,0.8646085997794928,0.6002244095498361,0.01896361631753032,4535
743,0.9069459757442117,0.5345899651530359,0.00926130099228225,4535
744,0.41675854465270123,1.8465552829517613,0.04321940463065049,4535
745,0.7916207276736494,0.9869616779079042,0.016979051819184122,4535
746,0.3190738699007718,1.9160598633927055,0.05226019845644984,4535
747,0.417199558985667,1.8026440369206207,0.007497243660418963,4535
748,0.39007717750826904,1.8139362539269497,0.007497243660418963,4535
749,0.4097023153252481,1.8164498558299844,0.07320837927232635,4535
750,0.7294377067254686,1.1587885428170244,0.013230429988974642,4535
751,0.9027563395810364,0.5100004449341746,0.003969128996692392,4535
752,0.9722160970231533,0.19408973975169827,0.002646085997794928,4535
753,0.9907386990077177,0.065443829654505,0.002205071664829107,4535
754,0.9911797133406836,0.060098428547161534,0.0024255788313120178,4535
755,0.9922822491730982,0.051818210553494705,0.0024255788313120178,4535
756,0.7962513781697905,0.8357621241949855,0.004410143329658214,4535
757,0.9214994487320838,0.457502033223949,0.004410143329658214,4535
758,0.9914002205071665,0.053989373841641375,0.002646085997794928,4535
759,0.7239250275633958,1.1741520383565427,0.005292171995589856,4535
760,0.9816979051819185,0.1289705020014396,0.002646085997794928,4535
761,0.9439911797133407,0.35117532105295496,0.005292171995589856,4535
762,0.5969128996692392,1.5248882737194585,0.01587651598676957,4535
763,0.5230429988974642,1.4584317233094626,0.002866593164277839,4535
764,0.9750826901874311,0.16753395919188793,0.005292171995589856,4535
765,0.9786108048511577,0.15579957988642823,0.0017640573318632856,4535
766,0.9819184123484013,0.10956604822043975,0.005292171995589856,4535
767,0.9550165380374862,0.30886664756387905,0.0011025358324145535,4535
768,0.9470782800441014,0.306181399934445,0.001323042998897464,4535
769,0.9865490628445425,0.0900606075022446,0.0030871003307607497,4535
770,0.9102535832414553,0.4726152905740343,0.0030871003307607497,4535
771,0.6855567805953694,1.3220123462014872,0.009702315325248071,4535
772,0.7082690187431091,1.169561703742734,0.002866593164277839,4535
773,0.9660418963616317,0.1763249269452809,0.00926130099228225,4535
774,0.9836824696802646,0.13043998263115703,0.0008820286659316428,4535
775,0.9872105843439912,0.10506691334001446,0.000661521499448732,4535
776,0.7585446527012127,0.8687682913542192,0.001323042998897464,4535
777,0.9891951488423374,0.0751060775478363,0.0024255788313120178,4535
778,0.8921719955898567,0.5405943849870463,0.002205071664829107,4535
779,0.9797133406835722,0.15023378426409317,0.001984564498346196,4535
780,0.6377067254685778,1.0191448539489936,0.011025358324145534,4535
781,0.9816979051819185,0.14282471702397653,0.001323042998897464,4535
782,0.972877618522602,0.2087503387412324,0.0004410143329658214,4535
783,0.8893054024255789,0.6549956865951687,0.001323042998897464,4535
784,0.6904079382579934,1.1251283523827909,0.008158765159867696,4535
785,0.9708930540242557,0.14333566591850957,0.011907386990077177,4535
786,0.982800441014333,0.12373079527908934,0.0004410143329658214,4535
787,0.9867695700110254,0.10073491042939979,0.0017640573318632856,4535
788,0.9832414553472988,0.09475266722020075,0.006174200661521499,4535
789,0.9883131201764057,0.09590694900779546,0.000661521499448732,4535
790,0.9942668136714443,0.04085040924968324,0.0011025358324145535,4535
791,0.980374862183021,0.13397672287279305,0.0030871003307607497,4535
792,0.9936052921719956,0.0456204268903628,0.001323042998897464,4535
793,0.9472987872105844,0.3500201258323008,0.000661521499448732,4535
794,0.9821389195148842,0.12341332330743227,0.002646085997794928,4535
795,0.9790518191841234,0.05721560707044502,0.014553472987872107,4535
796,0.9766262403528114,0.1784860514794148,0.0008820286659316428,4535
797,0.9733186328555679,0.20274945326190558,0.0008820286659316428,4535
798,0.6877618522601985,1.1517193485024713,0.0035281146637265713,4535
799,0.8785005512679162,0.6838423680636878,0.005953693495038589,4535
800,0.9819184123484013,0.13466914588289175,0.000661521499448732,4535
801,0.9938257993384785,0.04748129120027528,0.0004410143329658214,4535
802,0.9914002205071665,0.055290983858007764,0.0015435501653803748,4535
803,0.9722160970231533,0.19189105491050332,0.002866593164277839,4535
804,0.9911797133406836,0.0479120296925606,0.0017640573318632856,4535
805,0.9737596471885336,0.15885453795086948,0.006174200661521499,4535
806,0.972877618522602,0.1815361779263903,0.0008820286659316428,4535
807,0.6968026460859978,1.199283889906171,0.005733186328555678,4535
808,0.6846747519294377,1.3313123004575718,0.005292171995589856,4535
809,0.8976846747519295,0.5333576777118242,0.005292171995589856,4535
810,0.9847850055126791,0.08308249759971088,0.005512679162072767,4535
811,0.6782800441014333,1.2787681091266696,0.0011025358324145535,4535
812,0.8119073869900771,0.8351184607238678,0.002205071664829107,4535
813,0.9894156560088203,0.08075897752170985,0.001323042998897464,4535
814,0.9744211686879823,0.12887117197361378,0.010363836824696803,4535
815,0.985226019845645,0.11166400580954464,0.0008820286659316428,4535
816,0.9841234840132305,0.12105887906924377,0.0008820286659316428,4535
817,0.9797133406835722,0.1542561505286536,0.0011025358324145535,4535
818,0.9305402425578831,0.41618073441734704,0.0048511576626240355,4535
819,0.8846747519294377,0.6611175884973775,0.002866593164277839,4535
820,0.9836824696802646,0.11747692121983506,0.002866593164277839,4535
821,0.9739801543550165,0.1691160121973033,0.004630650496141125,4535
822,0.3212789415656009,1.8081790421911088,0.03373759647188534,4535
823,0.3153252480705623,1.8659348076389128,0.011245865490628445,4535
824,0.622050716648291,1.379127047841601,0.05733186328555678,4535
825,0.8145534729878721,0.7573995264372592,0.011025358324145534,4535
826,0.8092613009922822,0.9038592364203536,0.017861080485115765,4535
827,0.7664829106945976,0.6423163175396677,0.14288864388092612,4535
828,0.49393605292171994,1.4423842108970655,0.08754134509371554,4535
829,0.7045203969128997,0.970864846623214,0.10606394707828004,4535
830,0.7475192943770672,0.9292554706565896,0.09371554575523705,4535
831,0.4187431091510474,1.71308796686966,0.1422271223814774,4535
832,0.612348401323043,1.3828666412336517,0.03109151047409041,4535
833,0.6904079382579934,1.206192110856022,0.036824696802646086,4535
834,0.6452039691289967,1.317138593576947,0.08996692392502756,4535
835,0.5719955898566703,1.5881400034172872,0.016097023153252482,4535
836,0.7622932745314223,1.0753302520042274,0.03197353914002205,4535
837,0.3896361631753032,1.7644582010407963,0.09040793825799338,4535
838,0.6714443219404631,1.3182341855404325,0.05093715545755237,4535
839,0.45887541345093713,1.696716699097382,0.09570011025358324,4535
840,0.4613009922822492,1.7848310986028906,0.07651598676957001,4535
841,0.4930540242557883,1.7121084488140115,0.05446527012127894,4535
842,0.6725468577728776,1.2752900984360214,0.074090407938258,4535
843,0.6282249173098126,1.398240951557157,0.05909592061742006,4535
844,0.4205071664829107,1.7614550875737494,0.18588754134509372,4535
845,0.6807056229327453,1.0182291546933455,0.14994487320837926,4535
846,0.3362734288864388,1.8542652907311523,0.23373759647188533,4535
847,0.3272326350606395,1.8207197669307749,0.1486218302094818,4535
848,0.6313120176405733,1.2864313432718286,0.12194046306504962,4535
849,0.4557883131201764,1.7305019920045754,0.09636163175303197,4535
850,0.829768467475193,0.7485689142593801,0.04432194046306505,4535
851,0.48092613009922824,1.605494136184332,0.07805953693495038,4535
852,0.46504961411245865,1.6276437055523991,0.19911797133406836,4535
853,0.33737596471885334,1.3760304605232934,0.298787210584344,4535
854,0.6787210584343991,0.7241841285539071,0.22138919514884234,4535
855,0.48555678059536933,1.3870508897972351,0.21168687982359427,4535
856,0.6191841234840132,1.2485543592980437,0.1567805953693495,4535
857,0.8211686879823594,0.6027380128728835,0.09018743109151048,4535
858,0.7790518191841235,0.7520639004400433,0.10540242557883131,4535
859,0.34531422271223816,1.9376865461605506,0.028004410143329658,4535
860,0.9296582138919515,0.37566644652308295,0.007497243660418963,4535
861,0.960308710033076,0.2085392832927623,0.01256890848952591,4535
862,0.7616317530319735,0.9856895739428686,0.016979051819184122,4535
863,0.7067254685777288,1.2569197949727497,0.013891951488423374,4535
864,0.9702315325248071,0.20818248928159555,0.004410143329658214,4535
865,0.9894156560088203,0.09313298805770463,0.000661521499448732,4535
866,0.8224917309812569,0.803657704138544,0.0033076074972436605,4535
867,0.8544652701212789,0.7492634427864346,0.009922822491730982,4535
868,0.915986769570011,0.46766226567675373,0.002205071664829107,4535
869,0.5115766262403528,1.1700235495640892,0.0035281146637265713,4535
870,0.67651598676957,1.220683692855952,0.004189636163175303,4535
871,0.9543550165380374,0.3187281919894682,0.0008820286659316428,4535
872,0.9816979051819185,0.13033511990214314,0.0035281146637265713,4535
873,0.9896361631753032,0.08294948602317229,0.001984564498346196,4535
874,0.9389195148842338,0.358902514043232,0.0033076074972436605,4535
875,0.7528114663726571,0.8584147523339619,0.005733186328555678,4535
876,0.5353914002205071,1.5567837890628025,0.04829106945975744,4535
877,0.36339581036383684,1.8326899781866222,0.006174200661521499,4535
878,0.3565600882028666,1.8112354269949416,0.024255788313120176,4535
879,0.9715545755237045,0.2126486153689119,0.0011025358324145535,4535
880,0.9863285556780595,0.11859846306515996,0.000661521499448732,4535
881,0.7528114663726571,0.9200693376953433,0.002205071664829107,4535
882,0.9819184123484013,0.11257801898783326,0.005071664829106946,4535
883,0.9633958103638368,0.27438259145404353,0.000661521499448732,4535
884,0.987431091510474,0.10297528580700463,0.0008820286659316428,4535
885,0.9836824696802646,0.07168739480514288,0.009040793825799339,4535
886,0.9519294377067254,0.31277128192075704,0.0011025358324145535,4535
887,0.9896361631753032,0.08930008149801358,0.0002205071664829107,4535
888,0.8760749724366041,0.6549709716408708,0.0,4535
889,0.9925027563395811,0.06443348363097104,0.0004410143329658214,4535
890,0.9016538037486218,0.5669369263369244,0.001323042998897464,4535
891,0.9894156560088203,0.0904710270331325,0.0011025358324145535,4535
892,0.9832414553472988,0.13939272988050144,0.0011025358324145535,4535
893,0.9102535832414553,0.4618469818473291,0.0033076074972436605,4535
894,0.9684674751929437,0.1982023892191408,0.005733186328555678,4535
895,0.6092613009922823,1.568782213178372,0.0011025358324145535,4535
896,0.47938257993384786,1.3001797711550047,0.002646085997794928,4535
897,0.9124586549062844,0.5049892288110853,0.0008820286659316428,4535
898,0.9916207276736494,0.06210411950122227,0.001323042998897464,4535
899,0.9944873208379272,0.040856927833920906,0.0011025358324145535,4535
900,0.9856670341786108,0.08847317631961997,0.004630650496141125,4535
901,0.9858875413450937,0.10491902994815198,0.002205071664829107,4535
902,0.928555678059537,0.40343757588953033,0.0033076074972436605,4535
903,0.6412348401323043,1.2275844731556256,0.001323042998897464,4535
904,0.40330760749724365,1.7776735905000791,0.0035281146637265713,4535
905,0.9788313120176406,0.15623884504629817,0.002205071664829107,4535
906,0.5475192943770673,1.0479138020292387,0.010143329658213893,4535
907,0.9861080485115766,0.11010940523923474,0.000661521499448732,4535
908,0.9898566703417861,0.08696009931539311,0.0004410143329658214,4535
909,0.9891951488423374,0.09418691732589016,0.0004410143329658214,4535
910,0.9790518191841234,0.14547399376696948,0.002866593164277839,4535
911,0.985226019845645,0.11517849582170389,0.0008820286659316428,4535
912,0.9719955898566703,0.18950099348652655,0.0008820286659316428,4535
913,0.985005512679162,0.09279448181915448,0.004410143329658214,4535
914,0.9902976846747519,0.07710533652906057,0.0004410143329658214,4535
915,0.9856670341786108,0.09966376884267213,0.002205071664829107,4535
916,0.9298787210584344,0.41944821974951096,0.005512679162072767,4535
917,0.9446527012127894,0.3231089148592192,0.0008820286659316428,4535
918,0.9889746416758545,0.08438542242522967,0.0008820286659316428,4535
919,0.9929437706725469,0.05166073037145756,0.0008820286659316428,4535
920,0.9887541345093716,0.07340340949961155,0.002866593164277839,4535
921,0.9342888643880927,0.39808654288287126,0.0004410143329658214,4535
922,0.9925027563395811,0.05094826671881081,0.0011025358324145535,4535
923,0.9572216097023153,0.26630506778426005,0.001323042998897464,4535
924,0.987651598676957,0.10103362407086801,0.000661521499448732,4535
925,0.9880926130099228,0.039322533812227604,0.0070562293274531425,4535
926,0.992723263506064,0.05703250795259153,0.000661521499448732,4535
927,0.9918412348401323,0.06483806384747931,0.0002205071664829107,4535
928,0.9550165380374862,0.3083590630109675,0.0004410143329658214,4535
929,0.7184123484013231,1.0223996542814462,0.0011025358324145535,4535
930,0.9144432194046307,0.5165417868305693,0.002866593164277839,4535
931,0.8983461962513781,0.558444762179766,0.0002205071664829107,4535
932,0.9587651598676957,0.28200237786839677,0.0002205071664829107,4535
933,0.9173098125689085,0.4365221615813147,0.0008820286659316428,4535
934,0.9905181918412348,0.07155013244858538,0.001323042998897464,4535
935,0.9841234840132305,0.1247374293421163,0.0004410143329658214,4535
936,0.9969128996692392,0.02266431922530907,0.0002205071664829107,4535
937,0.9880926130099228,0.08168680017120328,0.002205071664829107,4535
938,0.9909592061742006,0.07679957668183918,0.0002205071664829107,4535
939,0.9539140022050716,0.2985028503909758,0.0035281146637265713,4535
940,0.9675854465270122,0.22276228098063702,0.0004410143329658214,4535
941,0.7995589856670342,0.7531694171292925,0.002205071664829107,4535
942,0.9902976846747519,0.08573231487755935,0.0,4535
943,0.7799338478500552,1.0091294852038404,0.0011025358324145535,4535
944,0.9918412348401323,0.05201276425380427,0.001984564498346196,4535
945,0.9936052921719956,0.054703506885605595,0.0,4535
946,0.985226019845645,0.12317117886467696,0.0002205071664829107,4535
947,0.8350606394707828,0.8395768683618017,0.0015435501653803748,4535
948,0.8308710033076075,0.7952022333159625,0.000661521499448732,4535
949,0.9042998897464167,0.47920265382250843,0.000661521499448732,4535
950,0.9675854465270122,0.22118391099511875,0.0002205071664829107,4535
951,0.9810363836824697,0.1432757432381837,0.0008820286659316428,4535
952,0.9570011025358324,0.3007968026469172,0.0004410143329658214,4535
953,0.9386990077177508,0.3547017512657151,0.0030871003307607497,4535
954,0.9810363836824697,0.14980161140945625,0.000661521499448732,4535
955,0.849393605292172,0.7506179308002481,0.0033076074972436605,4535
956,0.985005512679162,0.12596188036248263,0.0004410143329658214,4535
957,0.9151047409040793,0.43413255950923463,0.0008820286659316428,4535
958,0.9916207276736494,0.05610011669349712,0.001984564498346196,4535
959,0.9902976846747519,0.07925900742223818,0.0002205071664829107,4535
960,0.9949283351708931,0.037109606813517916,0.0011025358324145535,4535
961,0.9783902976846748,0.17455255260133673,0.0,4535
962,0.9327453142227122,0.44721843977222403,0.0011025358324145535,4535
963,0.9922822491730982,0.06559361368163476,0.000661521499448732,4535
964,0.9761852260198457,0.16182614402096623,0.0024255788313120178,4535
965,0.48158765159867695,1.7310904782981993,0.004630650496141125,4535
966,0.9243660418963616,0.4145768819700947,0.0035281146637265713,4535
967,0.7499448732083793,1.01586127538888,0.0015435501653803748,4535
968,0.6458654906284454,1.0810394213005243,0.0024255788313120178,4535
969,0.9865490628445425,0.12141010667054156,0.0002205071664829107,4535
970,0.896141124586549,0.4968051851400076,0.007938257993384785,4535
971,0.8998897464167586,0.4843820921291037,0.02227122381477398,4535
972,0.977728776185226,0.1809470737613498,0.0011025358324145535,4535
973,0.987651598676957,0.10576484629871104,0.0004410143329658214,4535
974,0.8829106945975744,0.653514931941592,0.004630650496141125,4535
975,0.8081587651598677,0.7623619956337268,0.000661521499448732,4535
976,0.8952590959206174,0.5170383134284,0.002646085997794928,4535
977,0.9759647188533628,0.1672937325444446,0.004410143329658214,4535
978,0.9805953693495039,0.15597717418093496,0.0011025358324145535,4535
979,0.985005512679162,0.10617210971691476,0.002646085997794928,4535
980,0.985226019845645,0.12885538372104288,0.0004410143329658214,4535
981,0.9891951488423374,0.08506252023867557,0.001984564498346196,4535
982,0.9552370452039691,0.28089267480309454,0.0002205071664829107,4535
983,0.9821389195148842,0.154620305945953,0.0002205071664829107,4535
984,0.9880926130099228,0.10135209583954899,0.001323042998897464,4535
985,0.9894156560088203,0.09935939142381445,0.0002205071664829107,4535
986,0.42998897464167585,1.6033297774665511,0.0030871003307607497,4535
987,0.7556780595369349,0.8943738626363716,0.0017640573318632856,4535
988,0.8690187431091511,0.6963170547407669,0.0008820286659316428,4535
989,0.5794928335170894,1.6102935177034852,0.01278941565600882,4535
990,0.7556780595369349,0.8918963939329174,0.03572216097023153,4535
991,0.9788313120176406,0.12309949793651336,0.007717750826901874,4535
992,0.8945975744211687,0.6074563076092219,0.005953693495038589,4535
993,0.9415656008820287,0.247860926116119,0.028004410143329658,4535
994,0.9819184123484013,0.11887079786349165,0.005292171995589856,4535
995,0.8033076074972436,0.7164461438846834,0.05226019845644984,4535
996,0.9098125689084895,0.5507201331925143,0.00639470782800441,4535
997,0.9195148842337376,0.43263052053337986,0.016758544652701213,4535
998,0.4754134509371555,1.5984318706087037,0.05909592061742006,4535
999,0.5609702315325248,1.4952004861976769,0.03439911797133407,4535
1000,0.5173098125689085,1.692564571742313,0.06240352811466373,4535
1001,0.45005512679162074,1.7506994155257738,0.05490628445424476,4535
1002,0.3446527012127894,1.8839798915237278,0.05049614112458655,4535
1003,0.8756339581036384,0.6318507242206198,0.02249173098125689,4535
1004,0.6211686879823595,1.42720176944654,0.07144432194046306,4535
1005,0.6934950385887542,1.2411034576363842,0.058654906284454245,4535
1006,0.5201764057331864,1.6208547420821378,0.11312017640573319,4535
1007,0.39272326350606396,1.8382908712562713,0.11642778390297685,4535
1008,0.38478500551267913,1.9065499228398797,0.06945975744211687,4535
1009,0.5005512679162073,1.7340835259009366,0.05711135611907387,4535
1010,0.5054024255788313,1.642106344424324,0.09834619625137817,4535
1011,0.4945975744211687,1.7236532310604915,0.05093715545755237,4535
1012,0.6368246968026461,1.4405699006505424,0.03770672546857773,4535
1013,0.8160970231532525,0.8368639511699614,0.016758544652701213,4535
1014,0.8269018743109151,0.8598569437073051,0.020286659316427785,4535
1015,0.5867695700110254,1.3266260507609196,0.04983461962513782,4535
1016,0.891289966923925,0.5628826617239325,0.022712238147739802,4535
1017,0.5250275633958104,1.690927887130764,0.05380374862183021,4535
1018,0.6006615214994487,1.3254244976830274,0.08489525909592062,4535
1019,0.6725468577728776,1.3238584410937837,0.05226019845644984,4535
1020,0.6260198456449835,1.3718093679425325,0.0928335170893054,4535
1021,0.3790518191841235,1.8280496453083661,0.1689084895259096,4535
1022,0.44410143329658214,1.8062890643405283,0.09503858875413451,4535
1023,0.4613009922822492,1.6975810648312253,0.14928335170893053,4535
1024,0.5435501653803748,1.6071273298746478,0.07475192943770673,4535
1025,0.7124586549062845,1.177632341863221,0.04652701212789415,4535
1026,0.45270121278941566,1.6835351244565386,0.09459757442116869,4535
1027,0.7777287761852261,0.9458623404389309,0.04652701212789415,4535
1028,0.7916207276736494,1.0022516187621862,0.020948180815876516,4535
1029,0.7651598676957001,1.0787418053267592,0.02844542447629548,4535
1030,0.7918412348401324,1.0247922053149834,0.013450937155457553,4535
1031,0.7742006615214995,0.9884206682480795,0.032194046306504964,4535
1032,0.7495038588754135,1.0319734043451525,0.05689084895259096,4535
1033,0.8284454244762954,0.8102921956471872,0.023814773980154354,4535
1034,0.8019845644983462,0.8720380041836588,0.047409040793825796,4535
1035,0.5561190738699008,1.3119501515769632,0.15964718853362733,4535
1036,0.5865490628445424,1.4555604580949426,0.03109151047409041,4535
1037,0.7270121278941566,1.108898130437857,0.059977949283351706,4535
1038,0.39691289966923926,1.8649186239612463,0.11598676957001103,4535
1039,0.5719955898566703,1.5163348143734865,0.07717750826901874,4535
1040,0.43991179713340683,1.803682533173427,0.09966923925027564,4535
1041,0.5490628445424476,1.5241626830054653,0.13120176405733186,4535
1042,0.6154355016538038,1.1808516272150347,0.15347298787210584,4535
1043,0.5206174200661522,1.5520572536614963,0.04299889746416759,4535
1044,0.8729878721058434,0.5495741913401816,0.04255788313120176,4535
1045,0.8458654906284454,0.6302036144492058,0.05711135611907387,4535
1046,0.9905181918412348,0.07506571871060941,0.0017640573318632856,4535
1047,0.987431091510474,0.08287201150950134,0.0035281146637265713,4535
1048,0.9572216097023153,0.3066499474534529,0.0002205071664829107,4535
1049,0.98257993384785,0.1433423494777141,0.0008820286659316428,4535
1050,0.9880926130099228,0.1035526895392049,0.0002205071664829107,4535
1051,0.6211686879823595,1.3590648611798848,0.0011025358324145535,4535
1052,0.9847850055126791,0.13203250963455915,0.0002205071664829107,4535
1053,0.9918412348401323,0.07821069210754392,0.0,4535
1054,0.9982359426681368,0.01816545185875401,0.0,4535
1055,0.9962513781697905,0.03493716871396616,0.0004410143329658214,4535
1056,0.9598676957001102,0.2619600401434513,0.0004410143329658214,4535
1057,0.9929437706725469,0.03717398249885159,0.0035281146637265713,4535
1058,0.9894156560088203,0.09597724919165894,0.0,4535
1059,0.6657111356119074,0.9415100489004719,0.0037486218302094816,4535
1060,0.9378169790518192,0.38851889993994737,0.0017640573318632856,4535
1061,0.9933847850055126,0.05928583268725694,0.000661521499448732,4535
1062,0.9914002205071665,0.0674792145268402,0.0008820286659316428,4535
1063,0.9689084895259096,0.22356872044168952,0.001323042998897464,4535
1064,0.9872105843439912,0.1094658045111652,0.000661521499448732,4535
1065,0.9931642778390297,0.061287740063594845,0.0004410143329658214,4535
1066,0.9953693495038589,0.04276579759431341,0.0002205071664829107,4535
1067,0.9953693495038589,0.04464107643556268,0.0,4535
1068,0.9914002205071665,0.0771529065724623,0.0004410143329658214,4535
1069,0.9607497243660419,0.2627101792727129,0.0004410143329658214,4535
1070,0.9911797133406836,0.07650140362631723,0.0004410143329658214,4535
1071,0.9711135611907387,0.2235777231042052,0.000661521499448732,4535
1072,0.9914002205071665,0.07886715287907232,0.000661521499448732,4535
1073,0.987431091510474,0.1084810262418548,0.0008820286659316428,4535
1074,0.980374862183021,0.1582264846271294,0.0011025358324145535,4535
1075,0.669018743109151,1.0221450604513316,0.0011025358324145535,4535
1076,0.9186328555678059,0.4503309884775394,0.0002205071664829107,4535
1077,0.9693495038588754,0.22898029678297221,0.0004410143329658214,4535
1078,0.9867695700110254,0.11132081969114925,0.0011025358324145535,4535
1079,0.9858875413450937,0.11099219416832812,0.0008820286659316428,4535
1080,0.9878721058434399,0.08493936084146367,0.001984564498346196,4535
1081,0.9369349503858876,0.36323232351759377,0.0004410143329658214,4535
1082,0.6661521499448733,1.0299742973585486,0.0004410143329658214,4535
1083,0.9647188533627343,0.2632023287821058,0.0011025358324145535,4535
1084,0.9916207276736494,0.07755066000225151,0.0004410143329658214,4535
1085,0.9814773980154355,0.14323092754394803,0.002205071664829107,4535
1086,0.822271223814774,0.8649424213137216,0.000661521499448732,4535
1087,0.8176405733186328,0.9403882241591996,0.0024255788313120178,4535
1088,0.9395810363836825,0.3907501814561012,0.0004410143329658214,4535
1089,0.8992282249173098,0.5379326301285055,0.000661521499448732,4535
1090,0.9898566703417861,0.08479197711000412,0.001323042998897464,4535
1091,0.9834619625137817,0.13004287079426652,0.0011025358324145535,4535
1092,0.980154355016538,0.14550854633987084,0.0024255788313120178,4535
1093,0.9958103638368246,0.04045940957003363,0.0002205071664829107,4535
1094,0.9847850055126791,0.1286009930494833,0.0008820286659316428,4535
1095,0.9960308710033076,0.03503398179780741,0.0004410143329658214,4535
1096,0.8851157662624035,0.558811812607529,0.011466372657111356,4535
1097,0.9318632855567806,0.43327828460356105,0.000661521499448732,4535
1098,0.8092613009922822,0.9754720695447366,0.0004410143329658214,4535
1099,0.7927232635060639,0.9989684729108745,0.000661521499448732,4535
1100,0.7206174200661521,1.0452836352963053,0.001984564498346196,4535
1101,0.9883131201764057,0.08840510310734928,0.0024255788313120178,4535
1102,0.9883131201764057,0.1050050952346975,0.0002205071664829107,4535
1103,0.9898566703417861,0.08852460826408697,0.0008820286659316428,4535
1104,0.9907386990077177,0.07795947771741188,0.0004410143329658214,4535
1105,0.9889746416758545,0.0970799852796769,0.0004410143329658214,4535
1106,0.9717750826901874,0.18582059461875325,0.0002205071664829107,4535
1107,0.9883131201764057,0.10043669480355827,0.0011025358324145535,4535
1108,0.9920617420066152,0.07414475996922325,0.0002205071664829107,4535
1109,0.930981256890849,0.41347166339744834,0.0002205071664829107,4535
1110,0.9869900771775083,0.09831808516028766,0.0024255788313120178,4535
1111,0.9902976846747519,0.08431756137705353,0.0011025358324145535,4535
1112,0.9938257993384785,0.0408660680173558,0.0024255788313120178,4535
1113,0.9938257993384785,0.053195962300476934,0.0008820286659316428,4535
1114,0.9761852260198457,0.1622154881034835,0.0048511576626240355,4535
1115,0.53561190738699,1.1765366839181368,0.02624035281146637,4535
1116,0.8028665931642779,0.7580890310240643,0.023373759647188533,4535
1117,0.4727673649393605,1.2933005972138862,0.04718853362734289,4535
1118,0.7155457552370452,1.0185018245491537,0.04189636163175303,4535
1119,0.6588754134509371,1.335091992782214,0.024035281146637267,4535
1120,0.46284454244762957,1.8020562302273984,0.008599779492833517,4535
1121,0.7001102535832414,1.1651940417743787,0.04785005512679162,4535
1122,0.652039691289967,1.3906420956576404,0.026901874310915105,4535
1123,0.7016538037486219,1.0082489026171213,0.014994487320837926,4535
1124,0.9420066152149945,0.3420721426137071,0.010143329658213893,4535
1125,0.9790518191841234,0.12173004530878015,0.007497243660418963,4535
1126,0.9400220507166482,0.35099560931667473,0.00639470782800441,4535
1127,0.738478500551268,0.8132036675878728,0.07144432194046306,4535
1128,0.8736493936052921,0.3446871979117912,0.08136714443219405,4535
1129,0.7009922822491731,1.0172847551652233,0.0681367144432194,4535
1130,0.9393605292171996,0.22296320861970859,0.033517089305402425,4535
1131,0.4478500551267916,1.6846924270023602,0.12502756339581036,4535
1132,0.8090407938257993,0.6097906690191246,0.09393605292171996,4535
1133,0.44189636163175305,1.693706831979112,0.10606394707828004,4535
1134,0.5715545755237045,1.3927464495589583,0.09746416758544653,4535
1135,0.7843439911797133,0.8257816979704071,0.06284454244762955,4535
1136,0.24917309812568908,1.7032551356974426,0.4646085997794928,4535
1137,0.30429988974641675,1.7274194103347646,0.3014332965821389,4535
1138,0.49151047409040793,1.23209068922771,0.2831312017640573,4535
1139,0.33252480705622933,1.6416916050740262,0.14465270121278942,4535
1140,0.7938257993384785,0.5330416009423062,0.1345093715545755,4535
1141,0.37023153252480706,1.5952269784611948,0.22668136714443218,4535
1142,0.4926130099228225,1.388626563488732,0.12392502756339581,4535
1143,0.8304299889746417,0.36728707789246795,0.12238147739801543,4535
1144,0.703638368246968,0.9066396159813097,0.11400220507166482,4535
1145,0.8663726571113561,0.2953764105903248,0.09856670341786108,4535
1146,0.3748621830209482,1.722295634186323,0.11003307607497244,4535
1147,0.8575523704520397,0.44249397823734193,0.07673649393605292,4535
1148,0.8745314222712238,0.3737250881812667,0.07541345093715546,4535
1149,0.9470782800441014,0.16922682536275993,0.03373759647188534,4535
1150,0.8710033076074972,0.5539108294261411,0.03792723263506064,4535
1151,0.6961411245865491,1.0726533486420553,0.06063947078280044,4535
1152,0.5938257993384785,1.4675972027866475,0.048070562293274534,4535
1153,0.47982359426681365,1.5162720329453876,0.04057331863285557,4535
1154,0.4696802646085998,1.7832790824744564,0.047409040793825796,4535
1155,0.7975744211686879,0.9479134563674282,0.026901874310915105,4535
1156,0.7351708930540243,0.8879878234232321,0.05887541345093716,4535
1157,0.8176405733186328,0.7610391535899897,0.044101433296582136,4535
1158,0.980154355016538,0.14441254025599148,0.0037486218302094816,4535
1159,0.9836824696802646,0.11983029274347765,0.0033076074972436605,4535
1160,0.8954796030871003,0.5717124968014113,0.002205071664829107,4535
1161,0.9730981256890849,0.18346657017551685,0.005512679162072767,4535
1162,0.9662624035281147,0.18194765163845095,0.011466372657111356,4535
1163,0.960529217199559,0.2414153803241506,0.005512679162072767,4535
1164,0.48577728776185225,1.6803779372837968,0.12679162072767364,4535
1165,0.7413450937155458,1.1475941827697012,0.021609702315325247,4535
1166,0.5409040793825799,1.5847320121510076,0.029106945975744213,4535
1167,0.8487320837927232,0.745319162781364,0.025358324145534728,4535
1168,0.5636163175303197,1.4094006616704033,0.1303197353914002,4535
1169,0.5329658213891951,1.3709089174177125,0.04366041896361632,4535
1170,0.8533627342888643,0.7541174380932266,0.020948180815876516,4535
1171,0.9267916207276736,0.46398070002511205,0.005512679162072767,4535
1172,0.49239250275633956,1.6215038231202699,0.0048511576626240355,4535
1173,0.6923925027563396,1.3112006161825875,0.015214994487320837,4535
1174,0.4723263506063947,1.753688300840499,0.0412348401323043,4535
1175,0.9367144432194047,0.2850906759899719,0.02491730981256891,4535
1176,0.9867695700110254,0.10858355526446871,0.0015435501653803748,4535
1177,0.9898566703417861,0.08119303194744251,0.0011025358324145535,4535
1178,0.9891951488423374,0.07722622684423897,0.0024255788313120178,4535
1179,0.9949283351708931,0.046093565516788754,0.000661521499448732,4535
1180,0.9955898566703418,0.03929832331819584,0.000661521499448732,4535
1181,0.9887541345093716,0.09284960789822833,0.0002205071664829107,4535
1182,0.9916207276736494,0.041749858061349045,0.004189636163175303,4535
1183,0.9880926130099228,0.1052409388539397,0.0002205071664829107,4535
1184,0.7539140022050717,1.123567085772765,0.0008820286659316428,4535
1185,0.9759647188533628,0.17515969445323515,0.0015435501653803748,4535
1186,0.8904079382579934,0.6067172359040975,0.0004410143329658214,4535
1187,0.9865490628445425,0.11305491018874472,0.0002205071664829107,4535
1188,0.992723263506064,0.06727008251221951,0.0,4535
1189,0.9847850055126791,0.13560921780387616,0.0002205071664829107,4535
1190,0.7386990077177509,0.9982638657926595,0.0011025358324145535,4535
1191,0.9918412348401323,0.07498073067866728,0.000661521499448732,4535
1192,0.9925027563395811,0.07040421420925183,0.0004410143329658214,4535
1193,0.9320837927232635,0.441869395323924,0.0002205071664829107,4535
1194,0.9933847850055126,0.06385196181013135,0.0,4535
1195,0.9847850055126791,0.11952009236431783,0.0002205071664829107,4535
1196,0.9966923925027563,0.03550149157581867,0.0,4535
1197,0.9799338478500551,0.14678277268722317,0.0015435501653803748,4535
1198,0.9510474090407939,0.3077472256005928,0.0004410143329658214,4535
1199,0.6674751929437707,0.9457497476821171,0.001323042998897464,4535
1200,0.9966923925027563,0.03612651183075508,0.0,4535
1201,0.9916207276736494,0.06864911588746073,0.0011025358324145535,4535
1202,0.7391400220507166,0.9451533716428169,0.001323042998897464,4535
1203,0.6807056229327453,0.9294921091601577,0.000661521499448732,4535
1204,0.935832414553473,0.3532049141875725,0.001323042998897464,4535
1205,0.9733186328555679,0.19936557055125967,0.0002205071664829107,4535
1206,0.8807056229327453,0.541138837453417,0.0004410143329658214,4535
1207,0.9783902976846748,0.13598876529935439,0.006615214994487321,4535
1208,0.7029768467475193,1.0776228097101512,0.002205071664829107,4535
1209,0.9567805953693495,0.24881036534868772,0.004630650496141125,4535
1210,0.9523704520396913,0.3146442840347511,0.0008820286659316428,4535
1211,0.785226019845645,0.8207594754596867,0.000661521499448732,4535
1212,0.9779492833517089,0.16872795472449076,0.002205071664829107,4535
1213,0.9819184123484013,0.15148602906406616,0.0,4535
1214,0.9940463065049614,0.05899654305678413,0.0002205071664829107,4535
1215,0.619845644983462,1.0215075976410752,0.007497243660418963,4535
1216,0.8802646085997795,0.5703853034959363,0.007938257993384785,4535
1217,0.4811466372657111,1.7825093747161103,0.0030871003307607497,4535
1218,0.8224917309812569,0.8726146221483373,0.0008820286659316428,4535
1219,0.7263506063947078,0.9651011860896986,0.0002205071664829107,4535
1220,0.4313120176405733,1.622709068814269,0.0008820286659316428,4535
1221,0.9925027563395811,0.05970229915314376,0.0017640573318632856,4535
1222,0.9971334068357222,0.02820416705411869,0.0004410143329658214,4535
1223,0.9938257993384785,0.05805090279864818,0.0002205071664829107,4535
1224,0.9757442116868799,0.19849040808092072,0.0004410143329658214,4535
1225,0.8028665931642779,0.9693829368704192,0.000661521499448732,4535
1226,0.8507166482910694,0.7575977370336239,0.0011025358324145535,4535
1227,0.9872105843439912,0.10343880434239472,0.000661521499448732,4535
1228,0.9869900771775083,0.1160709666100768,0.0004410143329658214,4535
1229,0.9433296582138919,0.3507070554158293,0.000661521499448732,4535
1230,0.95303197353914,0.3262561079187486,0.0002205071664829107,4535
1231,0.9792723263506063,0.1689057152573226,0.000661521499448732,4535
1232,0.8538037486218302,0.6280565454404372,0.0011025358324145535,4535
1233,0.9056229327453142,0.46303352023224964,0.0008820286659316428,4535
1234,0.8218302094818082,0.8534158216938539,0.0,4535
1235,0.8216097023153253,0.8961246516735748,0.0008820286659316428,4535
1236,0.9861080485115766,0.12691715483387656,0.0,4535
1237,0.9816979051819185,0.15651517162832027,0.0004410143329658214,4535
1238,0.9962513781697905,0.03506936168363242,0.0004410143329658214,4535
1239,0.9949283351708931,0.04556804907821814,0.0008820286659316428,4535
1240,0.9891951488423374,0.0988290319340637,0.0,4535
1241,0.9947078280044102,0.04951899910421414,0.000661521499448732,4535
1242,0.9845644983461963,0.05002050369377601,0.010363836824696803,4535
1243,0.9435501653803748,0.3784622215152539,0.0011025358324145535,4535
1244,0.684013230429989,1.2590296201931945,0.05446527012127894,4535
1245,0.4747519294377067,1.7652839811911654,0.0350606394707828,4535
1246,0.434619625137817,1.7489559644080213,0.14928335170893053,4535
1247,0.5700110253583242,1.4560465352563337,0.027563395810363836,4535
1248,0.6937155457552371,1.2719414624688228,0.036163175303197355,4535
1249,0.9766262403528114,0.17095798260461909,0.002866593164277839,4535
1250,0.9794928335170893,0.13328099136755195,0.004630650496141125,4535
1251,0.9843439911797134,0.08528223618368305,0.00639470782800441,4535
1252,0.6205071664829107,1.0396322744759738,0.005292171995589856,4535
1253,0.7029768467475193,1.2113486370349746,0.002646085997794928,4535
1254,0.9367144432194047,0.40747714722631706,0.002646085997794928,4535
1255,0.6639470782800441,1.2846801041910039,0.04035281146637266,4535
1256,0.9883131201764057,0.06897402138171922,0.0037486218302094816,4535
1257,0.35303197353914,1.7436178399691142,0.00948180815876516,4535
1258,0.4701212789415656,1.6603297265992147,0.0070562293274531425,4535
1259,0.9647188533627343,0.21693954473827337,0.006174200661521499,4535
1260,0.9649393605292172,0.20925698913005508,0.00926130099228225,4535
1261,0.4229327453142227,1.838493956462598,0.010363836824696803,4535
1262,0.9611907386990077,0.2359518579805949,0.007717750826901874,4535
1263,0.45997794928335173,1.8109607109043444,0.03241455347298787,4535
1264,0.38919514884233736,1.7617058564776118,0.02227122381477398,4535
1265,0.5175303197353914,1.5340455855362891,0.023153252480705624,4535
1266,0.6509371554575524,1.2980855311908008,0.07894156560088203,4535
1267,0.9702315325248071,0.14227904225581903,0.01278941565600882,4535
1268,0.716207276736494,1.075419921754417,0.013230429988974642,4535
1269,0.7660418963616318,0.8222849351062845,0.013671444321940463,4535
1270,0.9472987872105844,0.2429926140585123,0.021609702315325247,4535
1271,0.7644983461962513,1.077541000119109,0.025358324145534728,4535
1272,0.46328555678059535,1.5721019947806913,0.08996692392502756,4535
1273,0.5614112458654906,1.4139886824799146,0.01278941565600882,4535
1274,0.5071664829106945,1.4995602632531884,0.052701212789415655,4535
1275,0.5929437706725469,1.210455378576065,0.010804851157662623,4535
1276,0.8707828004410143,0.7078461070006341,0.007497243660418963,4535
1277,0.9060639470782801,0.37052775188132714,0.042116868798235944,4535
1278,0.9188533627342889,0.30406712243109596,0.042116868798235944,4535
1279,0.25490628445424474,1.994971542761201,0.05909592061742006,4535
1280,0.8564498346196251,0.6094978011099887,0.03175303197353914,4535
1281,0.9369349503858876,0.25707035229028735,0.02513781697905182,4535
1282,0.7508269018743109,0.9475578552872062,0.014994487320837926,4535
1283,0.718632855567806,1.1278349190575514,0.00948180815876516,4535
1284,0.8286659316427784,0.8428554929363751,0.009040793825799339,4535
1285,0.649393605292172,1.41855828546074,0.010143329658213893,4535
1286,0.32943770672546857,1.868281012395812,0.0743109151047409,4535
1287,0.9726571113561191,0.19954257815011403,0.002205071664829107,4535
1288,0.9902976846747519,0.06762673746778951,0.002205071664829107,4535
1289,0.9786108048511577,0.15380214253540295,0.002205071664829107,4535
1290,0.48180815876515987,1.642708064657185,0.058213891951488426,4535
1291,0.4355016538037486,1.6662962583536507,0.10606394707828004,4535
1292,0.5082690187431091,1.6625258981146336,0.046085997794928335,4535
1293,0.4754134509371555,1.7216510184054954,0.0844542447629548,4535
1294,0.6824696802646086,1.2937421135686002,0.04321940463065049,4535
1295,0.7618522601984564,1.0360918798726089,0.009922822491730982,4535
1296,0.9775082690187431,0.1660517088256704,0.001323042998897464,4535
1297,0.5003307607497244,1.5044568485973886,0.03726571113561191,4535
1298,0.701212789415656,1.0306260047752631,0.035501653803748624,4535
1299,0.9861080485115766,0.10599220127099884,0.0017640573318632856,4535
1300,0.9834619625137817,0.12727181368664256,0.000661521499448732,4535
1301,0.9958103638368246,0.03587938448276773,0.0002205071664829107,4535
1302,0.8635060639470783,0.7185729158758232,0.0024255788313120178,4535
1303,0.9558985667034179,0.31185338172921595,0.0002205071664829107,4535
1304,0.8432194046306505,0.6437290783279347,0.0008820286659316428,4535
1305,0.9839029768467475,0.1239206265213663,0.0,4535
1306,0.9958103638368246,0.03569521611902095,0.0002205071664829107,4535
1307,0.9265711135611907,0.3458761745915667,0.020066152149944873,4535
1308,0.8200661521499448,0.7947975788791003,0.0,4535
1309,0.9733186328555679,0.2055996287966462,0.0004410143329658214,4535
1310,0.37684674751929437,1.9027358112660937,0.0002205071664829107,4535
1311,0.7971334068357222,0.9190706322337868,0.0011025358324145535,4535
1312,0.9318632855567806,0.40149162564958074,0.0011025358324145535,4535
1313,0.6138919514884233,1.0897083948794097,0.001323042998897464,4535
1314,0.9611907386990077,0.27497068488769416,0.0015435501653803748,4535
1315,0.9922822491730982,0.06548160294260198,0.000661521499448732,4535
1316,0.9953693495038589,0.04144646285245817,0.0002205071664829107,4535
1317,0.8791620727673649,0.6090987777351363,0.0011025358324145535,4535
1318,0.9918412348401323,0.06603088636174542,0.0008820286659316428,4535
1319,0.9922822491730982,0.0696079551775894,0.0002205071664829107,4535
1320,0.8846747519294377,0.5452030738882063,0.0011025358324145535,4535
1321,0.8328555678059537,0.6543604564525285,0.0017640573318632856,4535
1322,0.965380374862183,0.2441270850890714,0.002205071664829107,4535
1323,0.9891951488423374,0.087373215247132,0.0008820286659316428,4535
1324,0.5969128996692392,1.1687899373019055,0.0017640573318632856,4535
1325,0.9195148842337376,0.4731203517893501,0.0004410143329658214,4535
1326,0.7865490628445424,0.9372560905333606,0.0008820286659316428,4535
1327,0.3521499448732084,1.8888883170738875,0.002646085997794928,4535
1328,0.9658213891951488,0.2294787482562216,0.0004410143329658214,4535
1329,0.8083792723263507,0.8192078487141133,0.0004410143329658214,4535
1330,0.9395810363836825,0.3819097394407218,0.001323042998897464,4535
1331,0.9942668136714443,0.05087072080959182,0.0002205071664829107,4535
1332,0.995148842337376,0.04048261283927238,0.0004410143329658214,4535
1333,0.9955898566703418,0.04046714084437864,0.0,4535
1334,0.9757442116868799,0.1702038714328298,0.0015435501653803748,4535
1335,0.515986769570011,1.5187738667131463,0.0015435501653803748,4535
1336,0.5325248070562293,1.245260669767335,0.00639470782800441,4535
1337,0.9940463065049614,0.05394121422588521,0.0002205071664829107,4535
1338,0.9905181918412348,0.07760462421858308,0.0,4535
1339,0.9940463065049614,0.043387143976616194,0.001323042998897464,4535
1340,0.7885336273428887,0.9650275125321047,0.0,4535
1341,0.9955898566703418,0.040209962304249926,0.0,4535
1342,0.7975744211686879,0.7663580301388817,0.000661521499448732,4535
1343,0.9636163175303197,0.24977845919613115,0.0004410143329658214,4535
1344,0.9409040793825799,0.3929549382678573,0.001323042998897464,4535
1345,0.9960308710033076,0.030166203317317168,0.000661521499448732,4535
1346,0.9918412348401323,0.06707031289589965,0.0004410143329658214,4535
1347,0.9969128996692392,0.018794978546522515,0.0008820286659316428,4535
1348,0.9966923925027563,0.022217852210427463,0.000661521499448732,4535
1349,0.9916207276736494,0.05792247867248504,0.0017640573318632856,4535
1350,0.9914002205071665,0.07496430049925468,0.0004410143329658214,4535
1351,0.8599779492833517,0.6990088960572817,0.001323042998897464,4535
1352,0.9164277839029769,0.486497634876166,0.000661521499448732,4535
1353,0.962734288864388,0.2569279373039613,0.0017640573318632856,4535
1354,0.8030871003307607,0.8499517542684323,0.0011025358324145535,4535
1355,0.6760749724366042,1.13645952287242,0.0002205071664829107,4535
1356,0.6238147739801544,1.5344776251136185,0.0002205071664829107,4535
1357,0.8178610804851157,0.6930273952680293,0.006174200661521499,4535
1358,0.9867695700110254,0.09565427034880422,0.0015435501653803748,4535
1359,0.9922822491730982,0.06190471350678656,0.0008820286659316428,4535
1360,0.9947078280044102,0.03917643341373257,0.0004410143329658214,4535
1361,0.9816979051819185,0.13220354936846784,0.0024255788313120178,4535
1362,0.6088202866593164,1.3443375245890763,0.005733186328555678,4535
1363,0.958103638368247,0.2981390446034762,0.001984564498346196,4535
1364,0.6659316427783903,1.2028575547665694,0.0035281146637265713,4535
1365,0.814773980154355,0.7216004007598401,0.0008820286659316428,4535
1366,0.5996912218791354,1.5601629631668015,0.0024261138067931186,4534
1367,0.6546096162329069,1.1960523684877082,0.001985002205558006,4534
1368,0.8195057369814651,0.7900056696431811,0.00353045013239188,4532
1369,0.9602649006622517,0.27439027420425316,0.0017660044150110375,4530
1370,0.9322146169132258,0.37591759261905666,0.0026495915213071318,4529
1371,0.9548971921291178,0.30751696719722543,0.00022109219544550078,4523
1372,0.9811988498119885,0.14663551121906668,0.0013271400132714001,4521
1373,0.9973445452533747,0.013277312424918834,0.0004425757911042266,4519
1374,0.9568393094289509,0.06328982413012894,0.03607791057990261,4518
1375,0.995129510737215,0.04200614439038842,0.0,4517
1376,0.9933554817275747,0.05446966701027803,0.00044296788482834997,4515
1377,0.9033259423503326,0.5571367327564031,0.0004434589800443459,4510
1378,0.8930552473929443,0.5606026154999255,0.0006656312402928778,4507
1379,0.9900110987791343,0.0784444170342131,0.00022197558268590456,4505
1380,0.9869005328596803,0.10207073408825146,0.0011101243339253996,4504
1381,0.9715745058849656,0.21055938890527037,0.00022207417277370642,4503
1382,0.9813291842631696,0.14200817823829212,0.0008890864636585908,4499
1383,0.8523131672597865,0.6403172907486789,0.00022241992882562276,4496
1384,0.9226827094474154,0.4063651380820875,0.0002228163992869875,4488
1385,0.9614269788182832,0.24742500750468166,0.002898550724637681,4485
1386,0.9066964285714286,0.5251044529852148,0.0,4480
1387,0.9199463327370304,0.5098645717448036,0.00022361359570661896,4472
1388,0.7225213100044863,0.9947834331874033,0.0026917900403768506,4458
1389,0.929954954954955,0.45145884137536063,0.0011261261261261261,4440
1390,0.9823369565217391,0.09788167906134679,0.005434782608695652,4416
1391,0.9864959254947614,0.10937821541223174,0.00046565774155995343,4295
1392,0.9948513924643108,0.025052906542239288,0.0021062485373274046,4273
1393,0.8665259207131129,0.5694316138358863,0.003518648838845883,4263
1394,0.9903755868544601,0.08177071836339829,0.00046948356807511736,4260
1395,0.9955357142857143,0.03462444051729864,0.00023496240601503758,4256
1396,0.9009644789461303,0.49615581702046435,0.0004704775346977182,4251
1397,0.9931700423928403,0.06182209066861202,0.0,4246
1398,0.9806831566548881,0.15601597114745164,0.00023557126030624264,4245
1399,0.9903301886792453,0.08551701718061007,0.0,4240
1400,0.9645254074784276,0.24646424843023595,0.0,4172
1401,0.9884225759768451,0.08632301683246511,0.000964785335262904,4146
1402,0.9956257594167679,0.036902896128575245,0.0004860267314702309,4115
1403,0.9968246213971665,0.025660372902874373,0.0002442598925256473,4094
1404,0.9869458128078817,0.11252593807681116,0.0002463054187192118,4060
1405,0.9950273495773247,0.040490213424167955,0.0004972650422675286,4022
1406,0.9967540574282148,0.03093476429941769,0.0,4005
1407,0.9982287449392713,0.00966746684906781,0.0005060728744939271,3952
1408,0.9927310488058152,0.06439331798296519,0.0005192107995846313,3852
1409,0.6698057680988817,1.0170622411524821,0.008828722778104767,3398
1410,0.5969795676636067,1.0755528276212014,0.0026650873556411016,3377
1411,0.7617349970291146,0.8698781572553012,0.0038621509209744503,3366
1412,0.9449895926256319,0.3539515864383649,0.0029735355337496285,3363
1413,0.981845238095238,0.1347660111902295,0.002380952380952381,3360
1414,0.5889716840536513,1.3423204479090964,0.005365126676602086,3355
1415,0.8603401969561325,0.6358758445533002,0.006565204416592062,3351
1416,0.5429850746268656,1.411747208669065,0.003880597014925373,3350
1417,0.5070380353399221,1.0266461509889904,0.0032943995208146153,3339
1418,0.9907102187593647,0.06970507998021297,0.002097692538207971,3337
1419,0.9525382997897266,0.25211707421631196,0.012015620306398318,3329
1420,0.740885808978608,0.9486394997874366,0.015064778547755347,3319
1421,0.37530266343825663,1.7247633266163866,0.040859564164648914,3304
1422,0.8237431859479104,0.809074475262359,0.030890369473046637,3302
1423,0.7623822546338499,1.0003213937809725,0.03919781221513218,3291
1424,0.4712889431887599,1.7291160418263523,0.06200366524129505,3274
1425,0.5058032987171656,1.6387315969573137,0.023518631643249847,3274
1426,0.6340867440439829,1.393483869813453,0.02443494196701283,3274
1427,0.6061717079132295,1.2067535578770805,0.022303696914146045,3273
1428,0.721933312939737,1.0892630848854068,0.06944019577852555,3269
1429,0.7570552147239263,0.945125568441236,0.06625766871165645,3260
1430,0.797480024585126,0.9508947335286845,0.007990165949600492,3254
1431,0.44772447724477243,1.6531846247412423,0.014452644526445265,3252
1432,0.887211093990755,0.5877427677959246,0.020955315870570108,3245
1433,0.9545313949891742,0.2877659364829573,0.006186204763377668,3233
1434,0.9231246125232486,0.41937930032481696,0.012399256044637322,3226
1435,0.9173967459324155,0.40821777156404193,0.023779724655819776,3196
1436,0.6423380726698262,1.2741648574229318,0.04739336492890995,3165
1437,0.5894230769230769,1.4201773053576354,0.0810897435897436,3120
1438,0.6917585983127839,1.1976535466366474,0.06683971447112265,3082
1439,0.5592775041050904,1.516873455072661,0.061083743842364535,3045
1440,0.7421694691724365,1.0086439485547078,0.07649192218925156,3033
1441,0.48444738583719393,1.5334500630109202,0.13236267372600927,3022
1442,0.6972416085078099,1.2037191187524545,0.07045530076437355,3009
1443,0.672339005672339,1.2350947626684474,0.08274941608274941,2997
1444,0.40625,1.5068656148297654,0.2264784946236559,2976
1445,0.5942567567567567,1.4179568159909242,0.06385135135135135,2960
1446,0.8709786657636303,0.466171237523255,0.06400270910938029,2953
1447,0.8534423994546694,0.629679092490949,0.044989775051124746,2934
1448,0.8740994854202402,0.38704276764721857,0.0758147512864494,2915
1449,0.830110497237569,0.6106823982942285,0.08080110497237569,2896
1450,0.4173394173394173,1.6928049665900555,0.13653913653913655,2849
1451,0.48625792811839325,1.7206836327833652,0.08703312191684284,2838
1452,0.47947629157820243,1.5334650347094507,0.06935598018400566,2826
1453,0.5198722498225692,1.3779809837039105,0.08552164655784245,2818
1454,0.8002847988608045,0.9019562149534919,0.04058383766464934,2809
1455,0.8360071301247772,0.8032542011838376,0.02531194295900178,2805
1456,0.8529621698786581,0.6766821376951712,0.02676659528907923,2802
1457,0.7685920577617329,0.9002096452732573,0.0631768953068592,2770
1458,0.8508005822416302,0.7392265280477768,0.023653566229985445,2748
1459,0.6045487894350697,1.4711016027987966,0.025311812179016874,2726
1460,0.43622920517560076,1.4827907354948628,0.06617375231053604,2705
1461,0.8600669892072944,0.5447167468973508,0.05805731298846297,2687
1462,0.6477229958599925,1.2439691830987982,0.08806925103500188,2657
1463,0.3884454580007602,1.6692792773548724,0.16077537058152794,2631
1464,0.4247787610619469,1.5633469085106666,0.12851096575606002,2599
1465,0.3732612055641422,1.7992850209122788,0.15726429675425038,2588
1466,0.7795091546552396,0.669993221317356,0.1242695753798208,2567
1467,0.3527101335428123,1.7423347179194295,0.11154752553024352,2546
1468,0.8984126984126984,0.4171252592006996,0.04206349206349207,2520
1469,0.4291417165668663,1.6055992320642716,0.09500998003992016,2505
1470,0.7595343235648334,0.8228111136894436,0.09634684865515857,2491
1471,0.7370340356564019,1.0590699649677415,0.05713128038897893,2468
1472,0.6955455659991827,1.2945600158863533,0.03555373927257867,2447
1473,0.6260262725779967,1.088684943130949,0.050492610837438424,2436
1474,0.391701244813278,1.7288639622594253,0.08423236514522822,2410
1475,0.81419624217119,0.7776246983329291,0.017954070981210855,2395
1476,0.4821882951653944,1.481487074047681,0.07930449533502969,2358
1477,0.444017094017094,1.6400561887002385,0.07008547008547009,2340
1478,0.5985370051635112,1.387166576267283,0.0387263339070568,2324
1479,0.4662337662337662,1.5647849052024259,0.045021645021645025,2310
1480,0.4799651567944251,1.118196956674341,0.027439024390243903,2296
1481,0.8150415391342369,0.7679637377290202,0.024486226497595104,2287
1482,0.7660228270412642,0.8081848225344266,0.017998244073748903,2278
1483,0.9735799207397622,0.09959530423878145,0.014971378247468076,2271
1484,0.561807709348693,1.3360955943262227,0.0358883473637572,2257
1485,0.853202846975089,0.6867025806234159,0.02179715302491103,2248
1486,0.8960749330954505,0.4648126648095629,0.019625334522747548,2242
1487,0.9681757059614523,0.18208574258338084,0.00941281936351412,2231
1488,0.94141689373297,0.35358919346489015,0.00862851952770209,2202
1489,0.7809744779582367,0.8509805583030033,0.008352668213457077,2155
1490,0.6556759302873293,0.9931797484498472,0.011775788977861516,2123
1491,0.7000490918016691,0.9348588768677989,0.019636720667648502,2037
1492,0.995114006514658,0.025659791187772688,0.0027144408251900108,1842
1493,0.9921743991056456,0.0685671188470041,0.0011179429849077697,1789
1494,0.9954597048808173,0.042904043968595214,0.0005675368898978433,1762
1495,0.9982758620689656,0.014037846265786615,0.0005747126436781609,1740
1496,0.9877906976744186,0.09030845110332886,0.0017441860465116279,1720
1497,0.9892984542211652,0.08727758403660194,0.0005945303210463733,1682
1498,0.9951807228915662,0.02810250774997516,0.0018072289156626507,1660
1499,0.9780353874313605,0.03918081247480268,0.018303843807199512,1639
1500,0.993849938499385,0.06245008381474042,0.0,1626
1501,0.9956575682382134,0.04661884854667705,0.0,1612
1502,0.9962523422860712,0.040292614190017374,0.0,1601
1503,0.9968494013862634,0.027448497861531897,0.000630119722747322,1587
1504,0.9955499046408137,0.015378168887038836,0.003178639542275906,1573
1505,0.9955156950672646,0.03607050763968239,0.0006406149903907751,1561
1506,0.9947916666666666,0.04181076669548625,0.0013020833333333333,1536
1507,0.9940867279894875,0.03034356414029435,0.002628120893561104,1522
1508,0.5280816921954777,1.1853154848705816,0.0,1371
1509,0.9853157121879589,0.11430860416706948,0.0014684287812041115,1362
1510,0.9542682926829268,0.305943489988977,0.001524390243902439,1312
1511,0.9484396200814111,0.3168027216026345,0.0013568521031207597,737
1512,0.9910979228486647,0.06149232252181549,0.001483679525222552,674
1513,0.9855072463768116,0.08934835497790583,0.001610305958132045,621
1514,0.47101449275362317,1.453532184802075,0.00966183574879227,414
1515,0.45591939546599497,1.3997560890074165,0.007556675062972292,397
1516,0.8664987405541562,0.6790240738091469,0.0025188916876574307,397
1517,0.9821882951653944,0.09080902173001446,0.007633587786259542,393
1518,0.9846153846153847,-0.0,0.01282051282051282,390
1519,0.9923076923076923,0.025878214280202958,0.005128205128205128,390
1520,0.5142857142857142,1.144317645901668,0.01038961038961039,385
1521,0.5260416666666666,1.093423338071101,0.0026041666666666665,384
1522,0.9809782608695652,0.13104414063420589,0.002717391304347826,368
1523,0.9835616438356164,0.125556804642445,0.0,365
1524,0.8033240997229917,0.9286245385182803,0.002770083102493075,361
1525,0.9745762711864406,0.20525905770670197,0.0,354
1526,0.9829059829059829,0.1247975754927794,0.0,351
1527,0.8908045977011494,0.6211170778385386,0.0028735632183908046,348
1528,0.9827089337175793,0.10857683051410298,0.005763688760806916,347
1529,0.9823529411764705,0.10232286471858391,0.0058823529411764705,340
1530,0.9851632047477745,0.1339546589053628,0.0,337
1531,0.9970238095238095,0.029264474592390774,0.0,336
1532,0.933933933933934,0.35106844178406105,0.0,333
1533,0.9386503067484663,0.3558419135613331,0.003067484662576687,326
1534,0.9876543209876543,0.11448892151439037,0.0,324
1535,0.978328173374613,0.18446278835916335,0.0,323
1536,0.9905660377358491,0.08568004398878043,0.0,318
1537,0.9810725552050473,0.14137660415616177,0.0031545741324921135,317
1538,0.99,0.057938868586642,0.0033333333333333335,300
1539,0.9798657718120806,0.14636067401582142,0.003355704697986577,298
1540,0.9929328621908127,0.03397051558290613,0.0035335689045936395,283
1541,0.9878542510121457,0.07625470710613323,0.004048582995951417,247
1542,0.6363636363636364,1.0961391592565068,0.0,33
