start,L,fold,deg,k,cov_min,cov_gd,cov_s12,total_fold,tops
243,17,4,2,1,0.7228957480606021,0.7228957480606021,0.7502483519925379,4,CYCACCAACTAGCTRAT
243,17,4,2,2,0.8265840803346185,0.8265840803346185,0.839710370809768,8,CYCACCAACTAGCTRAT | CCYRCCAACTAGCTAAT
243,17,4,2,3,0.8649850822063296,0.8649850822063296,0.8888156790873235,12,CYCACCAACTAGCTRAT | CCYRCCAACTAGCTAAT | CYCACCAACAAGCTRAT
243,17,4,2,4,0.8897864340656104,0.8897864340656104,0.899120312927403,16,CYCACCAACTAGCTRAT | CCYRCCAACTAGCTAAT | CYCACCAACAAGCTRAT | CMCMCCAACTAGCTAAT
243,17,4,2,5,0.8997407393313562,0.8997407393313562,0.9066870919300439,20,CYCACCAACTAGCTRAT | CCYRCCAACTAGCTAAT | CYCACCAACAAGCTRAT | CMCMCCAACTAGCTAAT | CCTACCAWCWAGCTGAT
243,17,4,2,6,0.9027282467040849,0.9027282467040849,0.911247966551493,24,CYCACCAACTAGCTRAT | CCYRCCAACTAGCTAAT | CYCACCAACAAGCTRAT | CMCMCCAACTAGCTAAT | CCTACCAWCWAGCTGAT | CCCACCAACTARCTART
243,17,4,2,7,0.9161625910790271,0.9161625910790271,0.9208136859492305,28,CYCACCAACTAGCTRAT | CCYRCCAACTAGCTAAT | CYCACCAACAAGCTRAT | CMCMCCAACTAGCTAAT | CCTACCAWCWAGCTGAT | CCCACCAACTARCTART | CCCRCCAACTASCTAAT
243,17,4,2,8,0.9194346208112334,0.9194346208112334,0.9236463649070424,32,CYCACCAACTAGCTRAT | CCYRCCAACTAGCTAAT | CYCACCAACAAGCTRAT | CMCMCCAACTAGCTAAT | CCTACCAWCWAGCTGAT | CCCACCAACTARCTART | CCCRCCAACTASCTAAT | CCCACCAACYAGCTRAT
243,17,8,3,1,0.8082062665284772,0.8082062665284772,0.815374429454708,8,CYYACCAACTAGCTRAT
243,17,8,3,2,0.885280405485568,0.885280405485568,0.8926922024304501,16,CYYACCAACTAGCTRAT | CCCRCCAACWAGCTRAT
243,17,8,3,3,0.9053557685749775,0.9109138646554623,0.9053557685749775,24,CYYACCAACTAGCTRAT | CCCRCCAACWAGCTRAT | CMCMCCAACTAGCTART
243,17,8,3,4,0.9208218291095287,0.9236887246833491,0.9208218291095287,32,CYYACCAACTAGCTRAT | CCCRCCAACWAGCTRAT | CMCMCCAACTAGCTART | CYYACCAACAAGCTRAT
243,17,8,3,5,0.9208218291095287,0.9236887246833491,0.9208218291095287,40,CYYACCAACTAGCTRAT | CCCRCCAACWAGCTRAT | CMCMCCAACTAGCTART | CYYACCAACAAGCTRAT | CCTACCAWCWAGYTGAT
243,17,8,3,6,0.9409448730974127,0.9470037919620782,0.9409448730974127,46,CYYACCAACTAGCTRAT | CCCRCCAACWAGCTRAT | CMCMCCAACTAGCTART | CYYACCAACAAGCTRAT | CCTACCAWCWAGYTGAT | CCCRCCAACTAVCTAAT
243,17,8,3,7,0.947166661125202,0.950394882060453,0.947166661125202,54,CYYACCAACTAGCTRAT | CCCRCCAACWAGCTRAT | CMCMCCAACTAGCTART | CYYACCAACAAGCTRAT | CCTACCAWCWAGYTGAT | CCCRCCAACTAVCTAAT | CCCACCWACYAKCTAAT
243,17,8,3,8,0.9506683384383935,0.9527396980770195,0.9506683384383935,62,CYYACCAACTAGCTRAT | CCCRCCAACWAGCTRAT | CMCMCCAACTAGCTART | CYYACCAACAAGCTRAT | CCTACCAWCWAGYTGAT | CCCRCCAACTAVCTAAT | CCCACCWACYAKCTAAT | CCCACCAACTASCTRAY
243,17,16,4,1,0.879523053567245,0.879523053567245,0.888580591572178,16,CYYRCCAACTAGCTRAT
243,17,16,4,2,0.9051520535810714,0.9051520535810714,0.9173213800894685,32,CYYRCCAACTAGCTRAT | CYYACCAWCAAGCTRAT
243,17,16,4,3,0.9324941170881434,0.9333529441274605,0.9324941170881434,48,CYYRCCAACTAGCTRAT | CYYACCAWCAAGCTRAT | CMCMCCAACTARCTART
243,17,16,4,4,0.9510443398732534,0.9552662590371782,0.9510443398732534,64,CYYRCCAACTAGCTRAT | CYYACCAWCAAGCTRAT | CMCMCCAACTARCTART | CCCRCCWACTASCTRAT
243,17,16,4,5,0.9601000341151829,0.9629764317601105,0.9601000341151829,80,CYYRCCAACTAGCTRAT | CYYACCAWCAAGCTRAT | CMCMCCAACTARCTART | CCCRCCWACTASCTRAT | CCCRCCRTCWAGCTRAT
243,17,16,4,6,0.9673084064292792,0.9686350544561478,0.9673084064292792,96,CYYRCCAACTAGCTRAT | CYYACCAWCAAGCTRAT | CMCMCCAACTARCTART | CCCRCCWACTASCTRAT | CCCRCCRTCWAGCTRAT | CYCWCCAACTAGCTRRT
243,17,16,4,7,0.968715842951866,0.968715842951866,0.9713182238459899,112,CYYRCCAACTAGCTRAT | CYYACCAWCAAGCTRAT | CMCMCCAACTARCTART | CCCRCCWACTASCTRAT | CCCRCCRTCWAGCTRAT | CYCWCCAACTAGCTRRT | MCTACCAACWASCTRAT
243,17,16,4,8,0.968715842951866,0.968715842951866,0.9713182238459899,128,CYYRCCAACTAGCTRAT | CYYACCAWCAAGCTRAT | CMCMCCAACTARCTART | CCCRCCWACTASCTRAT | CCCRCCRTCWAGCTRAT | CYCWCCAACTAGCTRRT | MCTACCAACWASCTRAT | MCTACCRTCMAGYTGAT
243,19,4,2,1,0.7172181676861706,0.7172181676861706,0.7350692665100516,4,ACCYCACCAACTAGCTRAT
243,19,4,2,2,0.8215249469317435,0.8215249469317435,0.8239691371946489,8,ACCYCACCAACTAGCTRAT | ACCCYRCCAACTAGCTAAT
243,19,4,2,3,0.8606685022456025,0.8606685022456025,0.8730220652409003,12,ACCYCACCAACTAGCTRAT | ACCCYRCCAACTAGCTAAT | ACCYCACCAACAAGCTRAT
243,19,4,2,4,0.8833385165555415,0.8854238900542745,0.8833385165555415,16,ACCYCACCAACTAGCTRAT | ACCCYRCCAACTAGCTAAT | ACCYCACCAACAAGCTRAT | ACCMCMCCAACTAGCTAAT
243,19,4,2,5,0.890911612318551,0.8953782207989839,0.890911612318551,20,ACCYCACCAACTAGCTRAT | ACCCYRCCAACTAGCTAAT | ACCYCACCAACAAGCTRAT | ACCMCMCCAACTAGCTAAT | ACCCTACCAWCWAGCTGAT
243,19,4,2,6,0.8951821479913996,0.8995643519223329,0.8951821479913996,24,ACCYCACCAACTAGCTRAT | ACCCYRCCAACTAGCTAAT | ACCYCACCAACAAGCTRAT | ACCMCMCCAACTAGCTAAT | ACCCTACCAWCWAGCTGAT | ACCCCACCAACTASCTART
243,19,4,2,7,0.9076809897415491,0.9095278047502342,0.9076809897415491,28,ACCYCACCAACTAGCTRAT | ACCCYRCCAACTAGCTAAT | ACCYCACCAACAAGCTRAT | ACCMCMCCAACTAGCTAAT | ACCCTACCAWCWAGCTGAT | ACCCCACCAACTASCTART | ACCYCACCAACTARCTAAT
243,19,4,2,8,0.9112506573999237,0.9119216883342385,0.9112506573999237,32,ACCYCACCAACTAGCTRAT | ACCCYRCCAACTAGCTAAT | ACCYCACCAACAAGCTRAT | ACCMCMCCAACTAGCTAAT | ACCCTACCAWCWAGCTGAT | ACCCCACCAACTASCTART | ACCYCACCAACTARCTAAT | ACCYCACCAACYAGCTAAT
243,19,8,3,1,0.8007969499124773,0.8026692044570866,0.8007969499124773,8,ACCYYACCAACTAGCTRAT
243,19,8,3,2,0.8795133818639925,0.8804388703654559,0.8795133818639925,16,ACCYYACCAACTAGCTRAT | ACCCCRCCAACWAGCTRAT
243,19,8,3,3,0.8921888245966033,0.9060263654847415,0.8921888245966033,24,ACCYYACCAACTAGCTRAT | ACCCCRCCAACWAGCTRAT | ACCMCMCCAACTAGCTART
243,19,8,3,4,0.9082628209607918,0.9193309900890522,0.9082628209607918,32,ACCYYACCAACTAGCTRAT | ACCCCRCCAACWAGCTRAT | ACCMCMCCAACTAGCTART | ACCYYACCAACAAGCTRAT
243,19,8,3,5,0.9150113437729895,0.9271468957529522,0.9150113437729895,40,ACCYYACCAACTAGCTRAT | ACCCCRCCAACWAGCTRAT | ACCMCMCCAACTAGCTART | ACCYYACCAACAAGCTRAT | ACCCCACCAACTASCTRRT
243,19,8,3,6,0.9150113437729895,0.9271468957529522,0.9150113437729895,48,ACCYYACCAACTAGCTRAT | ACCCCRCCAACWAGCTRAT | ACCMCMCCAACTAGCTART | ACCYYACCAACAAGCTRAT | ACCCCACCAACTASCTRRT | ACCCTACCAWCWAGYTGAT
243,19,8,3,7,0.934324410552359,0.9478755985124866,0.934324410552359,54,ACCYYACCAACTAGCTRAT | ACCCCRCCAACWAGCTRAT | ACCMCMCCAACTAGCTART | ACCYYACCAACAAGCTRAT | ACCCCACCAACTASCTRRT | ACCCTACCAWCWAGYTGAT | ACCCCRCCAACTAVCTAAT
243,19,8,3,8,0.9410224718499499,0.9519905007063371,0.9410224718499499,62,ACCYYACCAACTAGCTRAT | ACCCCRCCAACWAGCTRAT | ACCMCMCCAACTAGCTART | ACCYYACCAACAAGCTRAT | ACCCCACCAACTASCTRRT | ACCCTACCAWCWAGYTGAT | ACCCCRCCAACTAVCTAAT | ACCCCRCCWACYAGCTAAT
243,19,16,4,1,0.8738964319940142,0.8754449492953263,0.8738964319940142,16,ACCYYRCCAACTAGCTRAT
243,19,16,4,2,0.9090128756845388,0.9090128756845388,0.9094828891261013,32,ACCYYRCCAACTAGCTRAT | ACCYYRCCAACAAGCTRAT
243,19,16,4,3,0.9313877128278328,0.945934250944141,0.9313877128278328,48,ACCYYRCCAACTAGCTRAT | ACCYYRCCAACAAGCTRAT | ACCMCRCCWACTASCTAAT
243,19,16,4,4,0.9327134036223144,0.9481157443468713,0.9327134036223144,64,ACCYYRCCAACTAGCTRAT | ACCYYRCCAACAAGCTRAT | ACCMCRCCWACTASCTAAT | ACCCYACCRTCMAGYTGAT
243,19,16,4,5,0.9429020062818257,0.9562334800677967,0.9429020062818257,80,ACCYYRCCAACTAGCTRAT | ACCYYRCCAACAAGCTRAT | ACCMCRCCWACTASCTAAT | ACCCYACCRTCMAGYTGAT | ACCCCMCCAACTASCTRRT
243,19,16,4,6,0.9553289948038794,0.9635039502364807,0.9553289948038794,96,ACCYYRCCAACTAGCTRAT | ACCYYRCCAACAAGCTRAT | ACCMCRCCWACTASCTAAT | ACCCYACCRTCMAGYTGAT | ACCCCMCCAACTASCTRRT | ACCYCWCCAACTARCTRAT
243,19,16,4,7,0.9615061331876832,0.9656725043335173,0.9615061331876832,112,ACCYYRCCAACTAGCTRAT | ACCYYRCCAACAAGCTRAT | ACCMCRCCWACTASCTAAT | ACCCYACCRTCMAGYTGAT | ACCCCMCCAACTASCTRRT | ACCYCWCCAACTARCTRAT | RCCYCACCAACYRGCTAAT
243,19,16,4,8,0.9630544612961875,0.968057714597943,0.9630544612961875,128,ACCYYRCCAACTAGCTRAT | ACCYYRCCAACAAGCTRAT | ACCMCRCCWACTASCTAAT | ACCCYACCRTCMAGYTGAT | ACCCCMCCAACTASCTRRT | ACCYCWCCAACTARCTRAT | RCCYCACCAACYRGCTAAT | ACCCCACCWACTAGMTRAY
243,21,4,2,1,0.6794363768322774,0.6794363768322774,0.7063623884097187,4,TTACCYCACCAACTAGCTRAT
243,21,4,2,2,0.7835303466280364,0.7835303466280364,0.7918887577981278,8,TTACCYCACCAACTAGCTRAT | TTACCCYRCCAACTAGCTAAT
243,21,4,2,3,0.8461013818036415,0.8461013818036415,0.8606269891427774,12,TTACCYCACCAACTAGCTRAT | TTACCCYRCCAACTAGCTAAT | TTACCYCACCAACAAGCTRAT
243,21,4,2,4,0.8698827066793938,0.8722441709532575,0.8698827066793938,16,TTACCYCACCAACTAGCTRAT | TTACCCYRCCAACTAGCTAAT | TTACCYCACCAACAAGCTRAT | TTACCMCACCAACTARCTAAT
243,21,4,2,5,0.8833232257930712,0.8862610111195998,0.8833232257930712,20,TTACCYCACCAACTAGCTRAT | TTACCCYRCCAACTAGCTAAT | TTACCYCACCAACAAGCTRAT | TTACCMCACCAACTARCTAAT | TTACCCYACCAACTASCTGAT
243,21,4,2,6,0.8883945490615899,0.8892886151906562,0.8883945490615899,24,TTACCYCACCAACTAGCTRAT | TTACCCYRCCAACTAGCTAAT | TTACCYCACCAACAAGCTRAT | TTACCMCACCAACTARCTAAT | TTACCCYACCAACTASCTGAT | TTACCCCMCCAACTAGCTART
243,21,4,2,7,0.8987322889567837,0.9021556888693754,0.8987322889567837,28,TTACCYCACCAACTAGCTRAT | TTACCCYRCCAACTAGCTAAT | TTACCYCACCAACAAGCTRAT | TTACCMCACCAACTARCTAAT | TTACCCYACCAACTASCTGAT | TTACCCCMCCAACTAGCTART | TTACCCCRCCAACTASCTAAT
243,21,4,2,8,0.9011132413377361,0.9021556888693754,0.9011132413377361,30,TTACCYCACCAACTAGCTRAT | TTACCCYRCCAACTAGCTAAT | TTACCYCACCAACAAGCTRAT | TTACCMCACCAACTARCTAAT | TTACCCYACCAACTASCTGAT | TTACCCCMCCAACTAGCTART | TTACCCCRCCAACTASCTAAT | TTACCCTACCAACTAKCTGAT
243,21,8,3,1,0.7597359154443225,0.7597359154443225,0.794808623558234,8,TTACCYCACCAACWAGCTRAT
243,21,8,3,2,0.8616766334863177,0.8616766334863177,0.8733335218066373,16,TTACCYCACCAACWAGCTRAT | TTACCCYRCCAACTAGCTRAT
243,21,8,3,3,0.8920031565303025,0.8966432485517345,0.8920031565303025,22,TTACCYCACCAACWAGCTRAT | TTACCCYRCCAACTAGCTRAT | TTACCHCACCAACTARCTAAT
243,21,8,3,4,0.9001187066609112,0.9010482630911104,0.9001187066609112,30,TTACCYCACCAACWAGCTRAT | TTACCCYRCCAACTAGCTRAT | TTACCHCACCAACTARCTAAT | TTACCCCMCCAACTAGCTRRT
243,21,8,3,5,0.9120282038986836,0.9163301616313974,0.9120282038986836,38,TTACCYCACCAACWAGCTRAT | TTACCCYRCCAACTAGCTRAT | TTACCHCACCAACTARCTAAT | TTACCCCMCCAACTAGCTRRT | TTACCCCRCCAACMAGCTRAT
243,21,8,3,6,0.9228921339755738,0.9276803893169236,0.9228921339755738,46,TTACCYCACCAACWAGCTRAT | TTACCCYRCCAACTAGCTRAT | TTACCHCACCAACTARCTAAT | TTACCCCMCCAACTAGCTRRT | TTACCCCRCCAACMAGCTRAT | TTACCYTACCAACTAKCTRAT
243,21,8,3,7,0.9262366944011978,0.9305913103010002,0.9262366944011978,54,TTACCYCACCAACWAGCTRAT | TTACCCYRCCAACTAGCTRAT | TTACCHCACCAACTARCTAAT | TTACCCCMCCAACTAGCTRRT | TTACCCCRCCAACMAGCTRAT | TTACCYTACCAACTAKCTRAT | TTACCCYACCAACAAGCTRRT
243,21,16,4,1,0.8360095615273814,0.8360095615273814,0.8475019561324127,16,TTACCYYACCAACWAGCTRAT
243,21,16,4,2,0.9096365706480095,0.9127829412945027,0.9096365706480095,28,TTACCYYACCAACWAGCTRAT | TTACCCCRCCAACTAVCTRAT
243,21,16,4,3,0.921757016966429,0.9317720487494183,0.921757016966429,44,TTACCYYACCAACWAGCTRAT | TTACCCCRCCAACTAVCTRAT | TTACCMCACCAACYAGCTRRT
243,21,16,4,4,0.922281125981104,0.93348145045882,0.922281125981104,56,TTACCYYACCAACWAGCTRAT | TTACCCCRCCAACTAVCTRAT | TTACCMCACCAACYAGCTRRT | HTACCCYACCATCAAGYTGAT
243,21,16,4,5,0.9286084130000876,0.9432947635481174,0.9286084130000876,68,TTACCYYACCAACWAGCTRAT | TTACCCCRCCAACTAVCTRAT | TTACCMCACCAACYAGCTRRT | HTACCCYACCATCAAGYTGAT | TTACMYCHCCAACTAGCTAAT
243,23,4,2,1,0.3879244249291371,0.3879244249291371,0.4308474309317143,4,CGTTACCYCACCAACTAGCTRAT
243,23,4,2,2,0.5170708514438767,0.5170708514438767,0.5700485746016564,8,CGTTACCYCACCAACTAGCTRAT | CATTACCCCACCAACWAGCTRAT
243,23,4,2,3,0.5843679389572313,0.5843679389572313,0.6297415553806595,12,CGTTACCYCACCAACTAGCTRAT | CATTACCCCACCAACWAGCTRAT | CKTTACCCCRCCAACTAGCTAAT
243,23,4,2,4,0.6268075801208407,0.6268075801208407,0.6608395618439141,16,CGTTACCYCACCAACTAGCTRAT | CATTACCCCACCAACWAGCTRAT | CKTTACCCCRCCAACTAGCTAAT | CGTTACCYYACCAACTAGCTAAT
243,23,4,2,5,0.6547540409707786,0.6547540409707786,0.685596752112653,20,CGTTACCYCACCAACTAGCTRAT | CATTACCCCACCAACWAGCTRAT | CKTTACCCCRCCAACTAGCTAAT | CGTTACCYYACCAACTAGCTAAT | CATTACCYCACCAACTARCTAAT
243,23,4,2,6,0.6879706707385971,0.6879706707385971,0.706563228088051,24,CGTTACCYCACCAACTAGCTRAT | CATTACCCCACCAACWAGCTRAT | CKTTACCCCRCCAACTAGCTAAT | CGTTACCYYACCAACTAGCTAAT | CATTACCYCACCAACTARCTAAT | YSTTACCCCACCAACTAGCTAAT
243,23,4,2,7,0.7042399391046529,0.7042399391046529,0.7117673054962877,28,CGTTACCYCACCAACTAGCTRAT | CATTACCCCACCAACWAGCTRAT | CKTTACCCCRCCAACTAGCTAAT | CGTTACCYYACCAACTAGCTAAT | CATTACCYCACCAACTARCTAAT | YSTTACCCCACCAACTAGCTAAT | CGTTACCMCACCAACTARCTAAT
243,23,4,2,8,0.7129917790014475,0.7129917790014475,0.7254391924672371,32,CGTTACCYCACCAACTAGCTRAT | CATTACCCCACCAACWAGCTRAT | CKTTACCCCRCCAACTAGCTAAT | CGTTACCYYACCAACTAGCTAAT | CATTACCYCACCAACTARCTAAT | YSTTACCCCACCAACTAGCTAAT | CGTTACCMCACCAACTARCTAAT | CGTTACCCCACCAACWAGCTRAT
243,23,8,3,1,0.49980411340993913,0.49980411340993913,0.5648958696859355,8,CRTTACCYCACCAACTAGCTRAT
243,23,8,3,2,0.6207840609400955,0.6207840609400955,0.6616689725186592,16,CRTTACCYCACCAACTAGCTRAT | CKTTACCCYRCCAACTAGCTAAT
243,23,8,3,3,0.6774984213945308,0.6774984213945308,0.6959883976988434,24,CRTTACCYCACCAACTAGCTRAT | CKTTACCCYRCCAACTAGCTAAT | YMTTACCCCACCAACTARCTAAT
243,23,8,3,4,0.70283877458427,0.70283877458427,0.7069408758381336,30,CRTTACCYCACCAACTAGCTRAT | CKTTACCCYRCCAACTAGCTAAT | YMTTACCCCACCAACTARCTAAT | CGTTACCHCACCAACTARCTAAT
243,23,8,3,5,0.7543813994853457,0.7543813994853457,0.756971191472324,38,CRTTACCYCACCAACTAGCTRAT | CKTTACCCYRCCAACTAGCTAAT | YMTTACCCCACCAACTARCTAAT | CGTTACCHCACCAACTARCTAAT | CATTACCYCACCAACWAGCTRAT
243,23,8,3,6,0.778326012399284,0.778326012399284,0.7806145092629139,46,CRTTACCYCACCAACTAGCTRAT | CKTTACCCYRCCAACTAGCTAAT | YMTTACCCCACCAACTARCTAAT | CGTTACCHCACCAACTARCTAAT | CATTACCYCACCAACWAGCTRAT | CGTTACCCCRCCAACWAGCTRAT
243,23,16,4,1,0.5903203627479489,0.5903203627479489,0.6611691843248454,16,CRTTACCYCACCAACWAGCTRAT
243,23,16,4,2,0.7533097555078335,0.7533097555078335,0.7721394606240031,32,CRTTACCYCACCAACWAGCTRAT | YKTTACCYYACCAACTAGCTAAT
243,23,16,4,3,0.8052256919969984,0.8052256919969984,0.8206127437554277,48,CRTTACCYCACCAACWAGCTRAT | YKTTACCYYACCAACTAGCTAAT | CGTTACCCYRCCAACTASCTRAT
243,23,16,4,4,0.8488656382321985,0.8521047795497756,0.8488656382321985,64,CRTTACCYCACCAACWAGCTRAT | YKTTACCYYACCAACTAGCTAAT | CGTTACCCYRCCAACTASCTRAT | YWTTACCCCRCCAACTARCTAAT
243,23,16,4,5,0.8581045567321346,0.8604037200413907,0.8581045567321346,80,CRTTACCYCACCAACWAGCTRAT | YKTTACCYYACCAACTAGCTAAT | CGTTACCCYRCCAACTASCTRAT | YWTTACCCCRCCAACTARCTAAT | CATTACMCYMCCAACTAGCTRAT
243,23,16,4,6,0.8659677636374985,0.8771734803858161,0.8659677636374985,92,CRTTACCYCACCAACWAGCTRAT | YKTTACCYYACCAACTAGCTAAT | CGTTACCCYRCCAACTASCTRAT | YWTTACCCCRCCAACTARCTAAT | CATTACMCYMCCAACTAGCTRAT | CVTTACCMCWCCAACTAGCTAAT
243,23,16,4,7,0.8854909655746724,0.8944798553976341,0.8854909655746724,108,CRTTACCYCACCAACWAGCTRAT | YKTTACCYYACCAACTAGCTAAT | CGTTACCCYRCCAACTASCTRAT | YWTTACCCCRCCAACTARCTAAT | CATTACMCYMCCAACTAGCTRAT | CVTTACCMCWCCAACTAGCTAAT | YWTTACCYCACCAACTAGCTRAT
244,17,4,2,1,0.7198730482290402,0.7198730482290402,0.742162239036538,4,CCYCACCAACTAGCTRA
244,17,4,2,2,0.824589356292955,0.824589356292955,0.8313244605482253,8,CCYCACCAACTAGCTRA | CCCYRCCAACTAGCTAA
244,17,4,2,3,0.8635371606598502,0.8635371606598502,0.8798515695761385,12,CCYCACCAACTAGCTRA | CCCYRCCAACTAGCTAA | CCYCACCAACAAGCTRA
244,17,4,2,4,0.8882923447494262,0.8882923447494262,0.890163948587447,16,CCYCACCAACTAGCTRA | CCCYRCCAACTAGCTAA | CCYCACCAACAAGCTRA | CCMCMCCAACTAGCTAA
244,17,4,2,5,0.8977345393707187,0.8982466245643618,0.8977345393707187,20,CCYCACCAACTAGCTRA | CCCYRCCAACTAGCTAA | CCYCACCAACAAGCTRA | CCMCMCCAACTAGCTAA | CCCTACCAWCWAGCTGA
244,17,4,2,6,0.9019686106157089,0.9023237450829034,0.9019686106157089,24,CCYCACCAACTAGCTRA | CCCYRCCAACTAGCTAA | CCYCACCAACAAGCTRA | CCMCMCCAACTAGCTAA | CCCTACCAWCWAGCTGA | CCCCACCAACTASCTAR
244,17,4,2,7,0.9122407499569594,0.9122407499569594,0.9138022823320603,28,CCYCACCAACTAGCTRA | CCCYRCCAACTAGCTAA | CCYCACCAACAAGCTRA | CCMCMCCAACTAGCTAA | CCCTACCAWCWAGCTGA | CCCCACCAACTASCTAR | CCYCACCAACTARCTAA
244,17,4,2,8,0.9194345411548673,0.9194345411548673,0.9213719465979248,32,CCYCACCAACTAGCTRA | CCCYRCCAACTAGCTAA | CCYCACCAACAAGCTRA | CCMCMCCAACTAGCTAA | CCCTACCAWCWAGCTGA | CCCCACCAACTASCTAR | CCYCACCAACTARCTAA | CCCCRCCAACTASCTGA
244,17,8,3,1,0.8061623045511151,0.8061623045511151,0.8085923460563332,8,CCYYACCAACTAGCTRA
244,17,8,3,2,0.8845994850670152,0.8845994850670152,0.8874523343859172,16,CCYYACCAACTAGCTRA | CCCCRCCAACWAGCTRA
244,17,8,3,3,0.9001236457016736,0.910186776467205,0.9001236457016736,24,CCYYACCAACTAGCTRA | CCCCRCCAACWAGCTRA | CCMCMCCAACTAGCTAR
244,17,8,3,4,0.9153325421436627,0.9232556633148845,0.9153325421436627,32,CCYYACCAACTAGCTRA | CCCCRCCAACWAGCTRA | CCMCMCCAACTAGCTAR | CCYYACCAACAAGCTRA
244,17,8,3,5,0.9220165453305906,0.930962558373977,0.9220165453305906,40,CCYYACCAACTAGCTRA | CCCCRCCAACWAGCTRA | CCMCMCCAACTAGCTAR | CCYYACCAACAAGCTRA | CCCCACCAACTASCTRR
244,17,8,3,6,0.9223274906042226,0.930962558373977,0.9223274906042226,46,CCYYACCAACTAGCTRA | CCCCRCCAACWAGCTRA | CCMCMCCAACTAGCTAR | CCYYACCAACAAGCTRA | CCCCACCAACTASCTRR | CCCTACCATCHAGYTGA
244,17,8,3,7,0.9419075910065507,0.9530740985808629,0.9419075910065507,52,CCYYACCAACTAGCTRA | CCCCRCCAACWAGCTRA | CCMCMCCAACTAGCTAR | CCYYACCAACAAGCTRA | CCCCACCAACTASCTRR | CCCTACCATCHAGYTGA | CCCCRCCAACTAVCTAA
244,17,8,3,8,0.9481225202296925,0.9564242599643644,0.9481225202296925,60,CCYYACCAACTAGCTRA | CCCCRCCAACWAGCTRA | CCMCMCCAACTAGCTAR | CCYYACCAACAAGCTRA | CCCCACCAACTASCTRR | CCCTACCATCHAGYTGA | CCCCRCCAACTAVCTAA | CCCCACCWACYAKCTAA
244,17,16,4,1,0.8785080854121893,0.8785080854121893,0.8812746541810362,16,CCYYRCCAACTAGCTRA
244,17,16,4,2,0.9120550135187583,0.9120550135187583,0.9160632855345864,32,CCYYRCCAACTAGCTRA | CCYYRCCAACAAGCTRA
244,17,16,4,3,0.9328397360050805,0.9406863820539343,0.9328397360050805,48,CCYYRCCAACTAGCTRA | CCYYRCCAACAAGCTRA | CCMCMCCAACTAGCTRR
244,17,16,4,4,0.9388325267041119,0.9460316290460445,0.9388325267041119,64,CCYYRCCAACTAGCTRA | CCYYRCCAACAAGCTRA | CCMCMCCAACTAGCTRR | CCCYACCRTCWAGCTRA
244,17,16,4,5,0.9536663069739374,0.9633224394465482,0.9536663069739374,80,CCYYRCCAACTAGCTRA | CCYYRCCAACAAGCTRA | CCMCMCCAACTAGCTRR | CCCYACCRTCWAGCTRA | CCCCRCCWACTASCTRA
244,17,16,4,6,0.9536663069739374,0.9633224394465482,0.9536663069739374,96,CCYYRCCAACTAGCTRA | CCYYRCCAACAAGCTRA | CCMCMCCAACTAGCTRR | CCCYACCRTCWAGCTRA | CCCCRCCWACTASCTRA | MMCTACCATCMAGYTGA
244,17,16,4,7,0.9653336733204178,0.9704128149974193,0.9653336733204178,112,CCYYRCCAACTAGCTRA | CCYYRCCAACAAGCTRA | CCMCMCCAACTAGCTRR | CCCYACCRTCWAGCTRA | CCCCRCCWACTASCTRA | MMCTACCATCMAGYTGA | CCYCWCCAACTARCTRA
244,17,16,4,8,0.9688864493922376,0.9728321724482688,0.9688864493922376,128,CCYYRCCAACTAGCTRA | CCYYRCCAACAAGCTRA | CCMCMCCAACTAGCTRR | CCCYACCRTCWAGCTRA | CCCCRCCWACTASCTRA | MMCTACCATCMAGYTGA | CCYCWCCAACTARCTRA | CCYCACCAACYASMTAA
244,19,4,2,1,0.6915292996903647,0.6915292996903647,0.7184626642152544,4,TACCYCACCAACTAGCTRA
244,19,4,2,2,0.7955435775854607,0.7955435775854607,0.8048108055825688,8,TACCYCACCAACTAGCTRA | TACCCYRCCAACTAGCTAA
244,19,4,2,3,0.8518653977269208,0.8518653977269208,0.8668559107532907,12,TACCYCACCAACTAGCTRA | TACCCYRCCAACTAGCTAA | TACCYCACCAACAAGCTRA
244,19,4,2,4,0.8760838695340918,0.8780081868765368,0.8760838695340918,16,TACCYCACCAACTAGCTRA | TACCCYRCCAACTAGCTAA | TACCYCACCAACAAGCTRA | TACCMCACCAACTARCTAA
244,19,4,2,5,0.8885865051647905,0.8920249504365988,0.8885865051647905,20,TACCYCACCAACTAGCTRA | TACCCYRCCAACTAGCTAA | TACCYCACCAACAAGCTRA | TACCMCACCAACTARCTAA | TACCCYACCAACTASCTGA
244,19,4,2,6,0.893927862788892,0.8950521714762526,0.893927862788892,24,TACCYCACCAACTAGCTRA | TACCCYRCCAACTAGCTAA | TACCYCACCAACAAGCTRA | TACCMCACCAACTARCTAA | TACCCYACCAACTASCTGA | TACCCCMCCAACTAGCTAR
244,19,4,2,7,0.904674041306648,0.907918172667045,0.904674041306648,28,TACCYCACCAACTAGCTRA | TACCCYRCCAACTAGCTAA | TACCYCACCAACAAGCTRA | TACCMCACCAACTARCTAA | TACCCYACCAACTASCTGA | TACCCCMCCAACTAGCTAR | TACCCCRCCAACTASCTAA
244,19,4,2,8,0.9047253865520782,0.907918172667045,0.9047253865520782,32,TACCYCACCAACTAGCTRA | TACCCYRCCAACTAGCTAA | TACCYCACCAACAAGCTRA | TACCMCACCAACTARCTAA | TACCCYACCAACTASCTGA | TACCCCMCCAACTAGCTAR | TACCCCRCCAACTASCTAA | TACCCTACCAWCWAGCTGA
244,19,8,3,1,0.7655785507803383,0.7655785507803383,0.8002687016923736,8,TACCYCACCAACWAGCTRA
244,19,8,3,2,0.8674405728033167,0.8674405728033167,0.8786267700316895,16,TACCYCACCAACWAGCTRA | TACCCYRCCAACTAGCTRA
244,19,8,3,3,0.8996357020356068,0.9013914147187193,0.8996357020356068,22,TACCYCACCAACWAGCTRA | TACCCYRCCAACTAGCTRA | TACCHCACCAACTARCTAA
244,19,8,3,4,0.9057960462266927,0.9057960462266927,0.9081238220565174,30,TACCYCACCAACWAGCTRA | TACCCYRCCAACTAGCTRA | TACCHCACCAACTARCTAA | TACCCCMCCAACTAGCTRR
244,19,8,3,5,0.9202889006022734,0.9202889006022734,0.9207310233872552,38,TACCYCACCAACWAGCTRA | TACCCYRCCAACTAGCTRA | TACCHCACCAACTARCTAA | TACCCCMCCAACTAGCTRR | TACCYTACCAACWAGCTRA
244,19,8,3,6,0.9317410433542131,0.9347656678742035,0.9317410433542131,46,TACCYCACCAACWAGCTRA | TACCCYRCCAACTAGCTRA | TACCHCACCAACTARCTAA | TACCCCMCCAACTAGCTRR | TACCYTACCAACWAGCTRA | TACCCCRCCAACMAGCTRA
244,19,8,3,7,0.9320555087630181,0.9363933280589105,0.9320555087630181,54,TACCYCACCAACWAGCTRA | TACCCYRCCAACTAGCTRA | TACCHCACCAACTARCTAA | TACCCCMCCAACTAGCTRR | TACCYTACCAACWAGCTRA | TACCCCRCCAACMAGCTRA | TACCCYACCRTCWAGCTGA
244,19,8,3,8,0.9424998104835027,0.9461464899336081,0.9424998104835027,62,TACCYCACCAACWAGCTRA | TACCCYRCCAACTAGCTRA | TACCHCACCAACTARCTAA | TACCCCMCCAACTAGCTRR | TACCYTACCAACWAGCTRA | TACCCCRCCAACMAGCTRA | TACCCYACCRTCWAGCTGA | TACCCCRCCAACTASCTRA
244,19,16,4,1,0.841576902224131,0.841576902224131,0.8509253666137436,16,TACCYYACCAACWAGCTRA
244,19,16,4,2,0.9137991686592674,0.9182390772906449,0.9137991686592674,28,TACCYYACCAACWAGCTRA | TACCCCRCCAACTAVCTRA
244,19,16,4,3,0.9263613607406187,0.9368587497285388,0.9263613607406187,44,TACCYYACCAACWAGCTRA | TACCCCRCCAACTAVCTRA | TACCMCMCCAACTAGCTRR
244,19,16,4,4,0.9267771278171856,0.9387000851269214,0.9267771278171856,60,TACCYYACCAACWAGCTRA | TACCCCRCCAACTAVCTRA | TACCMCMCCAACTAGCTRR | TAMCCYACCATCMAGYTGA
244,19,16,4,5,0.9387181020790357,0.9444212476233611,0.9387181020790357,76,TACCYYACCAACWAGCTRA | TACCCCRCCAACTAVCTRA | TACCMCMCCAACTAGCTRR | TAMCCYACCATCMAGYTGA | TACCCCRCCWWCYAGCTAA
244,19,16,4,6,0.9504275218775602,0.953761700871075,0.9504275218775602,88,TACCYYACCAACWAGCTRA | TACCCCRCCAACTAVCTRA | TACCMCMCCAACTAGCTRR | TAMCCYACCATCMAGYTGA | TACCCCRCCWWCYAGCTAA | TACCYCWCCAACTADCTAA
244,21,4,2,1,0.43037138029004574,0.43037138029004574,0.4743064412283404,4,GTTACCYCACCAACTAGCTRA
244,21,4,2,2,0.5648186249260053,0.5648186249260053,0.6234581968007223,8,GTTACCYCACCAACTAGCTRA | WTTACCYCACCAACTAGCTAA
244,21,4,2,3,0.6512173022795541,0.6512173022795541,0.7002987022423035,12,GTTACCYCACCAACTAGCTRA | WTTACCYCACCAACTAGCTAA | ATTACCCCACCAACWAGCTRA
244,21,4,2,4,0.7138455925062567,0.7138455925062567,0.7511846644271626,16,GTTACCYCACCAACTAGCTRA | WTTACCYCACCAACTAGCTAA | ATTACCCCACCAACWAGCTRA | GTTACCCYRCCAACTAGCTAA
244,21,4,2,5,0.7363105029933611,0.7363105029933611,0.7601380609265574,20,GTTACCYCACCAACTAGCTRA | WTTACCYCACCAACTAGCTAA | ATTACCCCACCAACWAGCTRA | GTTACCCYRCCAACTAGCTAA | STTACCMCACCAACTAGCTAA
244,21,4,2,6,0.7457023914746186,0.7457023914746186,0.775600795265238,24,GTTACCYCACCAACTAGCTRA | WTTACCYCACCAACTAGCTAA | ATTACCCCACCAACWAGCTRA | GTTACCCYRCCAACTAGCTAA | STTACCMCACCAACTAGCTAA | GTTACCCCACCAACWAGCTRA
244,21,4,2,7,0.7683786864903291,0.7683786864903291,0.7915971551109263,28,GTTACCYCACCAACTAGCTRA | WTTACCYCACCAACTAGCTAA | ATTACCCCACCAACWAGCTRA | GTTACCCYRCCAACTAGCTAA | STTACCMCACCAACTAGCTAA | GTTACCCCACCAACWAGCTRA | ATTACCCYACCAACTARCTAA
244,21,8,3,1,0.5474015666618497,0.5474015666618497,0.6207542459187886,8,RTTACCYCACCAACTAGCTRA
244,21,8,3,2,0.6975725340523283,0.6975725340523283,0.7262309224361779,16,RTTACCYCACCAACTAGCTRA | KTTACCCYRCCAACTAGCTAA
244,21,8,3,3,0.7811336701461626,0.7811336701461626,0.8065341748487501,24,RTTACCYCACCAACTAGCTRA | KTTACCCYRCCAACTAGCTAA | RTTACCYCACCAACAAGCTRA
244,21,8,3,4,0.8141851861574976,0.8141851861574976,0.8195373054415683,30,RTTACCYCACCAACTAGCTRA | KTTACCCYRCCAACTAGCTAA | RTTACCYCACCAACAAGCTRA | STTACCHCACCAACTAGCTAA
244,21,16,4,1,0.6415588975764207,0.6415588975764207,0.7206969091334496,16,RTTACCYCACCAACWAGCTRA
244,21,16,4,2,0.8094549926839542,0.8094549926839542,0.8252119305785105,32,RTTACCYCACCAACWAGCTRA | KTTACCYYACCAACTARCTAA
244,21,16,4,3,0.8673665974724512,0.8673665974724512,0.8724406382953211,48,RTTACCYCACCAACWAGCTRA | KTTACCYYACCAACTARCTAA | GTTACCCYRCCAACTASCTRA
244,21,16,4,4,0.8886397665853828,0.8925709299616543,0.8886397665853828,64,RTTACCYCACCAACWAGCTRA | KTTACCYYACCAACTARCTAA | GTTACCCYRCCAACTASCTRA | MTTACCCCRCCWACTARCTAA
244,21,16,4,5,0.8977390637492834,0.8977390637492834,0.899599454981105,80,RTTACCYCACCAACWAGCTRA | KTTACCYYACCAACTARCTAA | GTTACCCYRCCAACTASCTRA | MTTACCCCRCCWACTARCTAA | WTTACCYYACCAACTAGCTRA
244,21,16,4,6,0.9051293079002912,0.9051293079002912,0.9122404826008417,96,RTTACCYCACCAACWAGCTRA | KTTACCYYACCAACTARCTAA | GTTACCCYRCCAACTASCTRA | MTTACCCCRCCWACTARCTAA | WTTACCYYACCAACTAGCTRA | GTTACCCCRCCAACAASCTRR
245,17,4,2,1,0.720436790014995,0.720436790014995,0.7337414528469003,4,ACCYCACCAACTAGCTR
245,17,4,2,2,0.8230246188064291,0.8238642924487084,0.8230246188064291,8,ACCYCACCAACTAGCTR | ACCCYRCCAACTAGCTA
245,17,4,2,3,0.8641219966895312,0.8641219966895312,0.8696083450407923,12,ACCYCACCAACTAGCTR | ACCCYRCCAACTAGCTA | ACCYCACCAACAAGCTR
245,17,4,2,4,0.8823018842633036,0.8881562327541115,0.8823018842633036,16,ACCYCACCAACTAGCTR | ACCCYRCCAACTAGCTA | ACCYCACCAACAAGCTR | ACCMCACCAACTAGYTA
245,17,4,2,5,0.9026612733637109,0.9149263214793165,0.9026612733637109,20,ACCYCACCAACTAGCTR | ACCCYRCCAACTAGCTA | ACCYCACCAACAAGCTR | ACCMCACCAACTAGYTA | ACCYTACCAACTAGCTR
245,17,4,2,6,0.9102567547384931,0.9221200539646549,0.9102567547384931,24,ACCYCACCAACTAGCTR | ACCCYRCCAACTAGCTA | ACCYCACCAACAAGCTR | ACCMCACCAACTAGYTA | ACCYTACCAACTAGCTR | ACCCCRCCAACTASCTG
245,17,4,2,7,0.9196668213810292,0.9309516207985733,0.9196668213810292,28,ACCYCACCAACTAGCTR | ACCCYRCCAACTAGCTA | ACCYCACCAACAAGCTR | ACCMCACCAACTAGYTA | ACCYTACCAACTAGCTR | ACCCCRCCAACTASCTG | ACCCCRCCAACMAGCTA
245,17,8,3,1,0.7993253982900175,0.8063423563342141,0.7993253982900175,8,ACCYYACCAACTAGCTR
245,17,8,3,2,0.8752779947875946,0.8793616081147232,0.8752779947875946,16,ACCYYACCAACTAGCTR | ACCCCRCCAACTASCTR
245,17,8,3,3,0.9003788435238694,0.9054493767858486,0.9003788435238694,24,ACCYYACCAACTAGCTR | ACCCCRCCAACTASCTR | ACCYYACCAACAAGCTR
245,17,8,3,4,0.9141803387958106,0.9302035944454684,0.9141803387958106,30,ACCYYACCAACTAGCTR | ACCCCRCCAACTASCTR | ACCYYACCAACAAGCTR | ACCMCACCAACTAGHTA
245,17,8,3,5,0.9142851605987458,0.930416179479482,0.9142851605987458,38,ACCYYACCAACTAGCTR | ACCCCRCCAACTASCTR | ACCYYACCAACAAGCTR | ACCMCACCAACTAGHTA | ACCCTACCAWCWAGYTG
245,17,8,3,6,0.9332875311461596,0.9481240728575394,0.9332875311461596,46,ACCYYACCAACTAGCTR | ACCCCRCCAACTASCTR | ACCYYACCAACAAGCTR | ACCMCACCAACTAGHTA | ACCCTACCAWCWAGYTG | ACCCCRCCAWCTARCTA
245,17,8,3,7,0.9368314670906942,0.9533442239614497,0.9368314670906942,54,ACCYYACCAACTAGCTR | ACCCCRCCAACTASCTR | ACCYYACCAACAAGCTR | ACCMCACCAACTAGHTA | ACCCTACCAWCWAGYTG | ACCCCRCCAWCTARCTA | ACCCCMCCAACYAGSTA
245,17,8,3,8,0.9424030237144166,0.9569955330576411,0.9424030237144166,62,ACCYYACCAACTAGCTR | ACCCCRCCAACTASCTR | ACCYYACCAACAAGCTR | ACCMCACCAACTAGHTA | ACCCTACCAWCWAGYTG | ACCCCRCCAWCTARCTA | ACCCCMCCAACYAGSTA | ACCYCACCWACTAKCTA
245,17,16,4,1,0.8724614932981226,0.8775984937129419,0.8724614932981226,16,ACCYYRCCAACTAGCTR
245,17,16,4,2,0.9082771166267688,0.9082771166267688,0.9094886351606611,32,ACCYYRCCAACTAGCTR | ACCYCRCCAACAAGYTR
245,17,16,4,3,0.9250408295846082,0.9360129400017377,0.9250408295846082,48,ACCYYRCCAACTAGCTR | ACCYCRCCAACAAGYTR | ACCMCMCCAACTAGMTR
245,17,16,4,4,0.9253517748582399,0.9376351492881368,0.9253517748582399,60,ACCYYRCCAACTAGCTR | ACCYCRCCAACAAGYTR | ACCMCMCCAACTAGMTR | ACCCYACCATCHAGYTG
245,17,16,4,5,0.9444596709029794,0.9528633030266938,0.9444596709029794,76,ACCYYRCCAACTAGCTR | ACCYCRCCAACAAGYTR | ACCMCMCCAACTAGMTR | ACCCYACCATCHAGYTG | ACCCCRCCWWCTASCTA
245,17,16,4,6,0.9558654886610206,0.9628409625995035,0.9558654886610206,92,ACCYYRCCAACTAGCTR | ACCYCRCCAACAAGYTR | ACCMCMCCAACTAGMTR | ACCCYACCATCHAGYTG | ACCCCRCCWWCTASCTA | ACCYYACCAACWARCTA
245,17,16,4,7,0.9594140777731112,0.9669627086058094,0.9594140777731112,108,ACCYYRCCAACTAGCTR | ACCYCRCCAACAAGYTR | ACCMCMCCAACTAGMTR | ACCCYACCATCHAGYTG | ACCCCRCCWWCTASCTA | ACCYYACCAACWARCTA | ACCYCACCAACKASCTR
245,17,16,4,8,0.9634636474698852,0.971636254959927,0.9634636474698852,124,ACCYYRCCAACTAGCTR | ACCYCRCCAACAAGYTR | ACCMCMCCAACTAGMTR | ACCCYACCATCHAGYTG | ACCCCRCCWWCTASCTA | ACCYYACCAACWARCTA | ACCYCACCAACKASCTR | ACCCCRCCRWCTAGCTR
244,23,4,2,1,0.38794127420880137,0.38794127420880137,0.4316895906361478,4,CCGTTACCYCACCAACTAGCTRA
244,23,4,2,2,0.5172535682060758,0.5172535682060758,0.5708930848252162,8,CCGTTACCYCACCAACTAGCTRA | CCATTACCCCACCAACWAGCTRA
244,23,4,2,3,0.584197381342329,0.584197381342329,0.6306089047701201,12,CCGTTACCYCACCAACTAGCTRA | CCATTACCCCACCAACWAGCTRA | CCKTTACCCCRCCAACTAGCTAA
244,23,4,2,4,0.6266463620252894,0.6266463620252894,0.6615033004430935,16,CCGTTACCYCACCAACTAGCTRA | CCATTACCCCACCAACWAGCTRA | CCKTTACCCCRCCAACTAGCTAA | CCGTTACCYYACCAACTAGCTAA
244,23,4,2,5,0.6545917980578396,0.6545917980578396,0.6862277845386182,20,CCGTTACCYCACCAACTAGCTRA | CCATTACCCCACCAACWAGCTRA | CCKTTACCCCRCCAACTAGCTAA | CCGTTACCYYACCAACTAGCTAA | CCATTACCYCACCAACTARCTAA
244,23,4,2,6,0.6878081972417457,0.6878081972417457,0.7071181517578874,24,CCGTTACCYCACCAACTAGCTRA | CCATTACCCCACCAACWAGCTRA | CCKTTACCCCRCCAACTAGCTAA | CCGTTACCYYACCAACTAGCTAA | CCATTACCYCACCAACTARCTAA | CYSTTACCCCACCAACTAGCTAA
244,23,4,2,7,0.7040774656078016,0.7040774656078016,0.7123152558233352,28,CCGTTACCYCACCAACTAGCTRA | CCATTACCCCACCAACWAGCTRA | CCKTTACCCCRCCAACTAGCTAA | CCGTTACCYYACCAACTAGCTAA | CCATTACCYCACCAACTARCTAA | CYSTTACCCCACCAACTAGCTAA | CCGTTACCMCACCAACTARCTAA
244,23,4,2,8,0.7128292542637268,0.7128292542637268,0.7258822416815757,32,CCGTTACCYCACCAACTAGCTRA | CCATTACCCCACCAACWAGCTRA | CCKTTACCCCRCCAACTAGCTAA | CCGTTACCYYACCAACTAGCTAA | CCATTACCYCACCAACTARCTAA | CYSTTACCCCACCAACTAGCTAA | CCGTTACCMCACCAACTARCTAA | CCGTTACCCCACCAACWAGCTRA
244,23,8,3,1,0.5001995061888603,0.5001995061888603,0.5658293403464222,8,CCRTTACCYCACCAACTAGCTRA
244,23,8,3,2,0.6211744577342515,0.6211744577342515,0.6626722128213564,16,CCRTTACCYCACCAACTAGCTRA | CCKTTACCCYRCCAACTAGCTAA
244,23,8,3,3,0.677888459502601,0.677888459502601,0.6969038620652249,24,CCRTTACCYCACCAACTAGCTRA | CCKTTACCCYRCCAACTAGCTAA | CYMTTACCCCACCAACTARCTAA
244,23,8,3,4,0.7032286077288626,0.7032286077288626,0.7078493272068394,30,CCRTTACCYCACCAACTAGCTRA | CCKTTACCCYRCCAACTAGCTAA | CYMTTACCCCACCAACTARCTAA | CCGTTACCHCACCAACTARCTAA
244,23,8,3,5,0.7545574549345241,0.7545574549345241,0.7578417749027512,38,CCRTTACCYCACCAACTAGCTRA | CCKTTACCCYRCCAACTAGCTAA | CYMTTACCCCACCAACTARCTAA | CCGTTACCHCACCAACTARCTAA | CCATTACCYCACCAACWAGCTRA
244,23,8,3,6,0.7785018885054197,0.7785018885054197,0.7814592614999439,46,CCRTTACCYCACCAACTAGCTRA | CCKTTACCCYRCCAACTAGCTAA | CYMTTACCCCACCAACTARCTAA | CCGTTACCHCACCAACTARCTAA | CCATTACCYCACCAACWAGCTRA | CCGTTACCCCRCCAACWAGCTRA
244,23,16,4,1,0.5904091037556877,0.5904091037556877,0.6616941052328594,16,CCRTTACCYCACCAACWAGCTRA
244,23,16,4,2,0.7535377360394245,0.7535377360394245,0.7725508570602643,32,CCRTTACCYCACCAACWAGCTRA | CYKTTACCYYACCAACTAGCTAA
244,23,16,4,3,0.8054971760267011,0.8054971760267011,0.8211263335262272,48,CCRTTACCYCACCAACWAGCTRA | CYKTTACCYYACCAACTAGCTAA | CCGTTACCCYRCCAACTASCTRA
244,23,16,4,4,0.8493416899745273,0.8524220729167123,0.8493416899745273,64,CCRTTACCYCACCAACWAGCTRA | CYKTTACCYYACCAACTAGCTAA | CCGTTACCCYRCCAACTASCTRA | CYWTTACCCCRCCAACTARCTAA
244,23,16,4,5,0.858559767755871,0.8607208853061539,0.858559767755871,80,CCRTTACCYCACCAACWAGCTRA | CYKTTACCYYACCAACTAGCTAA | CCGTTACCCYRCCAACTASCTRA | CYWTTACCCCRCCAACTARCTAA | CCATTACMCYMCCAACTAGCTRA
244,23,16,4,6,0.8663312504897224,0.8774438371163922,0.8663312504897224,92,CCRTTACCYCACCAACWAGCTRA | CYKTTACCYYACCAACTAGCTAA | CCGTTACCCYRCCAACTASCTRA | CYWTTACCCCRCCAACTARCTAA | CCATTACMCYMCCAACTAGCTRA | CCVTTACCMCWCCAACTAGCTAA
244,23,16,4,7,0.8858082595647937,0.8947500840260366,0.8858082595647937,108,CCRTTACCYCACCAACWAGCTRA | CYKTTACCYYACCAACTAGCTAA | CCGTTACCCYRCCAACTASCTRA | CYWTTACCCCRCCAACTARCTAA | CCATTACMCYMCCAACTAGCTRA | CCVTTACCMCWCCAACTAGCTAA | CYWTTACCYCACCAACTAGCTRA
244,23,16,4,8,0.8947750372959108,0.9009528647340933,0.8947750372959108,124,CCRTTACCYCACCAACWAGCTRA | CYKTTACCYYACCAACTAGCTAA | CCGTTACCCYRCCAACTASCTRA | CYWTTACCCCRCCAACTARCTAA | CCATTACMCYMCCAACTAGCTRA | CCVTTACCMCWCCAACTAGCTAA | CYWTTACCYCACCAACTAGCTRA | CCGTTACCCCRCCAACAASCTRR
245,19,4,2,1,0.6826566921361387,0.6826566921361387,0.7049558952885039,4,TTACCYCACCAACTAGCTR
245,19,4,2,2,0.7858711873009181,0.7858711873009181,0.7908997641621097,8,TTACCYCACCAACTAGCTR | TTACCCYRCCAACTAGCTA
245,19,4,2,3,0.8497686942146895,0.8497686942146895,0.8579016048559619,12,TTACCYCACCAACTAGCTR | TTACCCYRCCAACTAGCTA | TTACCYCACCAACAAGCTR
245,19,4,2,4,0.8705272924403292,0.873805703932789,0.8705272924403292,16,TTACCYCACCAACTAGCTR | TTACCCYRCCAACTAGCTA | TTACCYCACCAACAAGCTR | TTACCMCACCAACTAGYTA
245,19,4,2,5,0.8815650112562897,0.8872716283832682,0.8815650112562897,20,TTACCYCACCAACTAGCTR | TTACCCYRCCAACTAGCTA | TTACCYCACCAACAAGCTR | TTACCMCACCAACTAGYTA | TTACCCCRCCAACTASCTA
245,19,4,2,6,0.8923983904222759,0.8972257166077052,0.8923983904222759,22,TTACCYCACCAACTAGCTR | TTACCCYRCCAACTAGCTA | TTACCYCACCAACAAGCTR | TTACCMCACCAACTAGYTA | TTACCCCRCCAACTASCTA | TTACCCTACCAACTAKCTG
245,19,4,2,7,0.9038330903243845,0.9091737047603354,0.9038330903243845,26,TTACCYCACCAACTAGCTR | TTACCCYRCCAACTAGCTA | TTACCYCACCAACAAGCTR | TTACCMCACCAACTAGYTA | TTACCCCRCCAACTASCTA | TTACCCTACCAACTAKCTG | TTACCYCACCAACTARCTA
245,19,4,2,8,0.911795965764168,0.9161559423913218,0.911795965764168,30,TTACCYCACCAACTAGCTR | TTACCCYRCCAACTAGCTA | TTACCYCACCAACAAGCTR | TTACCMCACCAACTAGYTA | TTACCCCRCCAACTASCTA | TTACCCTACCAACTAKCTG | TTACCYCACCAACTARCTA | TTACCCCRCCAACTASCTG
245,19,8,3,1,0.7642807789259548,0.7642807789259548,0.7920182823652024,8,TTACCYCACCAACWAGCTR
245,19,8,3,2,0.8653435876290997,0.8653435876290997,0.8706057165081398,16,TTACCYCACCAACWAGCTR | TTACCCYRCCAACTAGCTR
245,19,8,3,3,0.8856109824910902,0.8920375455781365,0.8856109824910902,24,TTACCYCACCAACWAGCTR | TTACCCYRCCAACTAGCTR | TTACCMCACCAACTASYTA
245,19,8,3,4,0.9072538016633347,0.9171957078970127,0.9072538016633347,32,TTACCYCACCAACWAGCTR | TTACCCYRCCAACTAGCTR | TTACCMCACCAACTASYTA | TTACCYYACCAACTARCTA
245,19,8,3,5,0.9194797960715565,0.9325065213147986,0.9194797960715565,40,TTACCYCACCAACWAGCTR | TTACCCYRCCAACTAGCTR | TTACCMCACCAACTASYTA | TTACCYYACCAACTARCTA | TTACCCCRCCAACMAGCTR
245,19,8,3,6,0.9237894078289641,0.9342135626584679,0.9237894078289641,48,TTACCYCACCAACWAGCTR | TTACCCYRCCAACTAGCTR | TTACCMCACCAACTASYTA | TTACCYYACCAACTARCTA | TTACCCCRCCAACMAGCTR | TTACCCCACCWACKASCTG
245,19,8,3,7,0.9312752574162718,0.9399364756365752,0.9312752574162718,56,TTACCYCACCAACWAGCTR | TTACCCYRCCAACTAGCTR | TTACCMCACCAACTASYTA | TTACCYYACCAACTARCTA | TTACCCCRCCAACMAGCTR | TTACCCCACCWACKASCTG | TTACCCCRCCRTCTAGCTR
245,19,8,3,8,0.9328318295888072,0.9414862555436511,0.9328318295888072,64,TTACCYCACCAACWAGCTR | TTACCCYRCCAACTAGCTR | TTACCMCACCAACTASYTA | TTACCYYACCAACTARCTA | TTACCCCRCCAACMAGCTR | TTACCCCACCWACKASCTG | TTACCCCRCCRTCTAGCTR | WTACCCTACCAWCAAGCTR
245,19,16,4,1,0.8409231849792871,0.8409231849792871,0.844209943200708,16,TTACCYYACCAACWAGCTR
245,19,16,4,2,0.9064182752537885,0.9161770912382168,0.9064182752537885,28,TTACCYYACCAACWAGCTR | TTACCCCRCCAACTAVCTR
245,19,16,4,3,0.9227353261976837,0.9339444987886201,0.9227353261976837,40,TTACCYYACCAACWAGCTR | TTACCCCRCCAACTAVCTR | TTACCMCWCCAACTAGHTA
245,19,16,4,4,0.9236752022889255,0.9356539004980218,0.9236752022889255,52,TTACCYYACCAACWAGCTR | TTACCCCRCCAACTAVCTR | TTACCMCWCCAACTAGHTA | HTACCCYACCATCAAGYTG
245,19,16,4,5,0.928025930953908,0.9412666126217202,0.928025930953908,68,TTACCYYACCAACWAGCTR | TTACCCCRCCAACTAVCTR | TTACCMCWCCAACTAGHTA | HTACCCYACCATCAAGYTG | TTACCCCMCCAACYAGSTR
245,19,16,4,6,0.9358986885923636,0.9459799255533222,0.9358986885923636,84,TTACCYYACCAACWAGCTR | TTACCCCRCCAACTAVCTR | TTACCMCWCCAACTAGHTA | HTACCCYACCATCAAGYTG | TTACCCCMCCAACYAGSTR | TTACCCCRCCWACWAKCTA
245,21,4,2,1,0.38917670065824733,0.38917670065824733,0.4310566073255619,4,CGTTACCYCACCAACTAGCTR
245,21,4,2,2,0.5199582261457194,0.5199582261457194,0.5724404808220721,8,CGTTACCYCACCAACTAGCTR | CATTACCCCACCAACWAGCTR
245,21,4,2,3,0.5856547899880334,0.5856547899880334,0.6320183985911416,12,CGTTACCYCACCAACTAGCTR | CATTACCCCACCAACWAGCTR | CKTTACCCCRCCAACTAGCTA
245,21,4,2,4,0.6279474559908588,0.6279474559908588,0.662922193303284,16,CGTTACCYCACCAACTAGCTR | CATTACCCCACCAACWAGCTR | CKTTACCCCRCCAACTAGCTA | CGTTACCYYACCAACTAGCTA
245,21,4,2,5,0.6611630119942596,0.6611630119942596,0.6838078701790322,20,CGTTACCYCACCAACTAGCTR | CATTACCCCACCAACWAGCTR | CKTTACCCCRCCAACTAGCTA | CGTTACCYYACCAACTAGCTA | YSTTACCCCACCAACTAGCTA
245,21,4,2,6,0.6716280541133136,0.6716280541133136,0.6892863523443058,24,CGTTACCYCACCAACTAGCTR | CATTACCCCACCAACWAGCTR | CKTTACCCCRCCAACTAGCTA | CGTTACCYYACCAACTAGCTA | YSTTACCCCACCAACTAGCTA | CGTTACCMCACCAACTAGYTA
245,21,4,2,7,0.6994050353288693,0.6994050353288693,0.7104176965247667,28,CGTTACCYCACCAACTAGCTR | CATTACCCCACCAACWAGCTR | CKTTACCCCRCCAACTAGCTA | CGTTACCYYACCAACTAGCTA | YSTTACCCCACCAACTAGCTA | CGTTACCMCACCAACTAGYTA | CATTACCYCACCAACTARCTA
245,21,4,2,8,0.7081451663284368,0.7081451663284368,0.7256518270852329,32,CGTTACCYCACCAACTAGCTR | CATTACCCCACCAACWAGCTR | CKTTACCCCRCCAACTAGCTA | CGTTACCYYACCAACTAGCTA | YSTTACCCCACCAACTAGCTA | CGTTACCMCACCAACTAGYTA | CATTACCYCACCAACTARCTA | CGTTACCCCACCAACWAGCTR
245,21,8,3,1,0.5026092298447558,0.5026092298447558,0.5630531506819524,8,CRTTACCYCACCAACTAGCTR
245,21,8,3,2,0.6219337761353564,0.6219337761353564,0.66005979580414,16,CRTTACCYCACCAACTAGCTR | CKTTACCCYRCCAACTAGCTA
245,21,8,3,3,0.6786468366789559,0.6786468366789559,0.6942836278088073,24,CRTTACCYCACCAACTAGCTR | CKTTACCCYRCCAACTAGCTA | YMTTACCCCACCAACTARCTA
245,21,8,3,4,0.696221009855232,0.696221009855232,0.7016274178093349,32,CRTTACCYCACCAACTAGCTR | CKTTACCCYRCCAACTAGCTA | YMTTACCCCACCAACTARCTA | CGTTACCMCACCAACTARYTA
245,21,8,3,5,0.7352840367940346,0.7352840367940346,0.7354796118417051,40,CRTTACCYCACCAACTAGCTR | CKTTACCCYRCCAACTAGCTA | YMTTACCCCACCAACTARCTA | CGTTACCMCACCAACTARYTA | CGTTACCYCACCAACWAGCTR
245,21,8,3,6,0.7755973035497704,0.7771601915541798,0.7755973035497704,48,CRTTACCYCACCAACTAGCTR | CKTTACCCYRCCAACTAGCTA | YMTTACCCCACCAACTARCTA | CGTTACCMCACCAACTARYTA | CGTTACCYCACCAACWAGCTR | CATTACCCYACCAACWAGCTR
245,21,8,3,7,0.77720219250173,0.7777895631485746,0.77720219250173,50,CRTTACCYCACCAACTAGCTR | CKTTACCCYRCCAACTAGCTA | YMTTACCCCACCAACTARCTA | CGTTACCMCACCAACTARYTA | CGTTACCYCACCAACWAGCTR | CATTACCCYACCAACWAGCTR | CGTTACCCCACCAACTAGMTA
245,21,16,4,1,0.5956500502544083,0.5956500502544083,0.6582786980996471,16,CRTTACCYCACCAACWAGCTR
245,21,16,4,2,0.7583147390398975,0.7583147390398975,0.769254898664062,32,CRTTACCYCACCAACWAGCTR | YKTTACCYYACCAACTAGCTA
245,21,16,4,3,0.8094465399024693,0.8094465399024693,0.8178591590695982,48,CRTTACCYCACCAACWAGCTR | YKTTACCYYACCAACTAGCTA | CGTTACCCYRCCAACTASCTR
245,21,16,4,4,0.84312119120576,0.84312119120576,0.8447392572263749,64,CRTTACCYCACCAACWAGCTR | YKTTACCYYACCAACTAGCTA | CGTTACCCYRCCAACTASCTR | CWTTACCCYACCAACTARCTR
245,21,16,4,5,0.8511628123645516,0.8511628123645516,0.8571913960801978,80,CRTTACCYCACCAACWAGCTR | YKTTACCYYACCAACTAGCTA | CGTTACCCYRCCAACTASCTR | CWTTACCCYACCAACTARCTR | CATTACMCCRCCAACWAGYTA
245,21,16,4,6,0.865065910011868,0.8677471440258281,0.865065910011868,92,CRTTACCYCACCAACWAGCTR | YKTTACCYYACCAACTAGCTA | CGTTACCCYRCCAACTASCTR | CWTTACCCYACCAACTARCTR | CATTACMCCRCCAACWAGYTA | CVTTACCMCWCCAACTAGCTA
246,17,4,2,1,0.7058814924822494,0.7058814924822494,0.7149818377346052,4,TACCYCACCAACTARCT
246,17,4,2,2,0.8149140369931694,0.8149140369931694,0.8183204558924352,8,TACCYCACCAACTARCT | TACCCCACCAACWASCT
246,17,4,2,3,0.8596391090943373,0.8624697205456217,0.8596391090943373,12,TACCYCACCAACTARCT | TACCCCACCAACWASCT | TACCCCRCCAACTAKCT
246,17,4,2,4,0.8987345861309856,0.9023835692842787,0.8987345861309856,16,TACCYCACCAACTARCT | TACCCCACCAACWASCT | TACCCCRCCAACTAKCT | TACCYTACCAACTARCT
246,17,4,2,5,0.9130151369142521,0.9135026910307582,0.9130151369142521,20,TACCYCACCAACTARCT | TACCCCACCAACWASCT | TACCCCRCCAACTAKCT | TACCYTACCAACTARCT | TACCYCACCAACAAGYT
246,17,4,2,6,0.920266668468591,0.9297807644453681,0.920266668468591,24,TACCYCACCAACTARCT | TACCCCACCAACWASCT | TACCCCRCCAACTAKCT | TACCYTACCAACTARCT | TACCYCACCAACAAGYT | TACCMCACCAACTAGMT
246,17,4,2,7,0.9228031653658681,0.9320799110189112,0.9228031653658681,28,TACCYCACCAACTARCT | TACCCCACCAACWASCT | TACCCCRCCAACTAKCT | TACCYTACCAACTARCT | TACCYCACCAACAAGYT | TACCMCACCAACTAGMT | TACCCTACCAWCAAGYT
246,17,4,2,8,0.9271106842916982,0.9356700160802722,0.9271106842916982,32,TACCYCACCAACTARCT | TACCCCACCAACWASCT | TACCCCRCCAACTAKCT | TACCYTACCAACTARCT | TACCYCACCAACAAGYT | TACCMCACCAACTAGMT | TACCCTACCAWCAAGYT | TACCCCMCCAACYAGCT
246,17,8,3,1,0.7730376973219423,0.7730376973219423,0.7862461595859713,8,TACCYCACCAACWARCT
246,17,8,3,2,0.8827942853823951,0.888356020597545,0.8827942853823951,14,TACCYCACCAACWARCT | TACCCCRCCAACTABCT
246,17,8,3,3,0.9186777623607879,0.9192014335298517,0.9186777623607879,22,TACCYCACCAACWARCT | TACCCCRCCAACTABCT | TACCYTACCAACTARYT
246,17,8,3,4,0.9287206342279285,0.9303513077189242,0.9287206342279285,30,TACCYCACCAACWARCT | TACCCCRCCAACTABCT | TACCYTACCAACTARYT | TACCCCRCCAWCMAGCT
246,17,8,3,5,0.930719739918402,0.9317230472118253,0.930719739918402,38,TACCYCACCAACWARCT | TACCCCRCCAACTABCT | TACCYTACCAACTARYT | TACCCCRCCAWCMAGCT | TACCCTACCAWCMAGYT
246,17,8,3,6,0.9409432536642219,0.9491971765158597,0.9409432536642219,46,TACCYCACCAACWARCT | TACCCCRCCAACTABCT | TACCYTACCAACTARYT | TACCCCRCCAWCMAGCT | TACCCTACCAWCMAGYT | TACCMCWCCAACTAGMT
246,17,8,3,7,0.9443860561868709,0.9528748524954601,0.9443860561868709,54,TACCYCACCAACWARCT | TACCCCRCCAACTABCT | TACCYTACCAACTARYT | TACCCCRCCAWCMAGCT | TACCCTACCAWCMAGYT | TACCMCWCCAACTAGMT | TACCCCMCCAACWAGST
246,17,8,3,8,0.9461203401984776,0.9548736510536485,0.9461203401984776,62,TACCYCACCAACWARCT | TACCCCRCCAACTABCT | TACCYTACCAACTARYT | TACCCCRCCAWCMAGCT | TACCCTACCAWCMAGYT | TACCMCWCCAACTAGMT | TACCCCMCCAACWAGST | TACCCCRCCWACTARCT
246,17,16,4,1,0.8385387235045303,0.8390952509506607,0.8385387235045303,12,TACCYCACCAACWAVCT
246,17,16,4,2,0.9086233147744807,0.9125636973196412,0.9086233147744807,28,TACCYCACCAACWAVCT | TACCCYRCCAWCTAKCT
246,17,16,4,3,0.9245693816792818,0.931170901566314,0.9245693816792818,40,TACCYCACCAACWAVCT | TACCCYRCCAWCTAKCT | TACCMCWCCAACTAGHT
246,17,16,4,4,0.9273893296621369,0.9329330224981159,0.9273893296621369,56,TACCYCACCAACWAVCT | TACCCYRCCAWCTAKCT | TACCMCWCCAACTAGHT | TAMCCTACCAWCMAGYT
246,17,16,4,5,0.9328920821969061,0.9397774175599553,0.9328920821969061,72,TACCYCACCAACWAVCT | TACCCYRCCAWCTAKCT | TACCMCWCCAACTAGHT | TAMCCTACCAWCMAGYT | TACCYCMCCAACYAGST
246,17,16,4,6,0.9525405462087629,0.9606515142974982,0.9525405462087629,84,TACCYCACCAACWAVCT | TACCCYRCCAWCTAKCT | TACCMCWCCAACTAGHT | TAMCCTACCAWCMAGYT | TACCYCMCCAACYAGST | TACCCCRCCWACTAVCT
246,17,16,4,7,0.9612708158806562,0.9681810598661861,0.9612708158806562,100,TACCYCACCAACWAVCT | TACCCYRCCAWCTAKCT | TACCMCWCCAACTAGHT | TAMCCTACCAWCMAGYT | TACCYCMCCAACYAGST | TACCCCRCCWACTAVCT | TACCCCRCCRACMAGYT
246,17,16,4,8,0.967896256187338,0.9737240238198117,0.967896256187338,112,TACCYCACCAACWAVCT | TACCCYRCCAWCTAKCT | TACCMCWCCAACTAGHT | TAMCCTACCAWCMAGYT | TACCYCMCCAACYAGST | TACCCCRCCWACTAVCT | TACCCCRCCRACMAGYT | TACCYTACCAACWADCT
245,23,4,2,1,0.3880322899208776,0.3880322899208776,0.42744385359154863,4,GCCGTTACCYCACCAACTAGCTR
245,23,4,2,2,0.5171866642174766,0.5171866642174766,0.5657999062134931,8,GCCGTTACCYCACCAACTAGCTR | GCCATTACCCCACCAACWAGCTR
245,23,4,2,3,0.5823845892639581,0.5823845892639581,0.6246806769665666,12,GCCGTTACCYCACCAACTAGCTR | GCCATTACCCCACCAACWAGCTR | GCCKTTACCCCRCCAACTAGCTA
245,23,4,2,4,0.6247340694516237,0.6247340694516237,0.654156280792228,16,GCCGTTACCYCACCAACTAGCTR | GCCATTACCCCACCAACWAGCTR | GCCKTTACCCCRCCAACTAGCTA | GCCGTTACCYYACCAACTAGCTA
245,23,4,2,5,0.6579034318112701,0.6579034318112701,0.6743565059735869,20,GCCGTTACCYCACCAACTAGCTR | GCCATTACCCCACCAACWAGCTR | GCCKTTACCCCRCCAACTAGCTA | GCCGTTACCYYACCAACTAGCTA | GCYSTTACCCCACCAACTAGCTA
245,23,4,2,6,0.6683280600926259,0.6683280600926259,0.6797664000532859,24,GCCGTTACCYCACCAACTAGCTR | GCCATTACCCCACCAACWAGCTR | GCCKTTACCCCRCCAACTAGCTA | GCCGTTACCYYACCAACTAGCTA | GCYSTTACCCCACCAACTAGCTA | GCCGTTACCMCACCAACTAGYTA
245,23,4,2,7,0.6961050413081818,0.6961050413081818,0.699707712178005,28,GCCGTTACCYCACCAACTAGCTR | GCCATTACCCCACCAACWAGCTR | GCCKTTACCCCRCCAACTAGCTA | GCCGTTACCYYACCAACTAGCTA | GCYSTTACCCCACCAACTAGCTA | GCCGTTACCMCACCAACTAGYTA | GCCATTACCYCACCAACTARCTA
245,23,4,2,8,0.7048451723077491,0.7048451723077491,0.7159581200120142,32,GCCGTTACCYCACCAACTAGCTR | GCCATTACCCCACCAACWAGCTR | GCCKTTACCCCRCCAACTAGCTA | GCCGTTACCYYACCAACTAGCTA | GCYSTTACCCCACCAACTAGCTA | GCCGTTACCMCACCAACTAGYTA | GCCATTACCYCACCAACTARCTA | GCCGTTACCCCACCAACWAGCTR
245,23,8,3,1,0.5000513431301882,0.5000513431301882,0.5568257701983854,8,GCCRTTACCYCACCAACTAGCTR
245,23,8,3,2,0.619226687948439,0.619226687948439,0.6519623952747012,16,GCCRTTACCYCACCAACTAGCTR | GCCKTTACCCYRCCAACTAGCTA
245,23,8,3,3,0.6758935548482841,0.6758935548482841,0.6843104500830736,24,GCCRTTACCYCACCAACTAGCTR | GCCKTTACCCYRCCAACTAGCTA | GCYMTTACCCCACCAACTARCTA
245,23,8,3,4,0.6916543352553299,0.6934273141868622,0.6916543352553299,32,GCCRTTACCYCACCAACTAGCTR | GCCKTTACCCYRCCAACTAGCTA | GCYMTTACCCCACCAACTARCTA | GCCGTTACCMCACCAACTARYTA
245,23,8,3,5,0.7262685435246321,0.7324441474819102,0.7262685435246321,40,GCCRTTACCYCACCAACTAGCTR | GCCKTTACCCYRCCAACTAGCTA | GCYMTTACCCCACCAACTARCTA | GCCGTTACCMCACCAACTARYTA | GCCGTTACCYCACCAACWAGCTR
245,23,8,3,6,0.7671276519290573,0.7741066270283801,0.7671276519290573,48,GCCRTTACCYCACCAACTAGCTR | GCCKTTACCCYRCCAACTAGCTA | GCYMTTACCCCACCAACTARCTA | GCCGTTACCMCACCAACTARYTA | GCCGTTACCYCACCAACWAGCTR | GCCATTACCCYACCAACWAGCTR
245,23,8,3,7,0.7687325567429716,0.7747359986227749,0.7687325567429716,50,GCCRTTACCYCACCAACTAGCTR | GCCKTTACCCYRCCAACTAGCTA | GCYMTTACCCCACCAACTARCTA | GCCGTTACCMCACCAACTARYTA | GCCGTTACCYCACCAACWAGCTR | GCCATTACCCYACCAACWAGCTR | GCCGTTACCCCACCAACTAGMTA
245,23,16,4,1,0.5929997762523315,0.5929997762523315,0.6525060143509294,16,GCCRTTACCYCACCAACWAGCTR
245,23,16,4,2,0.7558944941855662,0.7558944941855662,0.7619203897626673,32,GCCRTTACCYCACCAACWAGCTR | GCYKTTACCYYACCAACTAGCTA
245,23,16,4,3,0.8048167576793658,0.8048167576793658,0.8107405056213522,48,GCCRTTACCYCACCAACWAGCTR | GCYKTTACCYYACCAACTAGCTA | GCCGTTACCCYRCCAACTASCTR
245,23,16,4,4,0.8384914089826564,0.8384914089826564,0.8387491930626464,64,GCCRTTACCYCACCAACWAGCTR | GCYKTTACCYYACCAACTAGCTA | GCCGTTACCCYRCCAACTASCTR | GCCWTTACCCYACCAACTARCTR
245,23,16,4,5,0.8501984293370847,0.8512997683362734,0.8501984293370847,80,GCCRTTACCYCACCAACWAGCTR | GCYKTTACCYYACCAACTAGCTA | GCCGTTACCCYRCCAACTASCTR | GCCWTTACCCYACCAACTARCTR | GCCRTTACCMCWCCAACTAGYTA
246,19,4,2,1,0.49794294254142574,0.49794294254142574,0.5568439029038089,4,RTTACCYCACCAACTAGCT
246,19,4,2,2,0.6022120460622412,0.6022120460622412,0.6401380429436995,8,RTTACCYCACCAACTAGCT | GTTACCCYACCAACTARCT
246,19,4,2,3,0.6823562645546821,0.6823562645546821,0.7179851487421244,12,RTTACCYCACCAACTAGCT | GTTACCCYACCAACTARCT | GTTACCCCRCCAACTASCT
246,19,4,2,4,0.7463365524925646,0.7463365524925646,0.7737204209667318,16,RTTACCYCACCAACTAGCT | GTTACCCYACCAACTARCT | GTTACCCCRCCAACTASCT | WTTACCCCACCAACWAGCT
246,19,4,2,5,0.7723952885319724,0.7723952885319724,0.79083471355934,20,RTTACCYCACCAACTAGCT | GTTACCCYACCAACTARCT | GTTACCCCRCCAACTASCT | WTTACCCCACCAACWAGCT | GTTACCMCACCAACTAKCT
246,19,4,2,6,0.7895770849773341,0.7895770849773341,0.7999379604170188,23,RTTACCYCACCAACTAGCT | GTTACCCYACCAACTARCT | GTTACCCCRCCAACTASCT | WTTACCCCACCAACWAGCT | GTTACCMCACCAACTAKCT | ATTACCCCACCAACTAVCT
246,19,4,2,7,0.8137712426579654,0.8137712426579654,0.8230347152338516,27,RTTACCYCACCAACTAGCT | GTTACCCYACCAACTARCT | GTTACCCCRCCAACTASCT | WTTACCCCACCAACWAGCT | GTTACCMCACCAACTAKCT | ATTACCCCACCAACTAVCT | TTTACCYCACCAACTASCT
246,19,4,2,8,0.8164621615255149,0.8164621615255149,0.8291749729213093,31,RTTACCYCACCAACTAGCT | GTTACCCYACCAACTARCT | GTTACCCCRCCAACTASCT | WTTACCCCACCAACWAGCT | GTTACCMCACCAACTAKCT | ATTACCCCACCAACTAVCT | TTTACCYCACCAACTASCT | GTTACCCCACCAACWAGYT
246,19,8,3,1,0.582953168186079,0.582953168186079,0.647106253837555,8,RTTACCYCACCAACWAGCT
246,19,8,3,2,0.724384858099674,0.724384858099674,0.7583272407559677,14,RTTACCYCACCAACWAGCT | GTTACCCYACCAACTAVCT
246,19,8,3,3,0.7850023232876087,0.7850023232876087,0.8044193484133353,22,RTTACCYCACCAACWAGCT | GTTACCCYACCAACTAVCT | KTTACCCCRCCAACTAKCT
246,19,8,3,4,0.8211213826128657,0.8211213826128657,0.823023510292786,28,RTTACCYCACCAACWAGCT | GTTACCCYACCAACTAVCT | KTTACCCCRCCAACTAKCT | WTTACCCCACCAACTAVCT
246,19,8,3,5,0.835071906113812,0.8488232813898638,0.835071906113812,36,RTTACCYCACCAACWAGCT | GTTACCCYACCAACTAVCT | KTTACCCCRCCAACTAKCT | WTTACCCCACCAACTAVCT | STTACCMYACCAACTAGCT
246,19,8,3,6,0.8390888386271493,0.8536568000227255,0.8390888386271493,40,RTTACCYCACCAACWAGCT | GTTACCCYACCAACTAVCT | KTTACCCCRCCAACTAKCT | WTTACCCCACCAACTAVCT | STTACCMYACCAACTAGCT | GTTACCCCACCAACTAGNT
246,19,8,3,7,0.8577259189584813,0.8676642468290972,0.8577259189584813,48,RTTACCYCACCAACWAGCT | GTTACCCYACCAACTAVCT | KTTACCCCRCCAACTAKCT | WTTACCCCACCAACTAVCT | STTACCMYACCAACTAGCT | GTTACCCCACCAACTAGNT | ATTACCYYACCAACTAKCT
246,19,8,3,8,0.8711499826896255,0.8796266137076697,0.8711499826896255,56,RTTACCYCACCAACWAGCT | GTTACCCYACCAACTAVCT | KTTACCCCRCCAACTAKCT | WTTACCCCACCAACTAVCT | STTACCMYACCAACTAGCT | GTTACCCCACCAACTAGNT | ATTACCYYACCAACTAKCT | KTTACCYCACCAACYAGCT
246,19,16,4,1,0.6623934562277395,0.6623934562277395,0.7151578076364536,16,RTTACCYCACCAACWARCT
246,19,16,4,2,0.8284951494819754,0.8284951494819754,0.8307769456490871,32,RTTACCYCACCAACWARCT | KTTACCCYRCCAACTASCT
246,19,16,4,3,0.86107589726867,0.8655154430399934,0.86107589726867,44,RTTACCYCACCAACWARCT | KTTACCCYRCCAACTASCT | GTTACCHCACCWACTAKCT
246,19,16,4,4,0.8770732029062255,0.8770732029062255,0.8790540726526751,60,RTTACCYCACCAACWARCT | KTTACCCYRCCAACTASCT | GTTACCHCACCWACTAKCT | MTTACCCCRCCAACTASYT
246,19,16,4,5,0.9103509616057489,0.9250122368141288,0.9103509616057489,76,RTTACCYCACCAACWARCT | KTTACCCYRCCAACTASCT | GTTACCHCACCWACTAKCT | MTTACCCCRCCAACTASYT | TTTACCYYACCAWCTARCT
246,19,16,4,6,0.9168702115548014,0.9265516974422852,0.9168702115548014,92,RTTACCYCACCAACWARCT | KTTACCCYRCCAACTASCT | GTTACCHCACCWACTAKCT | MTTACCCCRCCAACTASYT | TTTACCYYACCAWCTARCT | AWTACCCTACCAWCWARCT
246,19,16,4,7,0.9260610749594139,0.9357290877878186,0.9260610749594139,108,RTTACCYCACCAACWARCT | KTTACCCYRCCAACTASCT | GTTACCHCACCWACTAKCT | MTTACCCCRCCAACTASYT | TTTACCYYACCAWCTARCT | AWTACCCTACCAWCWARCT | GTTACCCCRCCRACMASCT
246,19,16,4,8,0.9322229489445433,0.9407073180596757,0.9322229489445433,124,RTTACCYCACCAACWARCT | KTTACCCYRCCAACTASCT | GTTACCHCACCWACTAKCT | MTTACCCCRCCAACTASYT | TTTACCYYACCAWCTARCT | AWTACCCTACCAWCWARCT | GTTACCCCRCCRACMASCT | ATTACCYCWCCAACYAGMT
246,21,4,2,1,0.4525376865788601,0.4525376865788601,0.5042174488435086,4,CCRTTACCYCACCAACTAGCT
246,21,4,2,2,0.5247091827089051,0.5247091827089051,0.5800882537941827,8,CCRTTACCYCACCAACTAGCT | CCGTTACCCCRCCAACTASCT
246,21,4,2,3,0.6330639081271058,0.6330639081271058,0.6640420608297534,12,CCRTTACCYCACCAACTAGCT | CCGTTACCCCRCCAACTASCT | CCTTTACCYCACCAACTARCT
246,21,4,2,4,0.6861111905739583,0.6861111905739583,0.7037140116382212,16,CCRTTACCYCACCAACTAGCT | CCGTTACCCCRCCAACTASCT | CCTTTACCYCACCAACTARCT | CCATTACCCCACCAACWARCT
246,21,4,2,5,0.7159969564072757,0.7159969564072757,0.729957180527539,20,CCRTTACCYCACCAACTAGCT | CCGTTACCCCRCCAACTASCT | CCTTTACCYCACCAACTARCT | CCATTACCCCACCAACWARCT | CCGTTACCCYACCAACTAKCT
246,21,4,2,6,0.7488957113205338,0.7488957113205338,0.7503537490562365,24,CCRTTACCYCACCAACTAGCT | CCGTTACCCCRCCAACTASCT | CCTTTACCYCACCAACTARCT | CCATTACCCCACCAACWARCT | CCGTTACCCYACCAACTAKCT | CYSTTACCCCACCAACTAGCT
246,21,4,2,7,0.7583574827806269,0.7583574827806269,0.7634811451544823,28,CCRTTACCYCACCAACTAGCT | CCGTTACCCCRCCAACTASCT | CCTTTACCYCACCAACTARCT | CCATTACCCCACCAACWARCT | CCGTTACCCYACCAACTAKCT | CYSTTACCCCACCAACTAGCT | CCGTTACCCCACCAACWARCT
246,21,4,2,8,0.7680034210538228,0.7680034210538228,0.7779325966635376,32,CCRTTACCYCACCAACTAGCT | CCGTTACCCCRCCAACTASCT | CCTTTACCYCACCAACTARCT | CCATTACCCCACCAACWARCT | CCGTTACCCYACCAACTAKCT | CYSTTACCCCACCAACTAGCT | CCGTTACCCCACCAACWARCT | CCGTTACCYCWCCAACTAGCT
246,21,8,3,1,0.5341599156548833,0.5341599156548833,0.5900613187071008,8,CCRTTACCYCACCAACWAGCT
246,21,8,3,2,0.6486359562850138,0.6486359562850138,0.6883591391716046,14,CCRTTACCYCACCAACWAGCT | CCGTTACCCYACCAACTAVCT
246,21,8,3,3,0.7542685827105063,0.7542685827105063,0.7566793716600476,22,CCRTTACCYCACCAACWAGCT | CCGTTACCCYACCAACTAVCT | CYTTTACCYCACCAACTARCT
246,21,8,3,4,0.7888035840299016,0.7888035840299016,0.7945688440535391,28,CCRTTACCYCACCAACWAGCT | CCGTTACCCYACCAACTAVCT | CYTTTACCYCACCAACTARCT | CCGTTACCCCRCCAACTABCT
246,21,8,3,5,0.8104710587541654,0.8110858952670311,0.8104710587541654,34,CCRTTACCYCACCAACWAGCT | CCGTTACCCYACCAACTAVCT | CYTTTACCYCACCAACTARCT | CCGTTACCCCRCCAACTABCT | CCATTACCCYACCAACTAVCT
246,21,8,3,6,0.8241627270261765,0.8241627270261765,0.8323140090509932,42,CCRTTACCYCACCAACWAGCT | CCGTTACCCYACCAACTAVCT | CYTTTACCYCACCAACTARCT | CCGTTACCCCRCCAACTABCT | CCATTACCCYACCAACTAVCT | CCGTTACCYCWCCAACTAKCT
246,21,8,3,7,0.829431031628252,0.829431031628252,0.8394977029449476,50,CCRTTACCYCACCAACWAGCT | CCGTTACCCYACCAACTAVCT | CYTTTACCYCACCAACTARCT | CCGTTACCCCRCCAACTABCT | CCATTACCCYACCAACTAVCT | CCGTTACCYCWCCAACTAKCT | CCATTACCCCACCWACYAGYT
246,21,8,3,8,0.8345765347890429,0.8345765347890429,0.8476909896690866,58,CCRTTACCYCACCAACWAGCT | CCGTTACCCYACCAACTAVCT | CYTTTACCYCACCAACTARCT | CCGTTACCCCRCCAACTABCT | CCATTACCCYACCAACTAVCT | CCGTTACCYCWCCAACTAKCT | CCATTACCCCACCWACYAGYT | CCWTTACMCCRCCAACTAGCT
246,21,16,4,1,0.6079391855008919,0.6079391855008919,0.6521621392250027,16,CCRTTACCYCACCAACWARCT
246,21,16,4,2,0.7593419953566664,0.7605225398223526,0.7593419953566664,32,CCRTTACCYCACCAACWARCT | CCKTTACCCYRCCAACTASCT
246,21,16,4,3,0.8197808779990582,0.8300945286910455,0.8197808779990582,48,CCRTTACCYCACCAACWARCT | CCKTTACCCYRCCAACTASCT | CYSTTACCYCACCAACTAKCT
246,21,16,4,4,0.8400418164900622,0.8428006710511551,0.8400418164900622,60,CCRTTACCYCACCAACWARCT | CCKTTACCCYRCCAACTASCT | CYSTTACCYCACCAACTAKCT | CCATTACCCYACCAACTAVYT
246,21,16,4,5,0.8767608515367904,0.8910590746946764,0.8767608515367904,76,CCRTTACCYCACCAACWARCT | CCKTTACCCYRCCAACTASCT | CYSTTACCYCACCAACTAKCT | CCATTACCCYACCAACTAVYT | CYTTTACCYYACCAACTARCT
246,21,16,4,6,0.8823244094966723,0.9046591469707915,0.8823244094966723,88,CCRTTACCYCACCAACWARCT | CCKTTACCCYRCCAACTASCT | CYSTTACCYCACCAACTAKCT | CCATTACCCYACCAACTAVYT | CYTTTACCYYACCAACTARCT | CCGTTACCCCWCCAWCTAGVT
246,21,16,4,7,0.8893006874995001,0.9119259532248968,0.8893006874995001,104,CCRTTACCYCACCAACWARCT | CCKTTACCCYRCCAACTASCT | CYSTTACCYCACCAACTAKCT | CCATTACCCYACCAACTAVYT | CYTTTACCYYACCAACTARCT | CCGTTACCCCWCCAWCTAGVT | CCATTACCCCRCCWACYAKCT
247,17,4,2,1,0.690802474628245,0.690802474628245,0.6990120319272287,4,TTACCYCACCAACTARC
247,17,4,2,2,0.8020652964018128,0.8020652964018128,0.8071966413299361,8,TTACCYCACCAACTARC | TTACCCCACCAACWASC
247,17,4,2,3,0.8453142072305687,0.8485157079144519,0.8453142072305687,12,TTACCYCACCAACTARC | TTACCCCACCAACWASC | TTACCCCRCCAACTAKC
247,17,4,2,4,0.8862219212375301,0.887838715981465,0.8862219212375301,16,TTACCYCACCAACTARC | TTACCCCACCAACWASC | TTACCCCRCCAACTAKC | TTACCYTACCAACTARC
247,17,4,2,5,0.8965629948701545,0.9069812652880791,0.8965629948701545,20,TTACCYCACCAACTARC | TTACCCCACCAACWASC | TTACCCCRCCAACTAKC | TTACCYTACCAACTARC | TTACCMCACCAACTRGC
247,17,4,2,6,0.9119333978831912,0.9223171916015701,0.9119333978831912,24,TTACCYCACCAACTARC | TTACCCCACCAACWASC | TTACCCCRCCAACTAKC | TTACCYTACCAACTARC | TTACCMCACCAACTRGC | TTACCYCACCAACAAGY
247,17,4,2,7,0.9205753780541536,0.9308229794436892,0.9205753780541536,28,TTACCYCACCAACTARC | TTACCCCACCAACWASC | TTACCCCRCCAACTAKC | TTACCYTACCAACTARC | TTACCMCACCAACTRGC | TTACCYCACCAACAAGY | TTACCCCRCCAACMAGC
247,17,4,2,8,0.9239672674106488,0.932914011907061,0.9239672674106488,31,TTACCYCACCAACTARC | TTACCCCACCAACWASC | TTACCCCRCCAACTAKC | TTACCYTACCAACTARC | TTACCMCACCAACTRGC | TTACCYCACCAACAAGY | TTACCCCRCCAACMAGC | TTACCCTACCAACTABC
247,17,8,3,1,0.7652293417116867,0.7652293417116867,0.7766934970268151,8,TTACCYCACCAACWARC
247,17,8,3,2,0.8660135838610148,0.8764204336036504,0.8660135838610148,14,TTACCYCACCAACWARC | TTACCCCRCCAACTABC
247,17,8,3,3,0.9024998705676843,0.9108198177837292,0.9024998705676843,22,TTACCYCACCAACWARC | TTACCCCRCCAACTABC | TTACCYTACCAACTRRC
247,17,8,3,4,0.9154224811830233,0.9285283443471789,0.9154224811830233,28,TTACCYCACCAACWARC | TTACCCCRCCAACTABC | TTACCYTACCAACTRRC | TTACCMCACCAACTAGH
247,17,8,3,5,0.9264840388428431,0.9412826142440628,0.9264840388428431,36,TTACCYCACCAACWARC | TTACCCCRCCAACTABC | TTACCYTACCAACTRRC | TTACCMCACCAACTAGH | TTACCCCRCCAACMASC
247,17,8,3,6,0.9268357023675251,0.9421582283906186,0.9268357023675251,42,TTACCYCACCAACWARC | TTACCCCRCCAACTABC | TTACCYTACCAACTRRC | TTACCMCACCAACTAGH | TTACCCCRCCAACMASC | HTACCCTACCATCAAGY
247,17,8,3,7,0.9374914972020366,0.9493882243854849,0.9374914972020366,50,TTACCYCACCAACWARC | TTACCCCRCCAACTABC | TTACCYTACCAACTRRC | TTACCMCACCAACTAGH | TTACCCCRCCAACMASC | HTACCCTACCATCAAGY | TTACCYCACCAACTRSC
247,17,8,3,8,0.9427893442666136,0.9531122723893177,0.9427893442666136,58,TTACCYCACCAACWARC | TTACCCCRCCAACTABC | TTACCYTACCAACTRRC | TTACCMCACCAACTAGH | TTACCCCRCCAACMASC | HTACCCTACCATCAAGY | TTACCYCACCAACTRSC | TTACMCCRCCAACTAGS
247,17,16,4,1,0.8279105963480006,0.8310011541885983,0.8279105963480006,12,TTACCYCACCAACWAVC
247,17,16,4,2,0.8934637467410765,0.9027089120374671,0.8934637467410765,28,TTACCYCACCAACWAVC | TTACCCYRCCAWCTAKC
247,17,16,4,3,0.9141958798212296,0.9252252367030382,0.9141958798212296,44,TTACCYCACCAACWAVC | TTACCCYRCCAWCTAKC | TTACCMCACCAACTRSY
247,17,16,4,4,0.9151035646250648,0.9269378605008591,0.9151035646250648,56,TTACCYCACCAACWAVC | TTACCCYRCCAWCTAKC | TTACCMCACCAACTRSY | HTACCCTACCAWCAAGY
247,17,16,4,5,0.9260994313527936,0.9398393854339763,0.9260994313527936,72,TTACCYCACCAACWAVC | TTACCCYRCCAWCTAKC | TTACCMCACCAACTRSY | HTACCCTACCAWCAAGY | TTACCYCWCCAACYAGM
247,17,16,4,6,0.9308996248426255,0.9442718423353268,0.9308996248426255,88,TTACCYCACCAACWAVC | TTACCCYRCCAWCTAKC | TTACCMCACCAACTRSY | HTACCCTACCAWCAAGY | TTACCYCWCCAACYAGM | TTACMCYMCCAACTAGS
247,17,16,4,7,0.9493330020626579,0.9607280903558756,0.9493330020626579,104,TTACCYCACCAACWAVC | TTACCCYRCCAWCTAKC | TTACCMCACCAACTRSY | HTACCCTACCAWCAAGY | TTACCYCWCCAACYAGM | TTACMCYMCCAACTAGS | TTACCYTACCAACWRRC
247,17,16,4,8,0.9611247138963002,0.9713821582192583,0.9611247138963002,120,TTACCYCACCAACWAVC | TTACCCYRCCAWCTAKC | TTACCMCACCAACTRSY | HTACCCTACCAWCAAGY | TTACCYCWCCAACYAGM | TTACMCYMCCAACTAGS | TTACCYTACCAACWRRC | TTACCCCRCCRACWASC
247,19,4,2,1,0.45073922449886633,0.45073922449886633,0.5028765664233369,4,CRTTACCYCACCAACTAGC
247,19,4,2,2,0.519454116122899,0.519454116122899,0.5733351998166726,8,CRTTACCYCACCAACTAGC | CGTTACCCCRCCAACTASC
247,19,4,2,3,0.5982573938770067,0.5982573938770067,0.643752242493897,12,CRTTACCYCACCAACTAGC | CGTTACCCCRCCAACTASC | CGTTACCCYACCAACTARC
247,19,4,2,4,0.6911467391879033,0.6911467391879033,0.7141983470249341,16,CRTTACCYCACCAACTAGC | CGTTACCCCRCCAACTASC | CGTTACCCYACCAACTARC | YTTTACCYCACCAACTAGC
247,19,4,2,5,0.7392680112385316,0.7392680112385316,0.7472822560181279,20,CRTTACCYCACCAACTAGC | CGTTACCCCRCCAACTASC | CGTTACCCYACCAACTARC | YTTTACCYCACCAACTAGC | CATTACCCCACCAACWARC
247,19,4,2,6,0.755614218764649,0.755614218764649,0.7634133617007426,24,CRTTACCYCACCAACTAGC | CGTTACCCCRCCAACTASC | CGTTACCCYACCAACTARC | YTTTACCYCACCAACTAGC | CATTACCCCACCAACWARC | CGTTACCCCACCAACTRKC
247,19,4,2,7,0.765305864432718,0.765305864432718,0.7780022891402146,28,CRTTACCYCACCAACTAGC | CGTTACCCCRCCAACTASC | CGTTACCCYACCAACTARC | YTTTACCYCACCAACTAGC | CATTACCCCACCAACWARC | CGTTACCCCACCAACTRKC | CGTTACCYCWCCAACTAGC
247,19,4,2,8,0.7769495391423998,0.7769495391423998,0.7897539571210763,32,CRTTACCYCACCAACTAGC | CGTTACCCCRCCAACTASC | CGTTACCCYACCAACTARC | YTTTACCYCACCAACTAGC | CATTACCCCACCAACWARC | CGTTACCCCACCAACTRKC | CGTTACCYCWCCAACTAGC | CATTACCCYACCAACTASC
247,19,8,3,1,0.5329345853537909,0.5329345853537909,0.5881444720721518,8,CRTTACCYCACCAACWAGC
247,19,8,3,2,0.6477519261775303,0.6477519261775303,0.6862360825945895,14,CRTTACCYCACCAACWAGC | CGTTACCCYACCAACTAVC
247,19,8,3,3,0.752446292994733,0.752446292994733,0.753905353294642,22,CRTTACCYCACCAACWAGC | CGTTACCCYACCAACTAVC | YTTTACCYCACCAACTARC
247,19,8,3,4,0.783550633297878,0.783550633297878,0.7865012772768257,28,CRTTACCYCACCAACWAGC | CGTTACCCYACCAACTAVC | YTTTACCYCACCAACTARC | CGTTACCCCRCCAACTABC
247,19,8,3,5,0.8021743542772493,0.8058327653906826,0.8021743542772493,34,CRTTACCYCACCAACWAGC | CGTTACCCYACCAACTAVC | YTTTACCYCACCAACTARC | CGTTACCCCRCCAACTABC | CATTACCCYACCAACTAVC
247,19,8,3,6,0.8198346977435961,0.8198346977435961,0.8226864778462174,42,CRTTACCYCACCAACWAGC | CGTTACCCYACCAACTAVC | YTTTACCYCACCAACTARC | CGTTACCCCRCCAACTABC | CATTACCCYACCAACTAVC | CGTTACCYCWCCAACTRGC
247,19,8,3,7,0.823249687065124,0.823249687065124,0.8340654459714218,50,CRTTACCYCACCAACWAGC | CGTTACCCYACCAACTAVC | YTTTACCYCACCAACTARC | CGTTACCCCRCCAACTABC | CATTACCCYACCAACTAVC | CGTTACCYCWCCAACTRGC | CATTACCCCACCAACWAKY
247,19,8,3,8,0.8287395441990694,0.8287395441990694,0.8364115938486106,56,CRTTACCYCACCAACWAGC | CGTTACCCYACCAACTAVC | YTTTACCYCACCAACTARC | CGTTACCCCRCCAACTABC | CATTACCCYACCAACTAVC | CGTTACCYCWCCAACTRGC | CATTACCCCACCAACWAKY | CGTTACMCCACCAACTAGV
247,19,16,4,1,0.605040791662414,0.605040791662414,0.6503139361924699,16,CRTTACCYCACCAACWARC
247,19,16,4,2,0.7542653060370843,0.7698756522512847,0.7542653060370843,32,CRTTACCYCACCAACWARC | YKTTACCCYACCAACTASC
247,19,16,4,3,0.7957630036286916,0.8088560002205449,0.7957630036286916,44,CRTTACCYCACCAACWARC | YKTTACCCYACCAACTASC | CGTTACCCCRCCAACTRBC
247,19,16,4,4,0.812800266164909,0.8161075776494658,0.812800266164909,56,CRTTACCYCACCAACWARC | YKTTACCCYACCAACTASC | CGTTACCCCRCCAACTRBC | CATTACCCCACCAACWABY
247,19,16,4,5,0.8488863166140522,0.8533309878531621,0.8488863166140522,72,CRTTACCYCACCAACWARC | YKTTACCCYACCAACTASC | CGTTACCCCRCCAACTRBC | CATTACCCCACCAACWABY | YKTTACCYCWCCAACTAGC
247,19,16,4,6,0.870834542975364,0.8901087304967489,0.870834542975364,88,CRTTACCYCACCAACWARC | YKTTACCCYACCAACTASC | CGTTACCCCRCCAACTRBC | CATTACCCCACCAACWABY | YKTTACCYCWCCAACTAGC | CWTTACCCYRCCAACTARC
247,19,16,4,7,0.8768047169924099,0.9041504928652478,0.8768047169924099,104,CRTTACCYCACCAACWARC | YKTTACCCYACCAACTASC | CGTTACCCCRCCAACTRBC | CATTACCCCACCAACWABY | YKTTACCYCWCCAACTAGC | CWTTACCCYRCCAACTARC | CMTTACCMCACCWACYAGC
247,19,16,4,8,0.8826643757788282,0.9111320632987616,0.8826643757788282,116,CRTTACCYCACCAACWARC | YKTTACCCYACCAACTASC | CGTTACCCCRCCAACTRBC | CATTACCCCACCAACWABY | YKTTACCYCWCCAACTAGC | CWTTACCCYRCCAACTARC | CMTTACCMCACCWACYAGC | CGTTACCCCRCCAACWAGV
246,23,4,2,1,0.34899669021366786,0.34899669021366786,0.3824955599516196,4,RGCCGTTACCYCACCAACTAGCT
246,23,4,2,2,0.4755370945857,0.4755370945857,0.4986453844395055,8,RGCCGTTACCYCACCAACTAGCT | GGCCATTACCCCACCAACWARCT
246,23,4,2,3,0.5350962636966697,0.5350962636966697,0.564646713421805,12,RGCCGTTACCYCACCAACTAGCT | GGCCATTACCCCACCAACWARCT | GGCCGTTACCCCRCCAACTASCT
246,23,4,2,4,0.5599086422635748,0.5599086422635748,0.5894510820450349,15,RGCCGTTACCYCACCAACTAGCT | GGCCATTACCCCACCAACWARCT | GGCCGTTACCCCRCCAACTASCT | GGCCGTTACCTCACCAACTADCT
246,23,4,2,5,0.6161997206358008,0.6161997206358008,0.6222266604951311,19,RGCCGTTACCYCACCAACTAGCT | GGCCATTACCCCACCAACWARCT | GGCCGTTACCCCRCCAACTASCT | GGCCGTTACCTCACCAACTADCT | GGCYATTACCCYACCAACTAGCT
246,23,4,2,6,0.6923802901193934,0.6923802901193934,0.7065687647972712,23,RGCCGTTACCYCACCAACTAGCT | GGCCATTACCCCACCAACWARCT | GGCCGTTACCCCRCCAACTASCT | GGCCGTTACCTCACCAACTADCT | GGCYATTACCCYACCAACTAGCT | AGCYWTTACCTCACCAACTAGCT
246,23,4,2,7,0.7155663379931158,0.7155663379931158,0.7258984587770967,27,RGCCGTTACCYCACCAACTAGCT | GGCCATTACCCCACCAACWARCT | GGCCGTTACCCCRCCAACTASCT | GGCCGTTACCTCACCAACTADCT | GGCYATTACCCYACCAACTAGCT | AGCYWTTACCTCACCAACTAGCT | GGCCGTTACCCYACCAACTARCT
246,23,4,2,8,0.7302362452479363,0.7302362452479363,0.7348810013001127,31,RGCCGTTACCYCACCAACTAGCT | GGCCATTACCCCACCAACWARCT | GGCCGTTACCCCRCCAACTASCT | GGCCGTTACCTCACCAACTADCT | GGCYATTACCCYACCAACTAGCT | AGCYWTTACCTCACCAACTAGCT | GGCCGTTACCCYACCAACTARCT | GGCYKTTACCCCACCAACTAGCT
246,23,8,3,1,0.4474950792204165,0.4474950792204165,0.49140588650752703,8,RGCCRTTACCYCACCAACTAGCT
246,23,8,3,2,0.5294353263887189,0.5294353263887189,0.5803114294444954,16,RGCCRTTACCYCACCAACTAGCT | GGCCGTTACCCCRCCAACWASCT
246,23,8,3,3,0.624113105346994,0.624113105346994,0.646038896240844,24,RGCCRTTACCYCACCAACTAGCT | GGCCGTTACCCCRCCAACWASCT | GGCYGTTACCCYACCAACTARCT
246,23,8,3,4,0.6502823616925679,0.6502823616925679,0.6728470225054743,30,RGCCRTTACCYCACCAACTAGCT | GGCCGTTACCCCRCCAACWASCT | GGCYGTTACCCYACCAACTARCT | GGCCGTTACCYCACCAACTADCT
246,23,8,3,5,0.6911021208633764,0.6911021208633764,0.7043414613755973,38,RGCCRTTACCYCACCAACTAGCT | GGCCGTTACCCCRCCAACWASCT | GGCYGTTACCCYACCAACTARCT | GGCCGTTACCYCACCAACTADCT | GGCCWTTACCCCACCAACWARCT
246,23,8,3,6,0.7568115866167764,0.7568115866167764,0.7638070880546195,46,RGCCRTTACCYCACCAACTAGCT | GGCCGTTACCCCRCCAACWASCT | GGCYGTTACCCYACCAACTARCT | GGCCGTTACCYCACCAACTADCT | GGCCWTTACCCCACCAACWARCT | AGCYKTTACCTCACCAACTASCT
246,23,8,3,7,0.7686965767542558,0.7686965767542558,0.773377873570781,54,RGCCRTTACCYCACCAACTAGCT | GGCCGTTACCCCRCCAACWASCT | GGCYGTTACCCYACCAACTARCT | GGCCGTTACCYCACCAACTADCT | GGCCWTTACCCCACCAACWARCT | AGCYKTTACCTCACCAACTASCT | GGCCWTTACCCYACCAACTASCT
246,23,8,3,8,0.7719556867781132,0.7719556867781132,0.7830411308824138,62,RGCCRTTACCYCACCAACTAGCT | GGCCGTTACCCCRCCAACWASCT | GGCYGTTACCCYACCAACTARCT | GGCCGTTACCYCACCAACTADCT | GGCCWTTACCCCACCAACWARCT | AGCYKTTACCTCACCAACTASCT | GGCCWTTACCCYACCAACTASCT | GGCCATTACCYCACCAACTAKYT
246,23,16,4,1,0.528994512067219,0.528994512067219,0.5773413213632196,16,RGCCRTTACCYCACCAACWAGCT
246,23,16,4,2,0.6403155977731884,0.6403155977731884,0.6821151963107472,28,RGCCRTTACCYCACCAACWAGCT | GGCCGTTACCCYRCCAACTAVCT
246,23,16,4,3,0.7225772404563248,0.7225772404563248,0.7318811903532247,44,RGCCRTTACCYCACCAACWAGCT | GGCCGTTACCCYRCCAACTAVCT | GGCYKTTACCYYACCAACTAGCT
246,23,16,4,4,0.766002085736715,0.766002085736715,0.775824344918647,56,RGCCRTTACCYCACCAACWAGCT | GGCCGTTACCCYRCCAACTAVCT | GGCYKTTACCYYACCAACTAGCT | RGCCGTTACCYCACCAACTADCT
246,23,16,4,5,0.785196985631734,0.7868257924137837,0.785196985631734,72,RGCCRTTACCYCACCAACWAGCT | GGCCGTTACCCYRCCAACTAVCT | GGCYKTTACCYYACCAACTAGCT | RGCCGTTACCYCACCAACTADCT | KGCCGTTACCMCACCAACTARYT
246,23,16,4,6,0.7978268477051434,0.8164423876684946,0.7978268477051434,84,RGCCRTTACCYCACCAACWAGCT | GGCCGTTACCCYRCCAACTAVCT | GGCYKTTACCYYACCAACTAGCT | RGCCGTTACCYCACCAACTADCT | KGCCGTTACCMCACCAACTARYT | GGCCWTTACCCCRCCAACTAVCT
247,21,4,2,1,0.44818169607294833,0.44818169607294833,0.496706036847915,4,GCCRTTACCYCACCAACTAGC
247,21,4,2,2,0.515689695062813,0.515689695062813,0.5648817781011569,7,GCCRTTACCYCACCAACTAGC | GCCGTTACCCCACCAACTAVC
247,21,4,2,3,0.5760584640025133,0.5760584640025133,0.627724496877795,11,GCCRTTACCYCACCAACTAGC | GCCGTTACCCCACCAACTAVC | GCCKTTACCCCACCAACWAGC
247,21,4,2,4,0.6313665381101313,0.6313665381101313,0.6669525796611704,15,GCCRTTACCYCACCAACTAGC | GCCGTTACCCCACCAACTAVC | GCCKTTACCCCACCAACWAGC | GCCATTACCCCACCAACWARC
247,21,4,2,5,0.6535572085942861,0.6535572085942861,0.6928661339571329,19,GCCRTTACCYCACCAACTAGC | GCCGTTACCCCACCAACTAVC | GCCKTTACCCCACCAACWAGC | GCCATTACCCCACCAACWARC | GCCGTTACCCCRCCAACTAKC
247,21,4,2,6,0.6900494813477759,0.6900494813477759,0.7127230707349521,23,GCCRTTACCYCACCAACTAGC | GCCGTTACCCCACCAACTAVC | GCCKTTACCCCACCAACWAGC | GCCATTACCCCACCAACWARC | GCCGTTACCCCRCCAACTAKC | GCYSTTACCCCACCAACTAGC
247,21,4,2,7,0.7200107251931849,0.7200107251931849,0.7323834281675027,27,GCCRTTACCYCACCAACTAGC | GCCGTTACCCCACCAACTAVC | GCCKTTACCCCACCAACWAGC | GCCATTACCCCACCAACWARC | GCCGTTACCCCRCCAACTAKC | GCYSTTACCCCACCAACTAGC | GCCGTTACCYYACCAACTAGC
247,21,4,2,8,0.7502140277680082,0.7729201978174104,0.7502140277680082,31,GCCRTTACCYCACCAACTAGC | GCCGTTACCCCACCAACTAVC | GCCKTTACCCCACCAACWAGC | GCCATTACCCCACCAACWARC | GCCGTTACCCCRCCAACTAKC | GCYSTTACCCCACCAACTAGC | GCCGTTACCYYACCAACTAGC | GCYTTTACCCCACCAACTARC
247,21,8,3,1,0.5302847208244564,0.5302847208244564,0.5824283537163927,8,GCCRTTACCYCACCAACWAGC
247,21,8,3,2,0.6447064562730047,0.6447064562730047,0.6787979820717772,14,GCCRTTACCYCACCAACWAGC | GCCGTTACCCYACCAACTAVC
247,21,8,3,3,0.7461358964772429,0.7495278188173117,0.7461358964772429,22,GCCRTTACCYCACCAACWAGC | GCCGTTACCCYACCAACTAVC | GCYTTTACCYCACCAACTARC
247,21,8,3,4,0.7780255364564859,0.7783764536999761,0.7780255364564859,28,GCCRTTACCYCACCAACWAGC | GCCGTTACCCYACCAACTAVC | GCYTTTACCYCACCAACTARC | GCCGTTACCCCRCCAACTABC
247,21,8,3,5,0.7960436449519156,0.8006585857927807,0.7960436449519156,34,GCCRTTACCYCACCAACWAGC | GCCGTTACCCYACCAACTAVC | GCYTTTACCYCACCAACTARC | GCCGTTACCCCRCCAACTABC | GCCATTACCCYACCAACTAVC
247,21,8,3,6,0.814614350093986,0.814614350093986,0.8165558161067482,42,GCCRTTACCYCACCAACWAGC | GCCGTTACCCYACCAACTAVC | GCYTTTACCYCACCAACTARC | GCCGTTACCCCRCCAACTABC | GCCATTACCCYACCAACTAVC | GCCGTTACCYCWCCAACTRGC
247,21,8,3,7,0.8178584693299,0.8178584693299,0.8211445272420201,48,GCCRTTACCYCACCAACWAGC | GCCGTTACCCYACCAACTAVC | GCYTTTACCYCACCAACTARC | GCCGTTACCCCRCCAACTABC | GCCATTACCCYACCAACTAVC | GCCGTTACCYCWCCAACTRGC | GCCGTTACCCCACCAACWAGH
247,21,8,3,8,0.8206961932380973,0.8206961932380973,0.8306249658503205,56,GCCRTTACCYCACCAACWAGC | GCCGTTACCCYACCAACTAVC | GCYTTTACCYCACCAACTARC | GCCGTTACCCCRCCAACTABC | GCCATTACCCYACCAACTAVC | GCCGTTACCYCWCCAACTRGC | GCCGTTACCCCACCAACWAGH | GCCATTACCCCACCAACWAKY
247,21,16,4,1,0.6023909271330795,0.6023909271330795,0.6432706096098202,16,GCCRTTACCYCACCAACWARC
247,21,16,4,2,0.7466524857158584,0.7672662015596482,0.7466524857158584,32,GCCRTTACCYCACCAACWARC | GCYKTTACCCYACCAACTASC
247,21,16,4,3,0.7874112531080205,0.8038985080050116,0.7874112531080205,44,GCCRTTACCYCACCAACWARC | GCYKTTACCCYACCAACTASC | GCCGTTACCCCRCCAACTRBC
247,21,16,4,4,0.8052542240687393,0.8122101852174449,0.8052542240687393,56,GCCRTTACCYCACCAACWARC | GCYKTTACCCYACCAACTASC | GCCGTTACCCCRCCAACTRBC | GCCATTACCCYACCAACTABY
247,21,16,4,5,0.8412756483269758,0.8494278412071309,0.8412756483269758,72,GCCRTTACCYCACCAACWARC | GCYKTTACCCYACCAACTASC | GCCGTTACCCCRCCAACTRBC | GCCATTACCCYACCAACTABY | GCYKTTACCYCWCCAACTAGC
247,21,16,4,6,0.8511450573938862,0.8662454218738356,0.8511450573938862,88,GCCRTTACCYCACCAACWARC | GCYKTTACCCYACCAACTASC | GCCGTTACCCCRCCAACTRBC | GCCATTACCCYACCAACTABY | GCYKTTACCYCWCCAACTAGC | GCYMTTACCCCRCCAACYAGC
248,17,4,2,1,0.4785557555795578,0.4785557555795578,0.5461647388180101,4,GTTACCYCACCAACWAG
248,17,4,2,2,0.5962304474279861,0.5962304474279861,0.6601085011515847,8,GTTACCYCACCAACWAG | ATTACCYCACCAACTAR
248,17,4,2,3,0.6803619436936045,0.6803619436936045,0.7185046339833604,12,GTTACCYCACCAACWAG | ATTACCYCACCAACTAR | KTTACCCCACCAACTAS
248,17,4,2,4,0.7093495095330474,0.7093495095330474,0.7479296968468555,16,GTTACCYCACCAACWAG | ATTACCYCACCAACTAR | KTTACCCCACCAACTAS | GTTACCCCACCAACYAK
248,17,4,2,5,0.7482329176482864,0.7482329176482864,0.7847552200765305,20,GTTACCYCACCAACWAG | ATTACCYCACCAACTAR | KTTACCCCACCAACTAS | GTTACCCCACCAACYAK | ATTACCCCACCAACWAS
248,17,4,2,6,0.7705807313207763,0.7705807313207763,0.8041637201153696,24,GTTACCYCACCAACWAG | ATTACCYCACCAACTAR | KTTACCCCACCAACTAS | GTTACCCCACCAACYAK | ATTACCCCACCAACWAS | GTTACCCCRCCAACTAR
248,17,4,2,7,0.7980519755985315,0.7980519755985315,0.8241774244499832,28,GTTACCYCACCAACWAG | ATTACCYCACCAACTAR | KTTACCCCACCAACTAS | GTTACCCCACCAACYAK | ATTACCCCACCAACWAS | GTTACCCCRCCAACTAR | GTTACCYYACCAACTAG
248,17,4,2,8,0.8155367846484323,0.8155367846484323,0.8324350858931585,32,GTTACCYCACCAACWAG | ATTACCYCACCAACTAR | KTTACCCCACCAACTAS | GTTACCCCACCAACYAK | ATTACCCCACCAACWAS | GTTACCCCRCCAACTAR | GTTACCYYACCAACTAG | GTTACCMCACCAACTRG
248,17,8,3,1,0.579610731701717,0.579610731701717,0.6470587057308018,8,RTTACCYCACCAACWAG
248,17,8,3,2,0.711121978143861,0.711121978143861,0.7533858322122056,14,RTTACCYCACCAACWAG | GTTACCCYACCAACTAV
248,17,8,3,3,0.7625700292374508,0.7625700292374508,0.8023643935942509,22,RTTACCYCACCAACWAG | GTTACCCYACCAACTAV | KTTACCYCACCAACYAG
248,17,8,3,4,0.7932405979356106,0.7932405979356106,0.8328689013254597,28,RTTACCYCACCAACWAG | GTTACCCYACCAACTAV | KTTACCYCACCAACYAG | GTTACCCCRCCAACTAB
248,17,8,3,5,0.819293967835154,0.819293967835154,0.8459352751795594,36,RTTACCYCACCAACWAG | GTTACCCYACCAACTAV | KTTACCYCACCAACYAG | GTTACCCCRCCAACTAB | ATTACCYCACCAACWAR
248,17,8,3,6,0.8397104921367169,0.8397104921367169,0.8589464434732014,44,RTTACCYCACCAACWAG | GTTACCCYACCAACTAV | KTTACCYCACCAACYAG | GTTACCCCRCCAACTAB | ATTACCYCACCAACWAR | GTTACCMCACCAACTRS
248,17,8,3,7,0.8480529479440163,0.8480529479440163,0.8699628224386252,50,RTTACCYCACCAACWAG | GTTACCCYACCAACTAV | KTTACCYCACCAACYAG | GTTACCCCRCCAACTAB | ATTACCYCACCAACWAR | GTTACCMCACCAACTRS | ATTACCCCACCAACWAB
248,17,8,3,8,0.8840090468307049,0.8840090468307049,0.8897354173360555,58,RTTACCYCACCAACWAG | GTTACCCYACCAACTAV | KTTACCYCACCAACYAG | GTTACCCCRCCAACTAB | ATTACCYCACCAACWAR | GTTACCMCACCAACTRS | ATTACCCCACCAACWAB | KTTACCYTACCAACTAR
248,17,16,4,1,0.6574240244118756,0.6574240244118756,0.7156049168360984,16,RTTACCYCACCAACWAR
248,17,16,4,2,0.7955028137687093,0.7955028137687093,0.8166776304410517,32,RTTACCYCACCAACWAR | KTTACCCYACCAACYAS
248,17,16,4,3,0.8385852610552704,0.8385852610552704,0.8585923677211249,44,RTTACCYCACCAACWAR | KTTACCCYACCAACYAS | GTTACCCCRCCAACWAB
248,17,16,4,4,0.8777608798960387,0.8777608798960387,0.8860092248356534,60,RTTACCYCACCAACWAR | KTTACCCYACCAACYAS | GTTACCCCRCCAACWAB | MTTACCCYRCCAACTAR
248,17,16,4,5,0.8889772970093341,0.8889772970093341,0.9005146549813556,72,RTTACCYCACCAACWAR | KTTACCCYACCAACYAS | GTTACCCCRCCAACWAB | MTTACCCYRCCAACTAR | ATTACCCCRCCAACTRB
248,17,16,4,6,0.9109291752792723,0.9109291752792723,0.9169858892458825,84,RTTACCYCACCAACWAR | KTTACCCYACCAACYAS | GTTACCCCRCCAACWAB | MTTACCCYRCCAACTAR | ATTACCCCRCCAACTRB | TTTACCYCACCAACDAR
248,17,16,4,7,0.917256631024474,0.917256631024474,0.9204850765662651,100,RTTACCYCACCAACWAR | KTTACCCYACCAACYAS | GTTACCCCRCCAACWAB | MTTACCCYRCCAACTAR | ATTACCCCRCCAACTRB | TTTACCYCACCAACDAR | AWTAYCYTACCATCWAG
248,17,16,4,8,0.9299712472581643,0.9299712472581643,0.9299906751257131,116,RTTACCYCACCAACWAR | KTTACCCYACCAACYAS | GTTACCCCRCCAACWAB | MTTACCCYRCCAACTAR | ATTACCCCRCCAACTRB | TTTACCYCACCAACDAR | AWTAYCYTACCATCWAG | GTTACCYYWCCAACTAK
247,23,4,2,1,0.2671539571115696,0.2671539571115696,0.2934352998519048,4,GRGCCGTTACCYCACCAACTAGC
247,23,4,2,2,0.42197687504700826,0.42197687504700826,0.4418604492877896,8,GRGCCGTTACCYCACCAACTAGC | AGGCCATTACCCYACCAACWAGC
247,23,4,2,3,0.46842066052788445,0.46842066052788445,0.5026236236356217,12,GRGCCGTTACCYCACCAACTAGC | AGGCCATTACCCYACCAACWAGC | GGGCCGTTACCCCRCCAACTASC
247,23,4,2,4,0.5142617668735902,0.5142617668735902,0.5413800744144531,16,GRGCCGTTACCYCACCAACTAGC | AGGCCATTACCCYACCAACWAGC | GGGCCGTTACCCCRCCAACTASC | AGGCCGTTACCCYACCAACTARC
247,23,4,2,5,0.5808812405020828,0.5808812405020828,0.6006528439329905,20,GRGCCGTTACCYCACCAACTAGC | AGGCCATTACCCYACCAACWAGC | GGGCCGTTACCCCRCCAACTASC | AGGCCGTTACCCYACCAACTARC | RAGCCGTTACCTCACCAACWAGC
247,23,4,2,6,0.58997412886151,0.58997412886151,0.6119886318934367,23,GRGCCGTTACCYCACCAACTAGC | AGGCCATTACCCYACCAACWAGC | GGGCCGTTACCCCRCCAACTASC | AGGCCGTTACCCYACCAACTARC | RAGCCGTTACCTCACCAACWAGC | GGGCCGTTACCCCACCAACTADC
247,23,4,2,7,0.5941050263847748,0.5941050263847748,0.6183836885387385,27,GRGCCGTTACCYCACCAACTAGC | AGGCCATTACCCYACCAACWAGC | GGGCCGTTACCCCRCCAACTASC | AGGCCGTTACCCYACCAACTARC | RAGCCGTTACCTCACCAACWAGC | GGGCCGTTACCCCACCAACTADC | GGGCCGTTACCCCACCAACTRSC
247,23,4,2,8,0.6287692244517221,0.6287692244517221,0.6430260246231475,31,GRGCCGTTACCYCACCAACTAGC | AGGCCATTACCCYACCAACWAGC | GGGCCGTTACCCCRCCAACTASC | AGGCCGTTACCCYACCAACTARC | RAGCCGTTACCTCACCAACWAGC | GGGCCGTTACCCCACCAACTADC | GGGCCGTTACCCCACCAACTRSC | AGGCYWTTACCCCACCAACTAGC
247,23,8,3,1,0.3486104528248331,0.3486104528248331,0.37835326494791804,8,RRGCCGTTACCYCACCAACTAGC
247,23,8,3,2,0.48481429101084555,0.48481429101084555,0.4997012392863695,16,RRGCCGTTACCYCACCAACTAGC | AGGCCATTACCCYACCAACWARC
247,23,8,3,3,0.5438295972955349,0.5438295972955349,0.5697211091063853,24,RRGCCGTTACCYCACCAACTAGC | AGGCCATTACCCYACCAACWARC | GGGCCGTTACCCCRCCAACWASC
247,23,8,3,4,0.6076892561317676,0.6076892561317676,0.6460979549857325,32,RRGCCGTTACCYCACCAACTAGC | AGGCCATTACCCYACCAACWARC | GGGCCGTTACCCCRCCAACWASC | GAGCYGTTACCTCACCAACWARC
247,23,8,3,5,0.6722465452516487,0.6722465452516487,0.6808026897046252,40,RRGCCGTTACCYCACCAACTAGC | AGGCCATTACCCYACCAACWARC | GGGCCGTTACCCCRCCAACWASC | GAGCYGTTACCTCACCAACWARC | AGGCYGTTACCCYACCAACTASC
247,23,8,3,6,0.6817940900250105,0.6817940900250105,0.6869735548252011,46,RRGCCGTTACCYCACCAACTAGC | AGGCCATTACCCYACCAACWARC | GGGCCGTTACCCCRCCAACWASC | GAGCYGTTACCTCACCAACWARC | AGGCYGTTACCCYACCAACTASC | AGGCCWTTACCCCACCAACTADC
247,23,16,4,1,0.4461516983994396,0.4461516983994396,0.4868689156265054,16,RRGCCRTTACCYCACCAACTAGC
247,23,16,4,2,0.5788203813453965,0.5819599023692729,0.5788203813453965,32,RRGCCRTTACCYCACCAACTAGC | AGGCYKTTACCCYACCAACTARC
247,23,16,4,3,0.6495134608735552,0.6495134608735552,0.6496353043058848,48,RRGCCRTTACCYCACCAACTAGC | AGGCYKTTACCCYACCAACTARC | GGGCCGTTACCYCRCCAACWASC
247,23,16,4,4,0.6878967232479324,0.6878967232479324,0.6903441990851964,60,RRGCCRTTACCYCACCAACTAGC | AGGCYKTTACCCYACCAACTARC | GGGCCGTTACCYCRCCAACWASC | GRGCCGTTACCYCACCAACTADC
247,23,16,4,5,0.7292798198342951,0.7292798198342951,0.7296334269502097,72,RRGCCRTTACCYCACCAACTAGC | AGGCYKTTACCCYACCAACTARC | GGGCCGTTACCYCRCCAACWASC | GRGCCGTTACCYCACCAACTADC | AGGCCATTACCCYACCAACWAVC
247,23,16,4,6,0.7404065828284975,0.7423117719394613,0.7404065828284975,88,RRGCCRTTACCYCACCAACTAGC | AGGCYKTTACCCYACCAACTARC | GGGCCGTTACCYCRCCAACWASC | GRGCCGTTACCYCACCAACTADC | AGGCCATTACCCYACCAACWAVC | GWGCCGTTACCMMACCAACTASC
247,23,16,4,7,0.7821403784348743,0.7821403784348743,0.7840356923708458,104,RRGCCRTTACCYCACCAACTAGC | AGGCYKTTACCCYACCAACTARC | GGGCCGTTACCYCRCCAACWASC | GRGCCGTTACCYCACCAACTADC | AGGCCATTACCCYACCAACWAVC | GWGCCGTTACCMMACCAACTASC | GRGCYKTTACCTCACCAACTAGY
247,23,16,4,8,0.7848281897946645,0.7848281897946645,0.787227734120388,108,RRGCCRTTACCYCACCAACTAGC | AGGCYKTTACCCYACCAACTARC | GGGCCGTTACCYCRCCAACWASC | GRGCCGTTACCYCACCAACTADC | AGGCCATTACCCYACCAACWAVC | GWGCCGTTACCMMACCAACTASC | GRGCYKTTACCTCACCAACTAGY | AGGCCATTACCCCACCAACTRKC
248,19,4,2,1,0.43467380449290416,0.43467380449290416,0.4943359078606198,4,CCGTTACCYCACCAACWAG
248,19,4,2,2,0.5422489055975138,0.5422489055975138,0.5960005921161363,8,CCGTTACCYCACCAACWAG | CCATTACCYCACCAACTAR
248,19,4,2,3,0.6114114103988132,0.6114114103988132,0.6472202604960481,12,CCGTTACCYCACCAACWAG | CCATTACCYCACCAACTAR | CCKTTACCCCACCAACTAS
248,19,4,2,4,0.640228931231486,0.640228931231486,0.6744783655881242,16,CCGTTACCYCACCAACWAG | CCATTACCYCACCAACTAR | CCKTTACCCCACCAACTAS | CCGTTACCCCACCAACYAK
248,19,4,2,5,0.6859066222547009,0.6859066222547009,0.7169818222678167,20,CCGTTACCYCACCAACWAG | CCATTACCYCACCAACTAR | CCKTTACCCCACCAACTAS | CCGTTACCCCACCAACYAK | CYATTACCCCACCAACWAG
248,19,4,2,6,0.7029078199750053,0.7029078199750053,0.7346211262950391,24,CCGTTACCYCACCAACWAG | CCATTACCYCACCAACTAR | CCKTTACCCCACCAACTAS | CCGTTACCCCACCAACYAK | CYATTACCCCACCAACWAG | CCGTTACCCCRCCAACTAR
248,19,4,2,7,0.7585040732664483,0.7585040732664483,0.7599276948358954,28,CCGTTACCYCACCAACWAG | CCATTACCYCACCAACTAR | CCKTTACCCCACCAACTAS | CCGTTACCCCACCAACYAK | CYATTACCCCACCAACWAG | CCGTTACCCCRCCAACTAR | CYTTTACCCYACCAACTAG
248,19,4,2,8,0.7676810553444046,0.7724280684001911,0.7676810553444046,32,CCGTTACCYCACCAACWAG | CCATTACCYCACCAACTAR | CCKTTACCCCACCAACTAS | CCGTTACCCCACCAACYAK | CYATTACCCCACCAACWAG | CCGTTACCCCRCCAACTAR | CYTTTACCCYACCAACTAG | CCGTTACCMCACCAACTRG
248,19,8,3,1,0.5308006750769302,0.5308006750769302,0.5884890436081706,8,CCRTTACCYCACCAACWAG
248,19,8,3,2,0.6502790686118888,0.6502790686118888,0.681198990570275,14,CCRTTACCYCACCAACWAG | CCKTTACCCCACCAACTAV
248,19,8,3,3,0.6926894510317734,0.6926894510317734,0.72352970043997,22,CCRTTACCYCACCAACWAG | CCKTTACCCCACCAACTAV | CCGTTACCCCRCCAACYAK
248,19,8,3,4,0.7512428545220434,0.7512428545220434,0.7608896033685406,30,CCRTTACCYCACCAACWAG | CCKTTACCCCACCAACTAV | CCGTTACCCCRCCAACYAK | CYMTTACCCCACCAACTAR
248,19,8,3,5,0.781288805922444,0.781288805922444,0.7834063423658607,38,CCRTTACCYCACCAACWAG | CCKTTACCCCACCAACTAV | CCGTTACCCCRCCAACYAK | CYMTTACCCCACCAACTAR | CCKTTACCCYACCAACTRG
248,19,8,3,6,0.7928386378417952,0.7928386378417952,0.8015656714312306,46,CCRTTACCYCACCAACWAG | CCKTTACCCCACCAACTAV | CCGTTACCCCRCCAACYAK | CYMTTACCCCACCAACTAR | CCKTTACCCYACCAACTRG | CCGTTACCYCWCCAACKAG
248,19,8,3,7,0.8025873684078233,0.8025873684078233,0.8141577775930094,52,CCRTTACCYCACCAACWAG | CCKTTACCCCACCAACTAV | CCGTTACCCCRCCAACYAK | CYMTTACCCCACCAACTAR | CCKTTACCCYACCAACTRG | CCGTTACCYCWCCAACKAG | CCATTACCCCACCAACWAB
248,19,8,3,8,0.8327360363328534,0.8327360363328534,0.8390597116256414,60,CCRTTACCYCACCAACWAG | CCKTTACCCCACCAACTAV | CCGTTACCCCRCCAACYAK | CYMTTACCCCACCAACTAR | CCKTTACCCYACCAACTRG | CCGTTACCYCWCCAACKAG | CCATTACCCCACCAACWAB | CYTTTACCYCACCAACWAG
248,19,16,4,1,0.602906881385553,0.602906881385553,0.6510846164868844,16,CCRTTACCYCACCAACWAR
248,19,16,4,2,0.7422878017161468,0.7422878017161468,0.7637573655490381,32,CCRTTACCYCACCAACWAR | CYKTTACCYCACCAACTAS
248,19,16,4,3,0.7901727367586844,0.7901727367586844,0.8159956766972787,48,CCRTTACCYCACCAACWAR | CYKTTACCYCACCAACTAS | CCGTTACCYCRCCAACYAK
248,19,16,4,4,0.8275501848682524,0.8275501848682524,0.836330440235307,64,CCRTTACCYCACCAACWAR | CYKTTACCYCACCAACTAS | CCGTTACCYCRCCAACYAK | CYMTTACCCYACCAACTAS
248,19,16,4,5,0.8532741999622018,0.8534848275237726,0.8532741999622018,80,CCRTTACCYCACCAACWAR | CYKTTACCYCACCAACTAS | CCGTTACCYCRCCAACYAK | CYMTTACCCYACCAACTAS | CCGTTACCMCACCAACWRS
248,19,16,4,6,0.8772079396472359,0.9009625664319995,0.8772079396472359,96,CCRTTACCYCACCAACWAR | CYKTTACCYCACCAACTAS | CCGTTACCYCRCCAACYAK | CYMTTACCCYACCAACTAS | CCGTTACCMCACCAACWRS | CYTTTACCCYRCCAACTAR
248,19,16,4,7,0.8834722575395539,0.9074455532131833,0.8834722575395539,104,CCRTTACCYCACCAACWAR | CYKTTACCYCACCAACTAS | CCGTTACCYCRCCAACYAK | CYMTTACCCYACCAACTAS | CCGTTACCMCACCAACWRS | CYTTTACCCYRCCAACTAR | CCWTTACCCCACCAACNAG
248,19,16,4,8,0.8897312508092967,0.9125437317152375,0.8897312508092967,120,CCRTTACCYCACCAACWAR | CYKTTACCYCACCAACTAS | CCGTTACCYCRCCAACYAK | CYMTTACCCYACCAACTAS | CCGTTACCMCACCAACWRS | CYTTTACCCYRCCAACTAR | CCWTTACCCCACCAACNAG | CCRTTACMCCACCWACTAS
248,21,4,2,1,0.28306383673593577,0.28306383673593577,0.323336817705037,4,RGCCGTTACCCCACCAACWAG
248,21,4,2,2,0.417886307943401,0.417886307943401,0.454595751935804,8,RGCCGTTACCCCACCAACWAG | RGCCATTACCTYACCAACTAG
248,21,4,2,3,0.46443643804648055,0.46443643804648055,0.5006272512868034,12,RGCCGTTACCCCACCAACWAG | RGCCATTACCTYACCAACTAG | GGCCGTTACCCCRCCAACTAS
248,21,4,2,4,0.5102279167108672,0.5102279167108672,0.538660187280733,16,RGCCGTTACCCCACCAACWAG | RGCCATTACCTYACCAACTAG | GGCCGTTACCCCRCCAACTAS | GGCCGTTACCCYACCAACTAR
248,21,4,2,5,0.5381555750394252,0.5381555750394252,0.5660007174499586,20,RGCCGTTACCCCACCAACWAG | RGCCATTACCTYACCAACTAG | GGCCGTTACCCCRCCAACTAS | GGCCGTTACCCYACCAACTAR | GGCYGTTACCCCACCAACYAG
248,21,4,2,6,0.6285984551124184,0.6285984551124184,0.6648668487649023,24,RGCCGTTACCCCACCAACWAG | RGCCATTACCTYACCAACTAG | GGCCGTTACCCCRCCAACTAS | GGCCGTTACCCYACCAACTAR | GGCYGTTACCCCACCAACYAG | AGCCGTTACCTCACCAACWAR
248,21,4,2,7,0.6700876801455043,0.6700876801455043,0.695797330685504,28,RGCCGTTACCCCACCAACWAG | RGCCATTACCTYACCAACTAG | GGCCGTTACCCCRCCAACTAS | GGCCGTTACCCYACCAACTAR | GGCYGTTACCCCACCAACYAG | AGCCGTTACCTCACCAACWAR | GGCCATTACCCCACCAACWAR
248,21,4,2,8,0.6830204774330927,0.6830204774330927,0.709518363479277,32,RGCCGTTACCCCACCAACWAG | RGCCATTACCTYACCAACTAG | GGCCGTTACCCCRCCAACTAS | GGCCGTTACCCYACCAACTAR | GGCYGTTACCCCACCAACYAG | AGCCGTTACCTCACCAACWAR | GGCCATTACCCCACCAACWAR | GGCCGTTACCYCACCAACTAK
248,21,8,3,1,0.4309043213565442,0.4309043213565442,0.48688760914378365,8,RGCCGTTACCYCACCAACWAG
248,21,8,3,2,0.5639352128184442,0.5639352128184442,0.5853182420006492,16,RGCCGTTACCYCACCAACWAG | GGCCWTTACCCCACCAACWAR
248,21,8,3,3,0.6175633245071395,0.6175633245071395,0.6357872811474748,24,RGCCGTTACCYCACCAACWAG | GGCCWTTACCCCACCAACWAR | GGCCGTTACCCCRCCAACYAS
248,21,8,3,4,0.6483197140052644,0.6483197140052644,0.6692111130092661,32,RGCCGTTACCYCACCAACWAG | GGCCWTTACCCCACCAACWAR | GGCCGTTACCCCRCCAACYAS | GGCCSTTACCYCACCAACTAR
248,21,8,3,5,0.6795784329780138,0.6795784329780138,0.7056645329325509,40,RGCCGTTACCYCACCAACWAG | GGCCWTTACCCCACCAACWAR | GGCCGTTACCCCRCCAACYAS | GGCCSTTACCYCACCAACTAR | RGCCATTACCYYACCAACTAG
248,21,8,3,6,0.702718462728298,0.702718462728298,0.7247510330395496,46,RGCCGTTACCYCACCAACWAG | GGCCWTTACCCCACCAACWAR | GGCCGTTACCCCRCCAACYAS | GGCCSTTACCYCACCAACTAR | RGCCATTACCYYACCAACTAG | GGCCGTTACCYCACCAACTAB
248,21,8,3,7,0.7146420338407911,0.7146420338407911,0.7351421010639453,54,RGCCGTTACCYCACCAACWAG | GGCCWTTACCCCACCAACWAR | GGCCGTTACCCCRCCAACYAS | GGCCSTTACCYCACCAACTAR | RGCCATTACCYYACCAACTAG | GGCCGTTACCYCACCAACTAB | GGCCGTTACCCCACCAACWRS
248,21,8,3,8,0.7352694479297658,0.7352694479297658,0.7461536760685719,62,RGCCGTTACCYCACCAACWAG | GGCCWTTACCCCACCAACWAR | GGCCGTTACCCCRCCAACYAS | GGCCSTTACCYCACCAACTAR | RGCCATTACCYYACCAACTAG | GGCCGTTACCYCACCAACTAB | GGCCGTTACCCCACCAACWRS | GGCCKTTACCCYACCAACKAG
248,21,16,4,1,0.52558815137225,0.52558815137225,0.5757682658650708,16,RGCCRTTACCYCACCAACWAG
248,21,16,4,2,0.6459361657937981,0.6459361657937981,0.6622449590762817,28,RGCCRTTACCYCACCAACWAG | GGCCKTTACCCYACCAACTAV
248,21,16,4,3,0.693735626932192,0.693735626932192,0.7018809173414299,44,RGCCRTTACCYCACCAACWAG | GGCCKTTACCCYACCAACTAV | GGCYSTTACCYCACCAACYAG
248,21,16,4,4,0.7256563873941011,0.7256563873941011,0.7327264494382119,56,RGCCRTTACCYCACCAACWAG | GGCCKTTACCCYACCAACTAV | GGCYSTTACCYCACCAACYAG | GGCCGTTACCYCRCCAACTAB
248,21,16,4,5,0.7428687631676641,0.7428687631676641,0.7510562599395333,72,RGCCRTTACCYCACCAACWAG | GGCCKTTACCCYACCAACTAV | GGCYSTTACCYCACCAACYAG | GGCCGTTACCYCRCCAACTAB | GGCCGTTACCCCRCCAACWRS
248,21,16,4,6,0.7601713634881456,0.7635315359072403,0.7601713634881456,88,RGCCRTTACCYCACCAACWAG | GGCCKTTACCCYACCAACTAV | GGCYSTTACCYCACCAACYAG | GGCCGTTACCYCRCCAACTAB | GGCCGTTACCCCRCCAACWRS | KGCCGTTACCMCACCAACKAR
248,21,16,4,7,0.7780256002748948,0.7899324544479653,0.7780256002748948,104,RGCCRTTACCYCACCAACWAG | GGCCKTTACCCYACCAACTAV | GGCYSTTACCYCACCAACYAG | GGCCGTTACCYCRCCAACTAB | GGCCGTTACCCCRCCAACWRS | KGCCGTTACCMCACCAACKAR | GGCCATTACCYYACCAACWAR
248,21,16,4,8,0.8314954221888201,0.8348040462593996,0.8314954221888201,120,RGCCRTTACCYCACCAACWAG | GGCCKTTACCCYACCAACTAV | GGCYSTTACCYCACCAACYAG | GGCCGTTACCYCRCCAACTAB | GGCCGTTACCCCRCCAACWRS | KGCCGTTACCMCACCAACKAR | GGCCATTACCYYACCAACWAR | RGCYKTTACCTCACCAACTAR
249,17,4,2,1,0.5486733788908403,0.5486733788908403,0.6048660157911132,4,CGTTACCYCACCAACWA
249,17,4,2,2,0.681955481641242,0.681955481641242,0.718268202490845,8,CGTTACCYCACCAACWA | CATTACCCYACCAACWA
249,17,4,2,3,0.7831479173233071,0.7850949950568663,0.7831479173233071,12,CGTTACCYCACCAACWA | CATTACCCYACCAACWA | YTTTACCYCACCAACTA
249,17,4,2,4,0.8201663221962353,0.823113020136094,0.8201663221962353,16,CGTTACCYCACCAACWA | CATTACCCYACCAACWA | YTTTACCYCACCAACTA | CGTTACCCCRCCAACYA
249,17,4,2,5,0.8343792514823901,0.8367693579819283,0.8343792514823901,20,CGTTACCYCACCAACWA | CATTACCCYACCAACWA | YTTTACCYCACCAACTA | CGTTACCCCRCCAACYA | CGTTACCCYACCAACTR
249,17,4,2,6,0.845381314299139,0.845381314299139,0.852531157346958,24,CGTTACCYCACCAACWA | CATTACCCYACCAACWA | YTTTACCYCACCAACTA | CGTTACCCCRCCAACYA | CGTTACCCYACCAACTR | YATTACCYCACCAACTA
249,17,4,2,7,0.8560246372561783,0.8560246372561783,0.8585271020785684,28,CGTTACCYCACCAACWA | CATTACCCYACCAACWA | YTTTACCYCACCAACTA | CGTTACCCCRCCAACYA | CGTTACCCYACCAACTR | YATTACCYCACCAACTA | CGTTACCMCACCAACKA
249,17,4,2,8,0.8676061099746967,0.8846273202297014,0.8676061099746967,32,CGTTACCYCACCAACWA | CATTACCCYACCAACWA | YTTTACCYCACCAACTA | CGTTACCCCRCCAACYA | CGTTACCCYACCAACTR | YATTACCYCACCAACTA | CGTTACCMCACCAACKA | YTTTACCCCRCCAACTA
249,17,8,3,1,0.6686960131370717,0.6686960131370717,0.716349750889445,8,CRTTACCYCACCAACWA
249,17,8,3,2,0.8083784064963752,0.8326624852126331,0.8083784064963752,16,CRTTACCYCACCAACWA | YTTTACCYYACCAACTA
249,17,8,3,3,0.8565610333440873,0.8807167628351742,0.8565610333440873,24,CRTTACCYCACCAACWA | YTTTACCYYACCAACTA | CGTTACCCCRCCAACYR
249,17,8,3,4,0.8682676692930192,0.8931031132799109,0.8682676692930192,32,CRTTACCYCACCAACWA | YTTTACCYYACCAACTA | CGTTACCCCRCCAACYR | CGTTACCMYACCAACKA
249,17,8,3,5,0.8822637949453361,0.9118109596143373,0.8822637949453361,40,CRTTACCYCACCAACWA | YTTTACCYYACCAACTA | CGTTACCCCRCCAACYR | CGTTACCMYACCAACKA | YMTTACCCCRCCAACTA
249,17,8,3,6,0.8882568114600408,0.915413772487485,0.8882568114600408,48,CRTTACCYCACCAACWA | YTTTACCYYACCAACTA | CGTTACCCCRCCAACYR | CGTTACCMYACCAACKA | YMTTACCCCRCCAACTA | CATTACCYYACCAACYA
249,17,16,4,1,0.7266370718681022,0.7266370718681022,0.7796074001899704,16,YRTTACCYCACCAACWA
249,17,16,4,2,0.8578497124604779,0.8578497124604779,0.8680323068152737,32,YRTTACCYCACCAACWA | CKTTACCCYRCCAACYA
249,17,16,4,3,0.8843575477898993,0.8856819446879977,0.8843575477898993,48,YRTTACCYCACCAACWA | CKTTACCCYRCCAACYA | CSTTACCMCACCAACKR
249,17,16,4,4,0.9160436044522782,0.9248101001020035,0.9160436044522782,64,YRTTACCYCACCAACWA | CKTTACCCYRCCAACYA | CSTTACCMCACCAACKR | YYTTACCYYACCAACTA
249,17,16,4,5,0.9161204329710243,0.925421207711954,0.9161204329710243,76,YRTTACCYCACCAACWA | CKTTACCCYRCCAACYA | CSTTACCMCACCAACKR | YYTTACCYYACCAACTA | CAHTAYCCTACCATCMA
249,17,16,4,6,0.9220894264130816,0.9286144455063369,0.9220894264130816,88,YRTTACCYCACCAACWA | CKTTACCCYRCCAACYA | CSTTACCMCACCAACKR | YYTTACCYYACCAACTA | CAHTAYCCTACCATCMA | CRTTACMCCVCCAACTA
249,19,4,2,1,0.5471013167757353,0.5471013167757353,0.6011554728875849,4,GCCGTTACCYCACCAACWA
249,19,4,2,2,0.6786610751606842,0.6786610751606842,0.7127881695681983,8,GCCGTTACCYCACCAACWA | GCCATTACCCYACCAACWA
249,19,4,2,3,0.7773879143656401,0.781927505982022,0.7773879143656401,12,GCCGTTACCYCACCAACWA | GCCATTACCCYACCAACWA | GCYTTTACCYCACCAACTA
249,19,4,2,4,0.8135304512067686,0.8176436967497561,0.8135304512067686,16,GCCGTTACCYCACCAACWA | GCCATTACCCYACCAACWA | GCYTTTACCYCACCAACTA | GCCGTTACCCCRCCAACYA
249,19,4,2,5,0.8273666057799759,0.8312538665438821,0.8273666057799759,20,GCCGTTACCYCACCAACWA | GCCATTACCCYACCAACWA | GCYTTTACCYCACCAACTA | GCCGTTACCCCRCCAACYA | GCCGTTACCCYACCAACTR
249,19,4,2,6,0.8398658228610928,0.8398658228610928,0.8455443337104813,24,GCCGTTACCYCACCAACWA | GCCATTACCCYACCAACWA | GCYTTTACCYCACCAACTA | GCCGTTACCCCRCCAACYA | GCCGTTACCCYACCAACTR | GCYATTACCYCACCAACTA
249,19,4,2,7,0.8504061379895372,0.8504061379895372,0.8516088327615896,28,GCCGTTACCYCACCAACWA | GCCATTACCCYACCAACWA | GCYTTTACCYCACCAACTA | GCCGTTACCCCRCCAACYA | GCCGTTACCCYACCAACTR | GCYATTACCYCACCAACTA | GCCGTTACCMCACCAACKA
249,19,4,2,8,0.8590818726190773,0.8698734718691679,0.8590818726190773,32,GCCGTTACCYCACCAACWA | GCCATTACCCYACCAACWA | GCYTTTACCYCACCAACTA | GCCGTTACCCCRCCAACYA | GCCGTTACCCYACCAACTR | GCYATTACCYCACCAACTA | GCCGTTACCMCACCAACKA | GCYSTTACCCCACCAACTA
249,19,8,3,1,0.6659646800329767,0.6659646800329767,0.7086550004829569,8,GCCRTTACCYCACCAACWA
249,19,8,3,2,0.8003461545711766,0.8300580695142513,0.8003461545711766,16,GCCRTTACCYCACCAACWA | GCYTTTACCYYACCAACTA
249,19,8,3,3,0.8476202828773508,0.8757181767218826,0.8476202828773508,24,GCCRTTACCYCACCAACWA | GCYTTTACCYYACCAACTA | GCCGTTACCCCRCCAACYR
249,19,8,3,4,0.8590186590699272,0.8880015193380243,0.8590186590699272,32,GCCRTTACCYCACCAACWA | GCYTTTACCYYACCAACTA | GCCGTTACCCCRCCAACYR | GCCGTTACCMYACCAACKA
249,19,8,3,5,0.8691024565361686,0.8927704887143881,0.8691024565361686,40,GCCRTTACCYCACCAACWA | GCYTTTACCYYACCAACTA | GCCGTTACCCCRCCAACYR | GCCGTTACCMYACCAACKA | GCCATTACCCYACCAWCYA
249,19,8,3,6,0.8913230259780455,0.90944116664227,0.8913230259780455,48,GCCRTTACCYCACCAACWA | GCYTTTACCYYACCAACTA | GCCGTTACCCCRCCAACYR | GCCGTTACCMYACCAACKA | GCCATTACCCYACCAWCYA | GCYSTTACCYCACCAACTA
249,19,8,3,7,0.9023759741642041,0.917383896615468,0.9023759741642041,56,GCCRTTACCYCACCAACWA | GCYTTTACCYYACCAACTA | GCCGTTACCCCRCCAACYR | GCCGTTACCMYACCAACKA | GCCATTACCCYACCAWCYA | GCYSTTACCYCACCAACTA | GCYWTTACCYCACCAACAA
249,19,16,4,1,0.7239057387640071,0.7239057387640071,0.7719142636626035,16,GCYRTTACCYCACCAACWA
249,19,16,4,2,0.8529492558253083,0.8529492558253083,0.8586461013547942,32,GCYRTTACCYCACCAACWA | GCCKTTACCCYRCCAACYA
249,19,16,4,3,0.8730583496052784,0.8730583496052784,0.8764222819574359,48,GCYRTTACCYCACCAACWA | GCCKTTACCCYRCCAACYA | GCCGTTACCMCRCCAACKR
249,19,16,4,4,0.9091064468494935,0.9207504250985278,0.9091064468494935,64,GCYRTTACCYCACCAACWA | GCCKTTACCCYRCCAACYA | GCCGTTACCMCRCCAACKR | GCYYTTACCYYACCAACTA
249,19,16,4,5,0.9170486171342084,0.9297222270876425,0.9170486171342084,80,GCYRTTACCYCACCAACWA | GCCKTTACCCYRCCAACYA | GCCGTTACCMCRCCAACKR | GCYYTTACCYYACCAACTA | GCCATTACCYTACCRWCWA
249,19,16,4,6,0.9235023778964905,0.9377726674009236,0.9235023778964905,92,GCYRTTACCYCACCAACWA | GCCKTTACCCYRCCAACYA | GCCGTTACCMCRCCAACKR | GCYYTTACCYYACCAACTA | GCCATTACCYTACCRWCWA | GCCWTTACCYCACCAACVA
249,19,16,4,7,0.9297556764521566,0.9448245818143838,0.9297556764521566,108,GCYRTTACCYCACCAACWA | GCCKTTACCCYRCCAACYA | GCCGTTACCMCRCCAACKR | GCYYTTACCYYACCAACTA | GCCATTACCYTACCRWCWA | GCCWTTACCYCACCAACVA | GCCRYTACCCCRCCAACWA
249,19,16,4,8,0.9375563709626831,0.9475055172404887,0.9375563709626831,124,GCYRTTACCYCACCAACWA | GCCKTTACCCYRCCAACYA | GCCGTTACCMCRCCAACKR | GCYYTTACCYYACCAACTA | GCCATTACCYTACCRWCWA | GCCWTTACCYCACCAACVA | GCCRYTACCCCRCCAACWA | KCCATTACMCYRCCAACTA
248,23,4,2,1,0.2311637987001264,0.2311637987001264,0.2503425005218201,4,TGRGCCGTTACCYCACCAACTAG
248,23,4,2,2,0.3678460527711846,0.3678460527711846,0.39415178248344324,8,TGRGCCGTTACCYCACCAACTAG | TAGGCCRTTACCCCACCAACWAG
248,23,4,2,3,0.4095183006901227,0.4095183006901227,0.4517041557384253,12,TGRGCCGTTACCYCACCAACTAG | TAGGCCRTTACCCCACCAACWAG | TGGGCCGTTACCYCACCAACWAG
248,23,4,2,4,0.45880266540726883,0.45880266540726883,0.4885469884853156,16,TGRGCCGTTACCYCACCAACTAG | TAGGCCRTTACCCCACCAACWAG | TGGGCCGTTACCYCACCAACWAG | TAGGCCGTTACCCYACCAACTAR
248,23,4,2,5,0.4901781552435507,0.4901781552435507,0.524803956378332,20,TGRGCCGTTACCYCACCAACTAG | TAGGCCRTTACCCCACCAACWAG | TGGGCCGTTACCYCACCAACWAG | TAGGCCGTTACCCYACCAACTAR | TGGGCCGTTACCCCRCCAACTAS
248,23,4,2,6,0.5569152091812609,0.5569152091812609,0.5864486323163017,24,TGRGCCGTTACCYCACCAACTAG | TAGGCCRTTACCCCACCAACWAG | TGGGCCGTTACCYCACCAACWAG | TAGGCCGTTACCCYACCAACTAR | TGGGCCGTTACCCCRCCAACTAS | TRAGCCGTTACCTCACCAACWAG
248,23,4,2,7,0.564500603541037,0.564500603541037,0.6019297247454408,28,TGRGCCGTTACCYCACCAACTAG | TAGGCCRTTACCCCACCAACWAG | TGGGCCGTTACCYCACCAACWAG | TAGGCCGTTACCCYACCAACTAR | TGGGCCGTTACCCCRCCAACTAS | TRAGCCGTTACCTCACCAACWAG | TGGGCCGTTACCCCACCAACYAK
248,23,4,2,8,0.5929885698704594,0.5929885698704594,0.6218050398685598,32,TGRGCCGTTACCYCACCAACTAG | TAGGCCRTTACCCCACCAACWAG | TGGGCCGTTACCYCACCAACWAG | TAGGCCGTTACCCYACCAACTAR | TGGGCCGTTACCCCRCCAACTAS | TRAGCCGTTACCTCACCAACWAG | TGGGCCGTTACCCCACCAACYAK | TAGGCYGTTACCCCACCAACTAS
248,23,8,3,1,0.31618681251548164,0.31618681251548164,0.3626916576561738,8,TGRGCCGTTACCYCACCAACWAG
248,23,8,3,2,0.4953613236375684,0.4953613236375684,0.525859279244317,16,TGRGCCGTTACCYCACCAACWAG | TAGGCCATTACCCYACCAACWAR
248,23,8,3,3,0.5359760244653238,0.5359760244653238,0.5743476875068078,24,TGRGCCGTTACCYCACCAACWAG | TAGGCCATTACCCYACCAACWAR | TGGGCCGTTACCCCRCCAACYAS
248,23,8,3,4,0.6020233986101418,0.6020233986101418,0.6185012080056091,32,TGRGCCGTTACCYCACCAACWAG | TAGGCCATTACCCYACCAACWAR | TGGGCCGTTACCCCRCCAACYAS | TAGGCYGTTACCYYACCAACTAG
248,23,8,3,5,0.6323518759120411,0.6323518759120411,0.6514468822007963,38,TGRGCCGTTACCYCACCAACWAG | TAGGCCATTACCCYACCAACWAR | TGGGCCGTTACCCCRCCAACYAS | TAGGCYGTTACCYYACCAACTAG | TGAGCCGTTACCYCACCAACTAD
248,23,8,3,6,0.6607269029397494,0.6607269029397494,0.6653066188247226,46,TGRGCCGTTACCYCACCAACWAG | TAGGCCATTACCCYACCAACWAR | TGGGCCGTTACCCCRCCAACYAS | TAGGCYGTTACCYYACCAACTAG | TGAGCCGTTACCYCACCAACTAD | TAGGCCKTTACCCCACCAACYAS
248,23,8,3,7,0.6712368475082497,0.6712368475082497,0.6761668404867907,52,TGRGCCGTTACCYCACCAACWAG | TAGGCCATTACCCYACCAACWAR | TGGGCCGTTACCCCRCCAACYAS | TAGGCYGTTACCYYACCAACTAG | TGAGCCGTTACCYCACCAACTAD | TAGGCCKTTACCCCACCAACYAS | TGGGCCGTTACCCCACCAACTRD
248,23,8,3,8,0.683059555142596,0.683059555142596,0.6990064121166472,60,TGRGCCGTTACCYCACCAACWAG | TAGGCCATTACCCYACCAACWAR | TGGGCCGTTACCCCRCCAACYAS | TAGGCYGTTACCYYACCAACTAG | TGAGCCGTTACCYCACCAACTAD | TAGGCCKTTACCCCACCAACYAS | TGGGCCGTTACCCCACCAACTRD | TARGCCATTACCYCACCAACTAS
248,23,16,4,1,0.43112288614839817,0.43112288614839817,0.48162402421693296,16,TRRGCCGTTACCYCACCAACWAG
248,23,16,4,2,0.5768330670962853,0.5768330670962853,0.5859182538343382,32,TRRGCCGTTACCYCACCAACWAG | TAGGCYATTACCCYACCAACWAR
248,23,16,4,3,0.6406876687300129,0.6406876687300129,0.6476009789293373,48,TRRGCCGTTACCYCACCAACWAG | TAGGCYATTACCCYACCAACWAR | TRGGCCGTTACCCCRCCAACYAS
248,23,16,4,4,0.69025606773367,0.69025606773367,0.7090953757442381,56,TRRGCCGTTACCYCACCAACWAG | TAGGCYATTACCCYACCAACWAR | TRGGCCGTTACCCCRCCAACYAS | TGAGCYGTTACCTCACCAACTAN
248,23,16,4,5,0.7038325494304867,0.7038325494304867,0.7195881501701445,68,TRRGCCGTTACCYCACCAACWAG | TAGGCYATTACCCYACCAACWAR | TRGGCCGTTACCCCRCCAACYAS | TGAGCYGTTACCTCACCAACTAN | TAGGCYWTTACCCCACCAACTAB
250,17,4,2,1,0.5522319359516877,0.5522319359516877,0.6106012093438208,4,CCGTTACCYCACCAACW
250,17,4,2,2,0.6833911973343899,0.6833911973343899,0.7229715588021577,8,CCGTTACCYCACCAACW | CCATTACCCYACCAACW
250,17,4,2,3,0.7820467454417903,0.7820467454417903,0.7855389988923075,12,CCGTTACCYCACCAACW | CCATTACCCYACCAACW | CYTTTACCYCACCAACT
250,17,4,2,4,0.8206862172644565,0.8206862172644565,0.8239464653582685,16,CCGTTACCYCACCAACW | CCATTACCCYACCAACW | CYTTTACCYCACCAACT | CCGTTACCCCRCCAACY
250,17,4,2,5,0.8284636529811361,0.8284636529811361,0.8419671925609524,20,CCGTTACCYCACCAACW | CCATTACCCYACCAACW | CYTTTACCYCACCAACT | CCGTTACCCCRCCAACY | CYATTACCYCACCAACT
250,17,4,2,6,0.8439303540330924,0.8439303540330924,0.8544897630322693,24,CCGTTACCYCACCAACW | CCATTACCCYACCAACW | CYTTTACCYCACCAACT | CCGTTACCCCRCCAACY | CYATTACCYCACCAACT | CCGTTACCCYACCAWCT
250,17,4,2,7,0.8643411679568147,0.8727003118800575,0.8643411679568147,28,CCGTTACCYCACCAACW | CCATTACCCYACCAACW | CYTTTACCYCACCAACT | CCGTTACCCCRCCAACY | CYATTACCYCACCAACT | CCGTTACCCYACCAWCT | CYTTTACCCCRCCAACT
250,17,4,2,8,0.8693683798451661,0.8832168139958704,0.8693683798451661,32,CCGTTACCYCACCAACW | CCATTACCCYACCAACW | CYTTTACCYCACCAACT | CCGTTACCCCRCCAACY | CYATTACCYCACCAACT | CCGTTACCCYACCAWCT | CYTTTACCCCRCCAACT | CCGTTACCCCWCCAACK
250,17,8,3,1,0.6696195684759227,0.6696195684759227,0.7206350639258329,8,CCRTTACCYCACCAACW
250,17,8,3,2,0.8103173119814043,0.8290596870434368,0.8103173119814043,16,CCRTTACCYCACCAACW | CYTTTACCYYACCAACT
250,17,8,3,3,0.8581000757168978,0.874699583075992,0.8581000757168978,24,CCRTTACCYCACCAACW | CYTTTACCYYACCAACT | CCGTTACCCCRCCAWCY
250,17,8,3,4,0.8726681821040098,0.8925544035667485,0.8726681821040098,32,CCRTTACCYCACCAACW | CYTTTACCYYACCAACT | CCGTTACCCCRCCAWCY | CYMTTACCCCRCCAACT
250,17,8,3,5,0.8834124986419547,0.9042298244525765,0.8834124986419547,40,CCRTTACCYCACCAACW | CYTTTACCYYACCAACT | CCGTTACCCCRCCAWCY | CYMTTACCCCRCCAACT | CCGTTACCMYACCAACK
250,17,8,3,6,0.8891828081745667,0.9075273016461245,0.8891828081745667,48,CCRTTACCYCACCAACW | CYTTTACCYYACCAACT | CCGTTACCCCRCCAWCY | CYMTTACCCCRCCAACT | CCGTTACCMYACCAACK | CCATTACCYYACCAACY
250,17,8,3,7,0.9014748837069093,0.914776299694362,0.9014748837069093,56,CCRTTACCYCACCAACW | CYTTTACCYYACCAACT | CCGTTACCCCRCCAWCY | CYMTTACCCCRCCAACT | CCGTTACCMYACCAACK | CCATTACCYYACCAACY | CYWTTACCYCACCAACA
250,17,8,3,8,0.9034689542701829,0.9189204524735494,0.9034689542701829,64,CCRTTACCYCACCAACW | CYTTTACCYYACCAACT | CCGTTACCCCRCCAWCY | CYMTTACCCCRCCAACT | CCGTTACCMYACCAACK | CCATTACCYYACCAACY | CYWTTACCYCACCAACA | CCATTACCCCRCCWRCT
250,17,16,4,1,0.7275616974070118,0.7275616974070118,0.7844888730932037,16,CYRTTACCYCACCAACW
250,17,16,4,2,0.858374217469251,0.858374217469251,0.8729926867830349,32,CYRTTACCYCACCAACW | CCKTTACCCYRCCAACY
250,17,16,4,3,0.9063429971803156,0.9065824831024875,0.9063429971803156,48,CYRTTACCYCACCAACW | CCKTTACCCYRCCAACY | CYYTTACCYCACCAWCT
250,17,16,4,4,0.9075196458576915,0.9080741319958668,0.9075196458576915,60,CYRTTACCYCACCAACW | CCKTTACCCYRCCAACY | CYYTTACCYCACCAWCT | CCAHTAYCCTACCATCM
250,17,16,4,5,0.9198073162986136,0.9272411454626647,0.9198073162986136,76,CYRTTACCYCACCAACW | CCKTTACCCYRCCAACY | CYYTTACCYCACCAWCT | CCAHTAYCCTACCATCM | CCGTTACCCYWCCAWCK
250,17,16,4,6,0.9301642328778179,0.9402973942456486,0.9301642328778179,88,CYRTTACCYCACCAACW | CCKTTACCCYRCCAACY | CYYTTACCYCACCAWCT | CCAHTAYCCTACCATCM | CCGTTACCCYWCCAWCK | CCGTTACCCCRCCADCW
250,17,16,4,7,0.9367404007638683,0.9447297799599542,0.9367404007638683,104,CYRTTACCYCACCAACW | CCKTTACCCYRCCAACY | CYYTTACCYCACCAWCT | CCAHTAYCCTACCATCM | CCGTTACCCYWCCAWCK | CCGTTACCCCRCCADCW | CCATTACMCCACCWWCY
250,17,16,4,8,0.9426650764948192,0.9508259209693889,0.9426650764948192,116,CYRTTACCYCACCAACW | CCKTTACCCYRCCAACY | CYYTTACCYCACCAWCT | CCAHTAYCCTACCATCM | CCGTTACCCYWCCAWCK | CCGTTACCCCRCCADCW | CCATTACMCCACCWWCY | CCTTTACCYYACCAACD
249,21,4,2,1,0.29722564710217875,0.29722564710217875,0.32048706135789273,4,GRGCCGTTACCYCACCAACTA
249,21,4,2,2,0.493818540524273,0.493818540524273,0.5072007131776453,8,GRGCCGTTACCYCACCAACTA | AGGCCATTACCCYACCAACWA
249,21,4,2,3,0.5530512778449083,0.5530512778449083,0.577300103745438,12,GRGCCGTTACCYCACCAACTA | AGGCCATTACCCYACCAACWA | GGGCCGTTACCCCRCCAACWA
249,21,4,2,4,0.6508198025169362,0.6508198025169362,0.6916635664830161,16,GRGCCGTTACCYCACCAACTA | AGGCCATTACCCYACCAACWA | GGGCCGTTACCCCRCCAACWA | AAGCCRTTACCTCACCAACWA
249,21,4,2,5,0.72977814432653,0.72977814432653,0.7310392536350747,20,GRGCCGTTACCYCACCAACTA | AGGCCATTACCCYACCAACWA | GGGCCGTTACCCCRCCAACWA | AAGCCRTTACCTCACCAACWA | AGGCYTTTACCCYACCAACTA
249,21,4,2,6,0.7428375823956669,0.7428375823956669,0.747789791314318,24,GRGCCGTTACCYCACCAACTA | AGGCCATTACCCYACCAACWA | GGGCCGTTACCCCRCCAACWA | AAGCCRTTACCTCACCAACWA | AGGCYTTTACCCYACCAACTA | GGGCCGTTACCCCACCAACYR
249,21,4,2,7,0.7549303545675925,0.7555461986559239,0.7549303545675925,28,GRGCCGTTACCYCACCAACTA | AGGCCATTACCCYACCAACWA | GGGCCGTTACCCCRCCAACWA | AAGCCRTTACCTCACCAACWA | AGGCYTTTACCCYACCAACTA | GGGCCGTTACCCCACCAACYR | GGGCCGTTACCMCWCCAACTA
249,21,4,2,8,0.7569033551107,0.7569033551107,0.758248133580152,32,GRGCCGTTACCYCACCAACTA | AGGCCATTACCCYACCAACWA | GGGCCGTTACCCCRCCAACWA | AAGCCRTTACCTCACCAACWA | AGGCYTTTACCCYACCAACTA | GGGCCGTTACCCCACCAACYR | GGGCCGTTACCMCWCCAACTA | RGGCCGTTACCCCACCAACKA
249,21,8,3,1,0.3925817644121113,0.3925817644121113,0.4449020768152632,8,GRGCCGTTACCYCACCAACWA
249,21,8,3,2,0.6324110622429235,0.6324110622429235,0.6391082853065343,16,GRGCCGTTACCYCACCAACWA | AGGCYATTACCCYACCAACWA
249,21,8,3,3,0.6810769059583272,0.6831816864322402,0.6810769059583272,24,GRGCCGTTACCYCACCAACWA | AGGCYATTACCCYACCAACWA | AGGCCGTTACCYYACCAACYA
249,21,8,3,4,0.7175934062872256,0.7175934062872256,0.7201998190445041,32,GRGCCGTTACCYCACCAACWA | AGGCYATTACCCYACCAACWA | AGGCCGTTACCYYACCAACYA | GGGCCRTTACCCCRCCAACTR
249,21,8,3,5,0.7585333116250775,0.7585333116250775,0.7685807136130628,40,GRGCCGTTACCYCACCAACWA | AGGCYATTACCCYACCAACWA | AGGCCGTTACCYYACCAACYA | GGGCCRTTACCCCRCCAACTR | AAGCCATTACCYYACCAACWA
249,21,8,3,6,0.7902917915869404,0.8070602165558513,0.7902917915869404,48,GRGCCGTTACCYCACCAACWA | AGGCYATTACCCYACCAACWA | AGGCCGTTACCYYACCAACYA | GGGCCRTTACCCCRCCAACTR | AAGCCATTACCYYACCAACWA | RGGCYTTTACCCCRCCAACTA
249,21,8,3,7,0.8013779302714718,0.8153889029255645,0.8013779302714718,56,GRGCCGTTACCYCACCAACWA | AGGCYATTACCCYACCAACWA | AGGCCGTTACCYYACCAACYA | GGGCCRTTACCCCRCCAACTR | AAGCCATTACCYYACCAACWA | RGGCYTTTACCCCRCCAACTA | GGGCYGTTACCYCACCAACYA
249,21,8,3,8,0.8117615088448483,0.8286711392062472,0.8117615088448483,64,GRGCCGTTACCYCACCAACWA | AGGCYATTACCCYACCAACWA | AGGCCGTTACCYYACCAACYA | GGGCCRTTACCCCRCCAACTR | AAGCCATTACCYYACCAACWA | RGGCYTTTACCCCRCCAACTA | GGGCYGTTACCYCACCAACYA | GSGCCGTTACCMCWCCAACTA
249,21,16,4,1,0.5448052475460913,0.5448052475460913,0.591500079462219,16,RRGCCGTTACCYCACCAACWA
249,21,16,4,2,0.7097874850681886,0.7276980054901352,0.7097874850681886,32,RRGCCGTTACCYCACCAACWA | AGGCYWTTACCCCRCCAACWA
249,21,16,4,3,0.7521678273017017,0.7669148610620843,0.7521678273017017,48,RRGCCGTTACCYCACCAACWA | AGGCYWTTACCCCRCCAACWA | GGGCCGTTACCCYRCCAACYR
249,21,16,4,4,0.8053907466950765,0.8167905827388174,0.8053907466950765,64,RRGCCGTTACCYCACCAACWA | AGGCYWTTACCCCRCCAACWA | GGGCCGTTACCCYRCCAACYR | RAGCYATTACCYYACCAACTA
249,21,16,4,5,0.8188809446334231,0.8386936438814191,0.8188809446334231,80,RRGCCGTTACCYCACCAACWA | AGGCYWTTACCCCRCCAACWA | GGGCCGTTACCCYRCCAACYR | RAGCYATTACCYYACCAACTA | GSGCYGTTACCMCWCCAACTA
249,21,16,4,6,0.8281084855932309,0.8513398523798177,0.8281084855932309,92,RRGCCGTTACCYCACCAACWA | AGGCYWTTACCCCRCCAACWA | GGGCCGTTACCCYRCCAACYR | RAGCYATTACCYYACCAACTA | GSGCYGTTACCMCWCCAACTA | AGGCCVTTACCCYACCAACYA
249,21,16,4,7,0.8344748533823149,0.8578529057598602,0.8344748533823149,104,RRGCCGTTACCYCACCAACWA | AGGCYWTTACCCCRCCAACWA | GGGCCGTTACCCYRCCAACYR | RAGCYATTACCYYACCAACTA | GSGCYGTTACCMCWCCAACTA | AGGCCVTTACCCYACCAACYA | GRGCCGTTACCCCMCCAACBA
250,19,4,2,1,0.4077131114416483,0.4077131114416483,0.42835809415380344,4,RGCCGTTACCYCACCAACT
250,19,4,2,2,0.5588717728533279,0.5588717728533279,0.5884634294538337,8,RGCCGTTACCYCACCAACT | GGCCRTTACCCCACCAACW
250,19,4,2,3,0.6190482678230843,0.6190482678230843,0.6334611410423797,12,RGCCGTTACCYCACCAACT | GGCCRTTACCCCACCAACW | GGCCKTTACCCCRCCAACT
250,19,4,2,4,0.7147641333198288,0.7147641333198288,0.7410634845648515,16,RGCCGTTACCYCACCAACT | GGCCRTTACCCCACCAACW | GGCCKTTACCCCRCCAACT | AGCCRTTACCTCACCAACW
250,19,4,2,5,0.739053338266844,0.739053338266844,0.7640063081165738,20,RGCCGTTACCYCACCAACT | GGCCRTTACCCCACCAACW | GGCCKTTACCCCRCCAACT | AGCCRTTACCTCACCAACW | GGCCSTTACCCCACCAACY
250,19,4,2,6,0.7843472299888977,0.7950940573450267,0.7843472299888977,24,RGCCGTTACCYCACCAACT | GGCCRTTACCCCACCAACW | GGCCKTTACCCCRCCAACT | AGCCRTTACCTCACCAACW | GGCCSTTACCCCACCAACY | GGCYTTTACCCYACCAACT
250,19,4,2,7,0.7928012559057325,0.7996452677806509,0.7928012559057325,28,RGCCGTTACCYCACCAACT | GGCCRTTACCCCACCAACW | GGCCKTTACCCCRCCAACT | AGCCRTTACCTCACCAACW | GGCCSTTACCCCACCAACY | GGCYTTTACCCYACCAACT | GGCCGTTACCMCACCAWCT
250,19,4,2,8,0.8025549541694464,0.8046232562352378,0.8025549541694464,32,RGCCGTTACCYCACCAACT | GGCCRTTACCCCACCAACW | GGCCKTTACCCCRCCAACT | AGCCRTTACCTCACCAACW | GGCCSTTACCCCACCAACY | GGCYTTTACCCYACCAACT | GGCCGTTACCMCACCAWCT | GGCCATTACCCYACCAACK
250,19,8,3,1,0.5478346345048294,0.5478346345048294,0.6014592245354294,8,RGCCGTTACCYCACCAACW
250,19,8,3,2,0.7128991585709282,0.7128991585709282,0.7131804977989554,16,RGCCGTTACCYCACCAACW | GGCYWTTACCCCACCAACW
250,19,8,3,3,0.7552786301189526,0.7552786301189526,0.7593228519958913,24,RGCCGTTACCYCACCAACW | GGCYWTTACCCCACCAACW | GGCCGTTACCCYRCCAACY
250,19,8,3,4,0.8057856336177701,0.8057856336177701,0.8145517874306117,32,RGCCGTTACCYCACCAACW | GGCYWTTACCCCACCAACW | GGCCGTTACCCYRCCAACY | AGCCWTTACCYCACCAACW
250,19,8,3,5,0.8264217648318567,0.8283903241030303,0.8264217648318567,40,RGCCGTTACCYCACCAACW | GGCYWTTACCCCACCAACW | GGCCGTTACCCYRCCAACY | AGCCWTTACCYCACCAACW | KGCCGTTACCMCACCAWCT
250,19,8,3,6,0.8320498526986473,0.8320498526986473,0.8330593375228128,48,RGCCGTTACCYCACCAACW | GGCYWTTACCCCACCAACW | GGCCGTTACCCYRCCAACY | AGCCWTTACCYCACCAACW | KGCCGTTACCMCACCAWCT | SGCCGTTACCMCACCAACK
250,19,16,4,1,0.6627015260568386,0.6627015260568386,0.7043016770300196,16,RGCCRTTACCYCACCAACW
250,19,16,4,2,0.7888165204538099,0.8068731606165845,0.7888165204538099,32,RGCCRTTACCYCACCAACW | GGCYTTTACCCYRCCAACY
250,19,16,4,3,0.8171615084884004,0.8282959859228396,0.8171615084884004,44,RGCCRTTACCYCACCAACW | GGCYTTTACCCYRCCAACY | GGCCGTTACCCCRCCAWCH
250,19,16,4,4,0.831776268839879,0.8512834048351902,0.831776268839879,56,RGCCRTTACCYCACCAACW | GGCYTTTACCCYRCCAACY | GGCCGTTACCCCRCCAWCH | BGCCGTTACCMCACCAACK
250,19,16,4,5,0.836927466354208,0.8564001426379079,0.836927466354208,68,RGCCRTTACCYCACCAACW | GGCYTTTACCCYRCCAACY | GGCCGTTACCCCRCCAWCH | BGCCGTTACCMCACCAACK | GGCCTTTACCCYACCADCW
250,19,16,4,6,0.8847710391626671,0.8967425298904228,0.8847710391626671,84,RGCCRTTACCYCACCAACW | GGCYTTTACCCYRCCAACY | GGCCGTTACCCCRCCAWCH | BGCCGTTACCMCACCAACK | GGCCTTTACCCYACCADCW | RGCYWTTACCTCWCCAACT
250,19,16,4,7,0.8915999557619659,0.9002124270996924,0.8915999557619659,100,RGCCRTTACCYCACCAACW | GGCYTTTACCCYRCCAACY | GGCCGTTACCCCRCCAWCH | BGCCGTTACCMCACCAACK | GGCCTTTACCCYACCADCW | RGCYWTTACCTCWCCAACT | GGCCRTTACCCYRCCWACT
250,19,16,4,8,0.8924530479207414,0.900897981340659,0.8924530479207414,102,RGCCRTTACCYCACCAACW | GGCYTTTACCCYRCCAACY | GGCCGTTACCCCRCCAWCH | BGCCGTTACCMCACCAACK | GGCCTTTACCCYACCADCW | RGCYWTTACCTCWCCAACT | GGCCRTTACCCYRCCWACT | GGCCATTACCCCACCAACY
249,23,4,2,1,0.296411011833874,0.296411011833874,0.31801959393046825,4,GTGRGCCGTTACCYCACCAACTA
249,23,4,2,2,0.49305211940392785,0.49305211940392785,0.5038501106741119,8,GTGRGCCGTTACCYCACCAACTA | GTAGGCCATTACCCYACCAACWA
249,23,4,2,3,0.5523999106464738,0.5523999106464738,0.5737863714853267,12,GTGRGCCGTTACCYCACCAACTA | GTAGGCCATTACCCYACCAACWA | GTGGGCCGTTACCCCRCCAACWA
249,23,4,2,4,0.6501987635728635,0.6501987635728635,0.6881498342229047,16,GTGRGCCGTTACCYCACCAACTA | GTAGGCCATTACCCYACCAACWA | GTGGGCCGTTACCCCRCCAACWA | GTAAGCCRTTACCTCACCAACWA
249,23,4,2,5,0.7268368304838373,0.7273517323599407,0.7268368304838373,20,GTGRGCCGTTACCYCACCAACTA | GTAGGCCATTACCCYACCAACWA | GTGGGCCGTTACCCCRCCAACWA | GTAAGCCRTTACCTCACCAACWA | GTAGGCYTTTACCCYACCAACTA
249,23,4,2,6,0.7404404618200423,0.7404404618200423,0.7435873681630802,24,GTGRGCCGTTACCYCACCAACTA | GTAGGCCATTACCCYACCAACWA | GTGGGCCGTTACCCCRCCAACWA | GTAAGCCRTTACCTCACCAACWA | GTAGGCYTTTACCCYACCAACTA | GTGGGCCGTTACCCCACCAACYR
249,23,4,2,7,0.7504900997105183,0.7522228441388835,0.7504900997105183,28,GTGRGCCGTTACCYCACCAACTA | GTAGGCCATTACCCYACCAACWA | GTGGGCCGTTACCCCRCCAACWA | GTAAGCCRTTACCTCACCAACWA | GTAGGCYTTTACCCYACCAACTA | GTGGGCCGTTACCCCACCAACYR | GTGGGCCGTTACCMCWCCAACTA
249,23,8,3,1,0.39145732276521555,0.39145732276521555,0.44236607868608435,8,GTGRGCCGTTACCYCACCAACWA
249,23,8,3,2,0.6313350939598367,0.6313350939598367,0.6359909254405435,16,GTGRGCCGTTACCYCACCAACWA | GTAGGCYATTACCCYACCAACWA
249,23,8,3,3,0.6779595460923363,0.6821937996947268,0.6779595460923363,24,GTGRGCCGTTACCYCACCAACWA | GTAGGCYATTACCCYACCAACWA | GTAGGCCGTTACCYYACCAACYA
249,23,8,3,4,0.7166879641177878,0.7166879641177878,0.7173116601508336,32,GTGRGCCGTTACCYCACCAACWA | GTAGGCYATTACCCYACCAACWA | GTAGGCCGTTACCYYACCAACYA | GTGGGCCRTTACCCCRCCAACTR
249,23,8,3,5,0.7576372012262125,0.7576372012262125,0.7652464240131464,40,GTGRGCCGTTACCYCACCAACWA | GTAGGCYATTACCCYACCAACWA | GTAGGCCGTTACCYYACCAACYA | GTGGGCCRTTACCCCRCCAACTR | GTAAGCCATTACCYYACCAACWA
249,23,8,3,6,0.7784584528751565,0.781532950009472,0.7784584528751565,46,GTGRGCCGTTACCYCACCAACWA | GTAGGCYATTACCCYACCAACWA | GTAGGCCGTTACCYYACCAACYA | GTGGGCCRTTACCCCRCCAACTR | GTAAGCCATTACCYYACCAACWA | GTGGGCCTTTACCCCRCCAACHA
249,23,8,3,7,0.7893044798547413,0.7938897299962867,0.7893044798547413,54,GTGRGCCGTTACCYCACCAACWA | GTAGGCYATTACCCYACCAACWA | GTAGGCCGTTACCYYACCAACYA | GTGGGCCRTTACCCCRCCAACTR | GTAAGCCATTACCYYACCAACWA | GTGGGCCTTTACCCCRCCAACHA | GTGSGCCGTTACCMCWCCAACTA
249,23,8,3,8,0.806711960324404,0.8296957086757115,0.806711960324404,62,GTGRGCCGTTACCYCACCAACWA | GTAGGCYATTACCCYACCAACWA | GTAGGCCGTTACCYYACCAACYA | GTGGGCCRTTACCCCRCCAACTR | GTAAGCCATTACCYYACCAACWA | GTGGGCCTTTACCCCRCCAACHA | GTGSGCCGTTACCMCWCCAACTA | GTRGGCYTTTACCCCRCCAACTA
249,23,16,4,1,0.543794290597995,0.543794290597995,0.5885202083271653,16,GTRRGCCGTTACCYCACCAACWA
249,23,16,4,2,0.7058139489933407,0.7268647804669645,0.7058139489933407,32,GTRRGCCGTTACCYCACCAACWA | GTAGGCYATTACCCYRCCAACWA
249,23,16,4,3,0.7480812742598318,0.769584910738906,0.7480812742598318,48,GTRRGCCGTTACCYCACCAACWA | GTAGGCYATTACCCYRCCAACWA | GTGGGCCKTTACCCCRCCAACYR
249,23,16,4,4,0.7989761325026113,0.8169092509992623,0.7989761325026113,64,GTRRGCCGTTACCYCACCAACWA | GTAGGCYATTACCCYRCCAACWA | GTGGGCCKTTACCCCRCCAACYR | GTRAGCYATTACCYYACCAACTA
249,23,16,4,5,0.812177216683839,0.8367086261356698,0.812177216683839,80,GTRRGCCGTTACCYCACCAACWA | GTAGGCYATTACCCYRCCAACWA | GTGGGCCKTTACCCCRCCAACYR | GTRAGCYATTACCYYACCAACTA | GTGSGCYGTTACCMCWCCAACTA
249,23,16,4,6,0.8256843321595729,0.8586812739631142,0.8256843321595729,96,GTRRGCCGTTACCYCACCAACWA | GTAGGCYATTACCCYRCCAACWA | GTGGGCCKTTACCCCRCCAACYR | GTRAGCYATTACCYYACCAACTA | GTGSGCYGTTACCMCWCCAACTA | GTAGGCCKTTACCMYACCAACYA
249,23,16,4,7,0.8271416337396098,0.8595818250776772,0.8271416337396098,98,GTRRGCCGTTACCYCACCAACWA | GTAGGCYATTACCCYRCCAACWA | GTGGGCCKTTACCCCRCCAACYR | GTRAGCYATTACCYYACCAACTA | GTGSGCYGTTACCMCWCCAACTA | GTAGGCCKTTACCMYACCAACYA | GTGGGCCGTTACCCCACCAACKA
249,23,16,4,8,0.8372393739564458,0.8716822323855027,0.8372393739564458,114,GTRRGCCGTTACCYCACCAACWA | GTAGGCYATTACCCYRCCAACWA | GTGGGCCKTTACCCCRCCAACYR | GTRAGCYATTACCYYACCAACTA | GTGSGCYGTTACCMCWCCAACTA | GTAGGCCKTTACCMYACCAACYA | GTGGGCCGTTACCCCACCAACKA | GTGGGCYMTTACCCCRCCAACWA
251,17,4,2,1,0.6865895862289854,0.6865895862289854,0.7309208076865209,4,GCCRTTACCYCACCAAC
251,17,4,2,2,0.811724676009046,0.8310564232536203,0.811724676009046,8,GCCRTTACCYCACCAAC | GCYTTTACCCYACCAAC
251,17,4,2,3,0.8394024760077547,0.8538097331409625,0.8394024760077547,12,GCCRTTACCYCACCAAC | GCYTTTACCCYACCAAC | GCCGTTACCCCRCCWAC
251,17,4,2,4,0.8558717060615173,0.869545503130683,0.8558717060615173,16,GCCRTTACCYCACCAAC | GCYTTTACCCYACCAAC | GCCGTTACCCCRCCWAC | GCCGTTACCCCACCRWC
251,17,4,2,5,0.864215096050546,0.8753722365699611,0.864215096050546,20,GCCRTTACCYCACCAAC | GCYTTTACCCYACCAAC | GCCGTTACCCCRCCWAC | GCCGTTACCCCACCRWC | GCCATTACCCYACCAWC
251,17,4,2,6,0.8716407929897606,0.8851156316921646,0.8716407929897606,24,GCCRTTACCYCACCAAC | GCYTTTACCCYACCAAC | GCCGTTACCCCRCCWAC | GCCGTTACCCCACCRWC | GCCATTACCCYACCAWC | GCCGTTACCMYACCAAC
251,17,4,2,7,0.8749343110809781,0.8907233195467782,0.8749343110809781,28,GCCRTTACCYCACCAAC | GCYTTTACCCYACCAAC | GCCGTTACCCCRCCWAC | GCCGTTACCCCACCRWC | GCCATTACCCYACCAWC | GCCGTTACCMYACCAAC | GCCATTACCCCACCWRC
251,17,4,2,8,0.8803158564365466,0.8989909668708114,0.8803158564365466,32,GCCRTTACCYCACCAAC | GCYTTTACCCYACCAAC | GCCGTTACCCCRCCWAC | GCCGTTACCCCACCRWC | GCCATTACCCYACCAWC | GCCGTTACCMYACCAAC | GCCATTACCCCACCWRC | GCCMTTACCCCRCCAAC
251,17,8,3,1,0.7485492060507947,0.7485492060507947,0.7955080874828232,8,GCYRTTACCYCACCAAC
251,17,8,3,2,0.8644344553049734,0.8644344553049734,0.8675031787445034,16,GCYRTTACCYCACCAAC | GCYTTTACCCYRCCAAC
251,17,8,3,3,0.8934421656367263,0.8934421656367263,0.8972271244978202,24,GCYRTTACCYCACCAAC | GCYTTTACCCYRCCAAC | GCCGTTACCYCACCWWC
251,17,8,3,4,0.8979695955493286,0.8979695955493286,0.9029251043041188,32,GCYRTTACCYCACCAAC | GCYTTTACCCYRCCAAC | GCCGTTACCYCACCWWC | GCCATTACCCYACCRWC
251,17,8,3,5,0.9149538385943911,0.9149538385943911,0.915363398516066,40,GCYRTTACCYCACCAAC | GCYTTTACCCYRCCAAC | GCCGTTACCYCACCWWC | GCCATTACCCYACCRWC | GCCGTTACCMCRCCRAC
251,17,8,3,6,0.9308273953703106,0.9411731786226673,0.9308273953703106,48,GCYRTTACCYCACCAAC | GCYTTTACCCYRCCAAC | GCCGTTACCYCACCWWC | GCCATTACCCYACCRWC | GCCGTTACCMCRCCRAC | GCYYTTACCYCACCAAC
251,17,8,3,7,0.9308273953703106,0.9411731786226673,0.9308273953703106,54,GCYRTTACCYCACCAAC | GCYTTTACCCYRCCAAC | GCCGTTACCYCACCWWC | GCCATTACCCYACCRWC | GCCGTTACCMCRCCRAC | GCYYTTACCYCACCAAC | GCCAHTAYCCTACCATC
251,17,8,3,8,0.936169210113088,0.947065038711672,0.936169210113088,62,GCYRTTACCYCACCAAC | GCYTTTACCCYRCCAAC | GCCGTTACCYCACCWWC | GCCATTACCCYACCRWC | GCCGTTACCMCRCCRAC | GCYYTTACCYCACCAAC | GCCAHTAYCCTACCATC | GCCGTTACCCYACCWRC
251,17,16,4,1,0.8142118330913681,0.8142118330913681,0.8436495327852969,16,GCYRTTACCYYACCAAC
251,17,16,4,2,0.8968145043678392,0.8968145043678392,0.9014658094434745,32,GCYRTTACCYYACCAAC | GCYTTTACCYCRCCWAC
251,17,16,4,3,0.9247231925507912,0.9265830720318076,0.9247231925507912,44,GCYRTTACCYYACCAAC | GCYTTTACCYCRCCWAC | GCCGTTACCYCACCRDC
251,17,16,4,4,0.9296750991728436,0.9299112258940766,0.9296750991728436,60,GCYRTTACCYYACCAAC | GCYTTTACCYCRCCWAC | GCCGTTACCYCACCRDC | GCCWYTACCCTACCRWC
251,17,16,4,5,0.9424564453671995,0.9462799943928051,0.9424564453671995,72,GCYRTTACCYYACCAAC | GCYTTTACCYCRCCWAC | GCCGTTACCYCACCRDC | GCCWYTACCCTACCRWC | KCCGTTACMCCDCCAAC
251,17,16,4,6,0.9452456347458599,0.9532145362466838,0.9452456347458599,88,GCYRTTACCYYACCAAC | GCYTTTACCYCRCCWAC | GCCGTTACCYCACCRDC | GCCWYTACCCTACCRWC | KCCGTTACMCCDCCAAC | GCCRTTACCCCRCCWRC
251,17,16,4,7,0.9499904550796439,0.9639048816198401,0.9499904550796439,104,GCYRTTACCYYACCAAC | GCYTTTACCYCRCCWAC | GCCGTTACCYCACCRDC | GCCWYTACCCTACCRWC | KCCGTTACMCCDCCAAC | GCCRTTACCCCRCCWRC | GCCMTTACCMCMCCWAC
251,17,16,4,8,0.9507530510587969,0.9639452562968427,0.9507530510587969,120,GCYRTTACCYYACCAAC | GCYTTTACCYCRCCWAC | GCCGTTACCYCACCRDC | GCCWYTACCCTACCRWC | KCCGTTACMCCDCCAAC | GCCRTTACCCCRCCWRC | GCCMTTACCMCMCCWAC | GCCAWTACMYTACCAWC
250,21,4,2,1,0.3007585268707395,0.3007585268707395,0.325395880493658,4,TGRGCCGTTACCYCACCAACT
250,21,4,2,2,0.4975828769793577,0.4975828769793577,0.511515821412455,8,TGRGCCGTTACCYCACCAACT | TAGGCCATTACCCYACCAACW
250,21,4,2,3,0.5504955637075236,0.5504955637075236,0.5840880743926619,12,TGRGCCGTTACCYCACCAACT | TAGGCCATTACCCYACCAACW | TGRGCCGTTACCCCACCAACW
250,21,4,2,4,0.6093189530708114,0.6093189530708114,0.6142645009569069,16,TGRGCCGTTACCYCACCAACT | TAGGCCATTACCCYACCAACW | TGRGCCGTTACCCCACCAACW | TAGGCYGTTACCCYACCAACT
250,21,4,2,5,0.667298981271614,0.667298981271614,0.6861537437163102,20,TGRGCCGTTACCYCACCAACT | TAGGCCATTACCCYACCAACW | TGRGCCGTTACCCCACCAACW | TAGGCYGTTACCCYACCAACT | TRAGCCATTACCTCACCAACW
250,21,4,2,6,0.7011458000367051,0.7011458000367051,0.7270944845228415,24,TGRGCCGTTACCYCACCAACT | TAGGCCATTACCCYACCAACW | TGRGCCGTTACCCCACCAACW | TAGGCYGTTACCCYACCAACT | TRAGCCATTACCTCACCAACW | TGGGCCGTTACCCCRCCAACY
250,21,4,2,7,0.7158732025144211,0.7158732025144211,0.7335440377187276,28,TGRGCCGTTACCYCACCAACT | TAGGCCATTACCCYACCAACW | TGRGCCGTTACCCCACCAACW | TAGGCYGTTACCCYACCAACT | TRAGCCATTACCTCACCAACW | TGGGCCGTTACCCCRCCAACY | TAGGCCKTTACCCCACCAACY
250,21,4,2,8,0.7193317523771533,0.7193317523771533,0.7374634670382648,32,TGRGCCGTTACCYCACCAACT | TAGGCCATTACCCYACCAACW | TGRGCCGTTACCCCACCAACW | TAGGCYGTTACCCYACCAACT | TRAGCCATTACCTCACCAACW | TGGGCCGTTACCCCRCCAACY | TAGGCCKTTACCCCACCAACY | TAGGCCGTTACCCCACCAWCW
250,21,8,3,1,0.3945805475596463,0.3945805475596463,0.44996826001288764,8,TGRGCCGTTACCYCACCAACW
250,21,8,3,2,0.6345079326190065,0.6345079326190065,0.6435795748990686,16,TGRGCCGTTACCYCACCAACW | TAGGCYATTACCCYACCAACW
250,21,8,3,3,0.6971968015034448,0.6971968015034448,0.7044313136343594,24,TGRGCCGTTACCYCACCAACW | TAGGCYATTACCCYACCAACW | TARGCCGTTACCYYACCAACT
250,21,8,3,4,0.7433044370789826,0.7433044370789826,0.7520259501104833,30,TGRGCCGTTACCYCACCAACW | TAGGCYATTACCCYACCAACW | TARGCCGTTACCYYACCAACT | TGGGCCGTTACCCCRCCAACH
250,21,8,3,5,0.7585858855011333,0.7585858855011333,0.7647428789713397,38,TGRGCCGTTACCYCACCAACW | TAGGCYATTACCCYACCAACW | TARGCCGTTACCYYACCAACT | TGGGCCGTTACCCCRCCAACH | TAGGCCWTTACCCYACCAACY
250,21,8,3,6,0.7729858305461086,0.7729858305461086,0.7748713250469731,46,TGRGCCGTTACCYCACCAACW | TAGGCYATTACCCYACCAACW | TARGCCGTTACCYYACCAACT | TGGGCCGTTACCCCRCCAACH | TAGGCCWTTACCCYACCAACY | TGGGCYATTACCCCRCCWACT
250,21,8,3,7,0.7798948143516725,0.7798948143516725,0.7839465114705125,54,TGRGCCGTTACCYCACCAACW | TAGGCYATTACCCYACCAACW | TARGCCGTTACCYYACCAACT | TGGGCCGTTACCCCRCCAACH | TAGGCCWTTACCCYACCAACY | TGGGCYATTACCCCRCCWACT | TARGCCATTACCCCACCAWCW
250,21,8,3,8,0.7935423022837277,0.7935423022837277,0.794333698253355,62,TGRGCCGTTACCYCACCAACW | TAGGCYATTACCCYACCAACW | TARGCCGTTACCYYACCAACT | TGGGCCGTTACCCCRCCAACH | TAGGCCWTTACCCYACCAACY | TGGGCYATTACCCCRCCWACT | TARGCCATTACCCCACCAWCW | TGGGCCKTTACCMCWCCAACT
250,21,16,4,1,0.5478493944646818,0.5478493944646818,0.5959251021430906,16,TRRGCCGTTACCYCACCAACW
250,21,16,4,2,0.7137723831664945,0.730143244436784,0.7137723831664945,32,TRRGCCGTTACCYCACCAACW | TAGGCYATTACCCYRCCAACW
250,21,16,4,3,0.7540831879744386,0.7702638718604673,0.7540831879744386,48,TRRGCCGTTACCYCACCAACW | TAGGCYATTACCCYRCCAACW | TGGGCCKTTACCCCRCCAWCY
250,21,16,4,4,0.8157901015444203,0.8233382778020766,0.8157901015444203,64,TRRGCCGTTACCYCACCAACW | TAGGCYATTACCCYRCCAACW | TGGGCCKTTACCCCRCCAWCY | TRAGCYATTACCTYACCAACW
250,21,16,4,5,0.8280575192051663,0.8456042256461126,0.8280575192051663,80,TRRGCCGTTACCYCACCAACW | TAGGCYATTACCCYRCCAACW | TGGGCCKTTACCCCRCCAWCY | TRAGCYATTACCTYACCAACW | TAGGCCKTTACCMYACCAACY
250,21,16,4,6,0.8410626347924804,0.8654097154047832,0.8410626347924804,96,TRRGCCGTTACCYCACCAACW | TAGGCYATTACCCYRCCAACW | TGGGCCKTTACCCCRCCAWCY | TRAGCYATTACCTYACCAACW | TAGGCCKTTACCMYACCAACY | TGSGCCSTTACCMCWCCAACT
251,19,4,2,1,0.40664625297813745,0.40664625297813745,0.4645984958786696,4,GRGCCGTTACCYCACCAAC
251,19,4,2,2,0.6589293361775995,0.6589293361775995,0.6643543390920266,8,GRGCCGTTACCYCACCAAC | AGGCYATTACCCYACCAAC
251,19,4,2,3,0.7035859700734152,0.7087391659182259,0.7035859700734152,12,GRGCCGTTACCYCACCAAC | AGGCYATTACCCYACCAAC | ARGCCGTTACCCYACCAAC
251,19,4,2,4,0.7356768873263152,0.7473577853395006,0.7356768873263152,16,GRGCCGTTACCYCACCAAC | AGGCYATTACCCYACCAAC | ARGCCGTTACCCYACCAAC | GGGCCATTACCCCRCCWAC
251,19,4,2,5,0.7757554813984496,0.7757554813984496,0.7798297394066517,20,GRGCCGTTACCYCACCAAC | AGGCYATTACCCYACCAAC | ARGCCGTTACCCYACCAAC | GGGCCATTACCCCRCCWAC | AAGCCATTACCYYACCAAC
251,19,4,2,6,0.7854501224558584,0.7854501224558584,0.7899368216995152,24,GRGCCGTTACCYCACCAAC | AGGCYATTACCCYACCAAC | ARGCCGTTACCCYACCAAC | GGGCCATTACCCCRCCWAC | AAGCCATTACCYYACCAAC | GGGCCGTTACCCCACCRWC
251,19,4,2,7,0.8042288801200211,0.8079574843277353,0.8042288801200211,28,GRGCCGTTACCYCACCAAC | AGGCYATTACCCYACCAAC | ARGCCGTTACCCYACCAAC | GGGCCATTACCCCRCCWAC | AAGCCATTACCYYACCAAC | GGGCCGTTACCCCACCRWC | GGGCYTTTACCYCACCAAC
251,19,4,2,8,0.8090362206917958,0.8146509234067932,0.8090362206917958,32,GRGCCGTTACCYCACCAAC | AGGCYATTACCCYACCAAC | ARGCCGTTACCCYACCAAC | GGGCCATTACCCCRCCWAC | AAGCCATTACCYYACCAAC | GGGCCGTTACCCCACCRWC | GGGCYTTTACCYCACCAAC | AGGCCKTTACCCCACCAWC
251,19,8,3,1,0.5681317987809635,0.5681317987809635,0.614935187739031,8,RRGCCGTTACCYCACCAAC
251,19,8,3,2,0.7339948232134437,0.753938669353682,0.7339948232134437,16,RRGCCGTTACCYCACCAAC | AGGCYWTTACCCCRCCAAC
251,19,8,3,3,0.7633856975713349,0.774782622317575,0.7633856975713349,24,RRGCCGTTACCYCACCAAC | AGGCYWTTACCCCRCCAAC | ARGCCATTACCCYACCAWC
251,19,8,3,4,0.7861592621365966,0.7942119810739513,0.7861592621365966,30,RRGCCGTTACCYCACCAAC | AGGCYWTTACCCCRCCAAC | ARGCCATTACCCYACCAWC | GGGCCGTTACCCCRCCDAC
251,19,8,3,5,0.7988448811171452,0.8095267965877491,0.7988448811171452,38,RRGCCGTTACCYCACCAAC | AGGCYWTTACCCCRCCAAC | ARGCCATTACCCYACCAWC | GGGCCGTTACCCCRCCDAC | GSGCCGTTACCMCWCCAAC
251,19,8,3,6,0.8158918887177043,0.8354790852815274,0.8158918887177043,46,RRGCCGTTACCYCACCAAC | AGGCYWTTACCCCRCCAAC | ARGCCATTACCCYACCAWC | GGGCCGTTACCCCRCCDAC | GSGCCGTTACCMCWCCAAC | AGGCYTTTACCYYACCAAC
251,19,8,3,7,0.8455179647622707,0.8641146187153644,0.8455179647622707,54,RRGCCGTTACCYCACCAAC | AGGCYWTTACCCCRCCAAC | ARGCCATTACCCYACCAWC | GGGCCGTTACCCCRCCDAC | GSGCCGTTACCMCWCCAAC | AGGCYTTTACCYYACCAAC | GRGCYATTACCYCACCAAC
251,19,8,3,8,0.8579657139076935,0.8717965374713424,0.8579657139076935,62,RRGCCGTTACCYCACCAAC | AGGCYWTTACCCCRCCAAC | ARGCCATTACCCYACCAWC | GGGCCGTTACCCCRCCDAC | GSGCCGTTACCMCWCCAAC | AGGCYTTTACCYYACCAAC | GRGCYATTACCYCACCAAC | AGGCCGTTACCMYACCARC
251,19,16,4,1,0.6815919788586368,0.6815919788586368,0.7173369286906902,16,RRGCCRTTACCYCACCAAC
251,19,16,4,2,0.7961069124755294,0.8148806170616344,0.7961069124755294,32,RRGCCRTTACCYCACCAAC | AGGCYTTTACCYYRCCAAC
251,19,16,4,3,0.8269884105354377,0.8396760182681852,0.8269884105354377,48,RRGCCRTTACCYCACCAAC | AGGCYTTTACCYYRCCAAC | GGGCYGTTACCYCRCCWAC
251,19,16,4,4,0.8478949215024366,0.8588481905939434,0.8478949215024366,64,RRGCCRTTACCYCACCAAC | AGGCYTTTACCYYRCCAAC | GGGCYGTTACCYCRCCWAC | GGGCCKTTACCMCACCRWC
251,19,16,4,5,0.8530469091807915,0.8629887763345242,0.8530469091807915,80,RRGCCRTTACCYCACCAAC | AGGCYTTTACCYYRCCAAC | GGGCYGTTACCYCRCCWAC | GGGCCKTTACCMCACCRWC | AGGCCATTAYCCYACCRWC
251,19,16,4,6,0.8560230996569821,0.8629887763345242,0.8560230996569821,82,RRGCCRTTACCYCACCAAC | AGGCYTTTACCYYRCCAAC | GGGCYGTTACCYCRCCWAC | GGGCCKTTACCMCACCRWC | AGGCCATTAYCCYACCRWC | AAGCCGTTACCCMACCAAC
250,23,4,2,1,0.3006714274736141,0.3006714274736141,0.32492532553581094,4,GGTGRGCCGTTACCYCACCAACT
250,23,4,2,2,0.4974552851948011,0.4974552851948011,0.5106135213762492,8,GGTGRGCCGTTACCYCACCAACT | GGTAGGCCATTACCCYACCAACW
250,23,4,2,3,0.5495638266447509,0.5495638266447509,0.5830498603208852,12,GGTGRGCCGTTACCYCACCAACT | GGTAGGCCATTACCCYACCAACW | GGTGRGCCGTTACCCCACCAACW
250,23,4,2,4,0.6083467236206074,0.6083467236206074,0.6132326304670184,16,GGTGRGCCGTTACCYCACCAACT | GGTAGGCCATTACCCYACCAACW | GGTGRGCCGTTACCCCACCAACW | GGTAGGCYGTTACCCYACCAACT
250,23,4,2,5,0.6661602301013516,0.6661602301013516,0.6848836038569456,20,GGTGRGCCGTTACCYCACCAACT | GGTAGGCCATTACCCYACCAACW | GGTGRGCCGTTACCCCACCAACW | GGTAGGCYGTTACCCYACCAACT | GGTRAGCCATTACCTCACCAACW
250,23,4,2,6,0.7000070488664426,0.7000070488664426,0.726043322887686,24,GGTGRGCCGTTACCYCACCAACT | GGTAGGCCATTACCCYACCAACW | GGTGRGCCGTTACCCCACCAACW | GGTAGGCYGTTACCCYACCAACT | GGTRAGCCATTACCTCACCAACW | GGTGGGCCGTTACCCCRCCAACY
250,23,4,2,7,0.7146308029196148,0.7146308029196148,0.7324904238835743,28,GGTGRGCCGTTACCYCACCAACT | GGTAGGCCATTACCCYACCAACW | GGTGRGCCGTTACCCCACCAACW | GGTAGGCYGTTACCCYACCAACT | GGTRAGCCATTACCTCACCAACW | GGTGGGCCGTTACCCCRCCAACY | GGTAGGCCKTTACCCCACCAACY
250,23,4,2,8,0.7180893527823469,0.7180893527823469,0.7364098532031115,32,GGTGRGCCGTTACCYCACCAACT | GGTAGGCCATTACCCYACCAACW | GGTGRGCCGTTACCCCACCAACW | GGTAGGCYGTTACCCYACCAACT | GGTRAGCCATTACCTCACCAACW | GGTGGGCCGTTACCCCRCCAACY | GGTAGGCCKTTACCCCACCAACY | GGTAGGCCGTTACCCCACCAWCW
250,23,8,3,1,0.39449344816252085,0.39449344816252085,0.44950803136648226,8,GGTGRGCCGTTACCYCACCAACW
250,23,8,3,2,0.6343398484470189,0.6343398484470189,0.6430610519514935,16,GGTGRGCCGTTACCYCACCAACW | GGTAGGCYATTACCCYACCAACW
250,23,8,3,3,0.6970287173314569,0.6970287173314569,0.7035537306386649,24,GGTGRGCCGTTACCYCACCAACW | GGTAGGCYATTACCCYACCAACW | GGTARGCCGTTACCYYACCAACT
250,23,8,3,4,0.7431363529069949,0.7431363529069949,0.7513673453389976,30,GGTGRGCCGTTACCYCACCAACW | GGTAGGCYATTACCCYACCAACW | GGTARGCCGTTACCYYACCAACT | GGTGGGCCGTTACCCCRCCAACH
250,23,8,3,5,0.7583141529046015,0.7583141529046015,0.7641366720802972,38,GGTGRGCCGTTACCYCACCAACW | GGTAGGCYATTACCCYACCAACW | GGTARGCCGTTACCYYACCAACT | GGTGGGCCGTTACCCCRCCAACH | GGTAGGCCWTTACCCYACCAACY
250,23,8,3,6,0.7727140979495769,0.7727140979495769,0.7742674128918066,46,GGTGRGCCGTTACCYCACCAACW | GGTAGGCYATTACCCYACCAACW | GGTARGCCGTTACCYYACCAACT | GGTGGGCCGTTACCCCRCCAACH | GGTAGGCCWTTACCCYACCAACY | GGTGGGCYATTACCCCRCCWACT
250,23,8,3,7,0.7796230817551408,0.7796230817551408,0.783238924880349,54,GGTGRGCCGTTACCYCACCAACW | GGTAGGCYATTACCCYACCAACW | GGTARGCCGTTACCYYACCAACT | GGTGGGCCGTTACCCCRCCAACH | GGTAGGCCWTTACCCYACCAACY | GGTGGGCYATTACCCCRCCWACT | GGTARGCCATTACCCCACCAWCW
250,23,8,3,8,0.7932239626775018,0.7932239626775018,0.7936318485028812,62,GGTGRGCCGTTACCYCACCAACW | GGTAGGCYATTACCCYACCAACW | GGTARGCCGTTACCYYACCAACT | GGTGGGCCGTTACCCCRCCAACH | GGTAGGCCWTTACCCYACCAACY | GGTGGGCYATTACCCCRCCWACT | GGTARGCCATTACCCCACCAWCW | GGTGGGCCKTTACCMCWCCAACT
250,23,16,4,1,0.5475025593281094,0.5475025593281094,0.5953164742004361,16,GGTRRGCCGTTACCYCACCAACW
250,23,16,4,2,0.7131326167084783,0.7299751602647961,0.7131326167084783,32,GGTRRGCCGTTACCYCACCAACW | GGTAGGCYATTACCCYRCCAACW
250,23,16,4,3,0.7536658418444452,0.7700957876884796,0.7536658418444452,48,GGTRRGCCGTTACCYCACCAACW | GGTAGGCYATTACCCYRCCAACW | GGTGGGCCKTTACCCCRCCAWCY
250,23,16,4,4,0.8142103142291615,0.8230036719100303,0.8142103142291615,64,GGTRRGCCGTTACCYCACCAACW | GGTAGGCYATTACCCYRCCAACW | GGTGGGCCKTTACCCCRCCAWCY | GGTRAGCYATTACCTYACCAACW
250,23,16,4,5,0.8264627464365341,0.8452696197540663,0.8264627464365341,80,GGTRRGCCGTTACCYCACCAACW | GGTAGGCYATTACCCYRCCAACW | GGTGGGCCKTTACCCCRCCAWCY | GGTRAGCYATTACCTYACCAACW | GGTAGGCCKTTACCMYACCAACY
250,23,16,4,6,0.8394491209752234,0.8650285025030428,0.8394491209752234,96,GGTRRGCCGTTACCYCACCAACW | GGTAGGCYATTACCCYRCCAACW | GGTGGGCCKTTACCCCRCCAWCY | GGTRAGCYATTACCTYACCAACW | GGTAGGCCKTTACCMYACCAACY | GGTGSGCCSTTACCMCWCCAACT
252,17,4,2,1,0.5676695867668521,0.5676695867668521,0.6185253498613047,4,RGCCGTTACCYCACCAA
252,17,4,2,2,0.733609580062943,0.7395128744906931,0.733609580062943,8,RGCCGTTACCYCACCAA | GGCYWTTACCCCACCAA
252,17,4,2,3,0.7599414577397537,0.7599414577397537,0.7652435518250371,12,RGCCGTTACCYCACCAA | GGCYWTTACCCCACCAA | RGCCATTACCCYACCAA
252,17,4,2,4,0.780250828534661,0.780250828534661,0.7900313971825833,16,RGCCGTTACCYCACCAA | GGCYWTTACCCCACCAA | RGCCATTACCCYACCAA | GGCCGTTACCCCRCCWA
252,17,4,2,5,0.7926596313062584,0.7926596313062584,0.8007248192629294,20,RGCCGTTACCYCACCAA | GGCYWTTACCCCACCAA | RGCCATTACCCYACCAA | GGCCGTTACCCCRCCWA | GGCCTTTACCCCRCCAW
252,17,4,2,6,0.8009234392608718,0.8009234392608718,0.8106156291674792,24,RGCCGTTACCYCACCAA | GGCYWTTACCCCACCAA | RGCCATTACCCYACCAA | GGCCGTTACCCCRCCWA | GGCCTTTACCCCRCCAW | GGCCGTTACCCCACCRW
252,17,4,2,7,0.8284307069059945,0.8284307069059945,0.8468310569317854,28,RGCCGTTACCYCACCAA | GGCYWTTACCCCACCAA | RGCCATTACCCYACCAA | GGCCGTTACCCCRCCWA | GGCCTTTACCCCRCCAW | GGCCGTTACCCCACCRW | RGCYATTACCTCACCAA
252,17,4,2,8,0.8396578027435422,0.8396578027435422,0.8551182272162464,32,RGCCGTTACCYCACCAA | GGCYWTTACCCCACCAA | RGCCATTACCCYACCAA | GGCCGTTACCCCRCCWA | GGCCTTTACCCCRCCAW | GGCCGTTACCCCACCRW | RGCYATTACCTCACCAA | SGCCTTTACCMCACCAA
252,17,8,3,1,0.6819551799301496,0.6819551799301496,0.7219824199108964,8,RGCCRTTACCYCACCAA
252,17,8,3,2,0.8026195230352333,0.8181339086289848,0.8026195230352333,16,RGCCRTTACCYCACCAA | GGCYTTTACCCYRCCAA
252,17,8,3,3,0.8271617765389606,0.8367973443706079,0.8271617765389606,22,RGCCRTTACCYCACCAA | GGCYTTTACCCYRCCAA | GGCCGTTACCCCACCDW
252,17,8,3,4,0.8410401246516508,0.8584286585312458,0.8410401246516508,30,RGCCRTTACCYCACCAA | GGCYTTTACCCYRCCAA | GGCCGTTACCCCACCDW | KGCCGTTACCMCRCCAA
252,17,8,3,5,0.8817043678688252,0.8949840944874666,0.8817043678688252,38,RGCCRTTACCYCACCAA | GGCYTTTACCCYRCCAA | GGCCGTTACCCCACCDW | KGCCGTTACCMCRCCAA | RGCYWTTACCTCACCAA
252,17,8,3,6,0.8893704252899974,0.9032433959983271,0.8893704252899974,46,RGCCRTTACCYCACCAA | GGCYTTTACCCYRCCAA | GGCCGTTACCCCACCDW | KGCCGTTACCMCRCCAA | RGCYWTTACCTCACCAA | SGCCWTTACCCCACCWA
252,17,8,3,7,0.8940716652984482,0.9044955534981312,0.8940716652984482,54,RGCCRTTACCYCACCAA | GGCYTTTACCCYRCCAA | GGCCGTTACCCCACCDW | KGCCGTTACCMCRCCAA | RGCYWTTACCTCACCAA | SGCCWTTACCCCACCWA | GGCCRTTACCCTACCRW
252,17,8,3,8,0.8971260236265935,0.9102819315064412,0.8971260236265935,62,RGCCRTTACCYCACCAA | GGCYTTTACCCYRCCAA | GGCCGTTACCCCACCDW | KGCCGTTACCMCRCCAA | RGCYWTTACCTCACCAA | SGCCWTTACCCCACCWA | GGCCRTTACCCTACCRW | SGCCGTTACCCCACCWR
252,17,16,4,1,0.7438745886136432,0.7438745886136432,0.7861662076102721,16,RGCYRTTACCYCACCAA
252,17,16,4,2,0.8484518410204404,0.8484518410204404,0.8554686877916776,32,RGCYRTTACCYCACCAA | GGCYTTTACCYYRCCAA
252,17,16,4,3,0.8759876068686748,0.8759876068686748,0.8889453539674409,44,RGCYRTTACCYCACCAA | GGCYTTTACCYYRCCAA | GGCCGTTACCCCRCCDW
252,17,16,4,4,0.9001393324386283,0.9001393324386283,0.9040538520605322,56,RGCYRTTACCYCACCAA | GGCYTTTACCYYRCCAA | GGCCGTTACCCCRCCDW | BGCCRTTACCMCACCAA
252,17,16,4,5,0.9020474806509321,0.9020474806509321,0.9073767202051363,72,RGCYRTTACCYCACCAA | GGCYTTTACCYYRCCAA | GGCCGTTACCCCRCCDW | BGCCRTTACCMCACCAA | GGCCAYTAYCCTACCRW
252,17,16,4,6,0.9130062717138779,0.9130062717138779,0.9148981446820802,88,RGCYRTTACCYCACCAA | GGCYTTTACCYYRCCAA | GGCCGTTACCCCRCCDW | BGCCRTTACCMCACCAA | GGCCAYTAYCCTACCRW | RGCCGTTACCYCACCWR
252,17,16,4,7,0.9313285491059157,0.93487739046741,0.9313285491059157,104,RGCYRTTACCYCACCAA | GGCYTTTACCYYRCCAA | GGCCGTTACCCCRCCDW | BGCCRTTACCMCACCAA | GGCCAYTAYCCTACCRW | RGCCGTTACCYCACCWR | RGCCTTTACCYYACCAW
252,17,16,4,8,0.938440724218418,0.938440724218418,0.9404769270540733,120,RGCYRTTACCYCACCAA | GGCYTTTACCYYRCCAA | GGCCGTTACCCCRCCDW | BGCCRTTACCMCACCAA | GGCCAYTAYCCTACCRW | RGCCGTTACCYCACCWR | RGCCTTTACCYYACCAW | GKCCRTTACMCYACCAA
251,21,4,2,1,0.40550756115468817,0.40550756115468817,0.46212087664356755,4,GTGRGCCGTTACCYCACCAAC
251,21,4,2,2,0.6577457068751887,0.6577457068751887,0.6609845074337256,8,GTGRGCCGTTACCYCACCAAC | GTAGGCYATTACCCYACCAAC
251,21,4,2,3,0.7001834714871121,0.7077403975377727,0.7001834714871121,12,GTGRGCCGTTACCYCACCAAC | GTAGGCYATTACCCYACCAAC | GTARGCCGTTACCCYACCAAC
251,21,4,2,4,0.7322161044331802,0.7463199625415015,0.7322161044331802,16,GTGRGCCGTTACCYCACCAAC | GTAGGCYATTACCCYACCAAC | GTARGCCGTTACCCYACCAAC | GTGGGCCATTACCCCRCCWAC
251,21,4,2,5,0.7662920385690728,0.7662920385690728,0.7672090956938712,20,GTGRGCCGTTACCYCACCAAC | GTAGGCYATTACCCYACCAAC | GTARGCCGTTACCCYACCAAC | GTGGGCCATTACCCCRCCWAC | GTARGCCATTACCYCACCAAC
251,21,4,2,6,0.7792937742903897,0.7870272996326824,0.7792937742903897,24,GTGRGCCGTTACCYCACCAAC | GTAGGCYATTACCCYACCAAC | GTARGCCGTTACCCYACCAAC | GTGGGCCATTACCCCRCCWAC | GTARGCCATTACCYCACCAAC | GTGGGCYTTTACCCCRCCAAC
251,21,4,2,7,0.7840430728207042,0.7910152281405262,0.7840430728207042,28,GTGRGCCGTTACCYCACCAAC | GTAGGCYATTACCCYACCAAC | GTARGCCGTTACCCYACCAAC | GTGGGCCATTACCCCRCCWAC | GTARGCCATTACCYCACCAAC | GTGGGCYTTTACCCCRCCAAC | GTAGGCCGTTACCCCRCCAWC
251,21,4,2,8,0.7918374045236926,0.7980254633186131,0.7918374045236926,32,GTGRGCCGTTACCYCACCAAC | GTAGGCYATTACCCYACCAAC | GTARGCCGTTACCCYACCAAC | GTGGGCCATTACCCCRCCWAC | GTARGCCATTACCYCACCAAC | GTGGGCYTTTACCCCRCCAAC | GTAGGCCGTTACCCCRCCAWC | GTGGGCCGTTACCCCACCRWC
251,21,8,3,1,0.5670130877487783,0.5670130877487783,0.6120394074641288,8,GTRRGCCGTTACCYCACCAAC
251,21,8,3,2,0.7303631000080092,0.7509854591509892,0.7303631000080092,16,GTRRGCCGTTACCYCACCAAC | GTAGGCYWTTACCCCRCCAAC
251,21,8,3,3,0.7593148932088268,0.771875335911376,0.7593148932088268,24,GTRRGCCGTTACCYCACCAAC | GTAGGCYWTTACCCCRCCAAC | GTARGCCATTACCCYACCAWC
251,21,8,3,4,0.7842913147757574,0.7921676434238537,0.7842913147757574,32,GTRRGCCGTTACCYCACCAAC | GTAGGCYWTTACCCCRCCAAC | GTARGCCATTACCCYACCAWC | GTGGGCCGTTACCCYRCCWAC
251,21,8,3,5,0.7968732134961347,0.8036099338916612,0.7968732134961347,40,GTRRGCCGTTACCYCACCAAC | GTAGGCYWTTACCCCRCCAAC | GTARGCCATTACCCYACCAWC | GTGGGCCGTTACCCYRCCWAC | GTGGGCCGTTACCCCRCCRWC
251,21,8,3,6,0.8335830052122648,0.8335830052122648,0.8401825331643943,48,GTRRGCCGTTACCYCACCAAC | GTAGGCYWTTACCCCRCCAAC | GTARGCCATTACCCYACCAWC | GTGGGCCGTTACCCYRCCWAC | GTGGGCCGTTACCCCRCCRWC | GTGRGCYATTACCTCWCCAAC
251,21,8,3,7,0.8429539119032272,0.8429539119032272,0.8511375068251882,56,GTRRGCCGTTACCYCACCAAC | GTAGGCYWTTACCCCRCCAAC | GTARGCCATTACCCYACCAWC | GTGGGCCGTTACCCYRCCWAC | GTGGGCCGTTACCCCRCCRWC | GTGRGCYATTACCTCWCCAAC | GTAGGCCTTTACCYYACCARC
251,21,8,3,8,0.8566348402733833,0.8566348402733833,0.8577678960772287,64,GTRRGCCGTTACCYCACCAAC | GTAGGCYWTTACCCCRCCAAC | GTARGCCATTACCCYACCAWC | GTGGGCCGTTACCCYRCCWAC | GTGGGCCGTTACCCCRCCRWC | GTGRGCYATTACCTCWCCAAC | GTAGGCCTTTACCYYACCARC | GTRGGCCWTTACCMCACCAAC
251,21,16,4,1,0.6803504145262239,0.6803504145262239,0.7129970179168876,16,GTRRGCCRTTACCYCACCAAC
251,21,16,4,2,0.7910270051125076,0.8131002010565074,0.7910270051125076,32,GTRRGCCRTTACCYCACCAAC | GTAGGCYTTTACCYYRCCAAC
251,21,16,4,3,0.8221014366903665,0.8381150551229054,0.8221014366903665,48,GTRRGCCRTTACCYCACCAAC | GTAGGCYTTTACCYYRCCAAC | GTGGGCYGTTACCYCRCCWAC
251,21,16,4,4,0.8415817700544461,0.8566273985701102,0.8415817700544461,64,GTRRGCCRTTACCYCACCAAC | GTAGGCYTTTACCYYRCCAAC | GTGGGCYGTTACCYCRCCWAC | GTGGGCCKTTACCMCACCRWC
251,21,16,4,5,0.846733757732801,0.8608087353366488,0.846733757732801,80,GTRRGCCRTTACCYCACCAAC | GTAGGCYTTTACCYYRCCAAC | GTGGGCYGTTACCYCRCCWAC | GTGGGCCKTTACCMCACCRWC | GTAGGCCATTAYCCYACCRWC
251,21,16,4,6,0.8572096190763209,0.8688776398743832,0.8572096190763209,96,GTRRGCCRTTACCYCACCAAC | GTAGGCYTTTACCYYRCCAAC | GTGGGCYGTTACCYCRCCWAC | GTGGGCCKTTACCMCACCRWC | GTAGGCCATTAYCCYACCRWC | GTGAGCCGTTACCYMACCWWC
251,21,16,4,7,0.8638718923588155,0.8800394131185296,0.8638718923588155,112,GTRRGCCRTTACCYCACCAAC | GTAGGCYTTTACCYYRCCAAC | GTGGGCYGTTACCYCRCCWAC | GTGGGCCKTTACCMCACCRWC | GTAGGCCATTAYCCYACCRWC | GTGAGCCGTTACCYMACCWWC | GTAKGCCGTTACCMYACCARC
251,21,16,4,8,0.8648930256639487,0.8811064008026827,0.8648930256639487,114,GTRRGCCRTTACCYCACCAAC | GTAGGCYTTTACCYYRCCAAC | GTGGGCYGTTACCYCRCCWAC | GTGGGCCKTTACCMCACCRWC | GTAGGCCATTAYCCYACCRWC | GTGAGCCGTTACCYMACCWWC | GTAKGCCGTTACCMYACCARC | GTGGGCCGTTACCSCACCAAC
252,19,4,2,1,0.40578228651842174,0.40578228651842174,0.46276958017789566,4,TGRGCCGTTACCYCACCAA
252,19,4,2,2,0.6583777017806501,0.6583777017806501,0.662254849934678,8,TGRGCCGTTACCYCACCAA | TAGGCYATTACCCYACCAA
252,19,4,2,3,0.7015113270189747,0.7082687440186902,0.7015113270189747,12,TGRGCCGTTACCYCACCAA | TAGGCYATTACCCYACCAA | TARGCCGTTACCCYACCAA
252,19,4,2,4,0.7334904586005927,0.7468483090224188,0.7334904586005927,16,TGRGCCGTTACCYCACCAA | TAGGCYATTACCCYACCAA | TARGCCGTTACCCYACCAA | TGGGCCATTACCCCRCCWA
252,19,4,2,5,0.7752939979860761,0.7752939979860761,0.7780520642035739,20,TGRGCCGTTACCYCACCAA | TAGGCYATTACCCYACCAA | TARGCCGTTACCCYACCAA | TGGGCCATTACCCCRCCWA | TAAGCCATTACCYYACCAA
252,19,4,2,6,0.7843282928878779,0.7843282928878779,0.7896214197314787,24,TGRGCCGTTACCYCACCAA | TAGGCYATTACCCYACCAA | TARGCCGTTACCCYACCAA | TGGGCCATTACCCCRCCWA | TAAGCCATTACCYYACCAA | TGGGCCGTTACCCCACCRW
252,19,4,2,7,0.801704996505252,0.8050635539514874,0.801704996505252,28,TGRGCCGTTACCYCACCAA | TAGGCYATTACCCYACCAA | TARGCCGTTACCCYACCAA | TGGGCCATTACCCCRCCWA | TAAGCCATTACCYYACCAA | TGGGCCGTTACCCCACCRW | TGGGCYTTTACCCCRCCAA
252,19,4,2,8,0.8065118176463035,0.8116778187253706,0.8065118176463035,32,TGRGCCGTTACCYCACCAA | TAGGCYATTACCCYACCAA | TARGCCGTTACCCYACCAA | TGGGCCATTACCCCRCCWA | TAAGCCATTACCYYACCAA | TGGGCCGTTACCCCACCRW | TGGGCYTTTACCCCRCCAA | TAGGCCKTTACCCCACCAW
252,19,8,3,1,0.5676450826542397,0.5676450826542397,0.6130162496257493,8,TRRGCCGTTACCYCACCAA
252,19,8,3,2,0.7316482200010669,0.7516174540564506,0.7316482200010669,16,TRRGCCGTTACCYCACCAA | TAGGCYWTTACCCCRCCAA
252,19,8,3,3,0.7607688624138543,0.7725073308168374,0.7607688624138543,24,TRRGCCGTTACCYCACCAA | TAGGCYWTTACCCCRCCAA | TARGCCATTACCCYACCAW
252,19,8,3,4,0.7849238273156093,0.791487002567543,0.7849238273156093,30,TRRGCCGTTACCYCACCAA | TAGGCYWTTACCCCRCCAA | TARGCCATTACCCYACCAW | TGGGCCGTTACCCCRCCDA
252,19,8,3,5,0.7977397201390489,0.7982843126980833,0.7977397201390489,38,TRRGCCGTTACCYCACCAA | TAGGCYWTTACCCCRCCAA | TARGCCATTACCCYACCAW | TGGGCCGTTACCCCRCCDA | TGSGCCGTTACCMCACCAW
252,19,8,3,6,0.8140858180145659,0.823722465156444,0.8140858180145659,46,TRRGCCGTTACCYCACCAA | TAGGCYWTTACCCCRCCAA | TARGCCATTACCCYACCAW | TGGGCCGTTACCCCRCCDA | TGSGCCGTTACCMCACCAW | TAGGCYTTTACCYYACCAA
252,19,8,3,7,0.8208233129574136,0.8336103031683764,0.8208233129574136,54,TRRGCCGTTACCYCACCAA | TAGGCYWTTACCCCRCCAA | TARGCCATTACCCYACCAW | TGGGCCGTTACCCCRCCDA | TGSGCCGTTACCMCACCAW | TAGGCYTTTACCYYACCAA | TGRGCCWTTACCCCACCAW
252,19,8,3,8,0.8332709676608868,0.8412984292489974,0.8332709676608868,62,TRRGCCGTTACCYCACCAA | TAGGCYWTTACCCCRCCAA | TARGCCATTACCCYACCAW | TGGGCCGTTACCCCRCCDA | TGSGCCGTTACCMCACCAW | TAGGCYTTTACCYYACCAA | TGRGCCWTTACCCCACCAW | TAGGCCGTTACCMYACCAR
252,19,16,4,1,0.6809419170442542,0.6809419170442542,0.7154259540459941,16,TRRGCCRTTACCYCACCAA
252,19,16,4,2,0.7934064987645989,0.8138192432842231,0.7934064987645989,32,TRRGCCRTTACCYCACCAA | TAGGCYTTTACCYYRCCAA
252,19,16,4,3,0.8262785576600877,0.8405736962855467,0.8262785576600877,44,TRRGCCRTTACCYCACCAA | TAGGCYTTTACCYYRCCAA | TGGGCCGTTACCCCRCCDW
252,19,16,4,4,0.8407345883305184,0.8609386795159875,0.8407345883305184,60,TRRGCCRTTACCYCACCAA | TAGGCYTTTACCYYRCCAA | TGGGCCGTTACCCCRCCDW | TGSGCCSTTACCMCWCCAA
252,19,16,4,5,0.8465627419255465,0.8658488792562871,0.8465627419255465,76,TRRGCCRTTACCYCACCAA | TAGGCYTTTACCYYRCCAA | TGGGCCGTTACCCCRCCDW | TGSGCCSTTACCMCWCCAA | TAGGCCATTAYCCYACCRW
251,23,4,2,1,0.4053063213926869,0.4053063213926869,0.4599960170168651,4,TGGTGRGCCGTTACCYCACCAAC
251,23,4,2,2,0.6573487531080778,0.6573487531080778,0.658419440797365,8,TGGTGRGCCGTTACCYCACCAAC | TGGTAGGCYATTACCCYACCAAC
251,23,4,2,3,0.697179331859051,0.7074253245730261,0.697179331859051,12,TGGTGRGCCGTTACCYCACCAAC | TGGTAGGCYATTACCCYACCAAC | TGGTARGCCGTTACCCYACCAAC
251,23,4,2,4,0.7312147021747486,0.7483403048934556,0.7312147021747486,16,TGGTGRGCCGTTACCYCACCAAC | TGGTAGGCYATTACCCYACCAAC | TGGTARGCCGTTACCCYACCAAC | TGGTGGGCYATTACCCCRCCAAC
251,23,4,2,5,0.7746833116434851,0.7767455014696818,0.7746833116434851,20,TGGTGRGCCGTTACCYCACCAAC | TGGTAGGCYATTACCCYACCAAC | TGGTARGCCGTTACCCYACCAAC | TGGTGGGCYATTACCCCRCCAAC | TGGTAAGCCATTACCYYACCAAC
251,23,4,2,6,0.7841197606996374,0.7841197606996374,0.7861750068935605,24,TGGTGRGCCGTTACCYCACCAAC | TGGTAGGCYATTACCCYACCAAC | TGGTARGCCGTTACCCYACCAAC | TGGTGGGCYATTACCCCRCCAAC | TGGTAAGCCATTACCYYACCAAC | TGGTGGGCCGTTACCCCRCCWAC
251,23,4,2,7,0.7900266223906321,0.7900266223906321,0.7917239399143995,28,TGGTGRGCCGTTACCYCACCAAC | TGGTAGGCYATTACCCYACCAAC | TGGTARGCCGTTACCCYACCAAC | TGGTGGGCYATTACCCCRCCAAC | TGGTAAGCCATTACCYYACCAAC | TGGTGGGCCGTTACCCCRCCWAC | TGGTGGGCCGTTACCYCACCAWC
251,23,4,2,8,0.7977872088676197,0.7996088892832879,0.7977872088676197,32,TGGTGRGCCGTTACCYCACCAAC | TGGTAGGCYATTACCCYACCAAC | TGGTARGCCGTTACCCYACCAAC | TGGTGGGCYATTACCCCRCCAAC | TGGTAAGCCATTACCYYACCAAC | TGGTGGGCCGTTACCCCRCCWAC | TGGTGGGCCGTTACCYCACCAWC | TGGTRGGCCTTTACCCCACCAWC
251,23,8,3,1,0.5664669380142958,0.5664669380142958,0.6091556760740665,8,TGGTRRGCCGTTACCYCACCAAC
251,23,8,3,2,0.7274261698097725,0.7507472493954458,0.7274261698097725,16,TGGTRRGCCGTTACCYCACCAAC | TGGTAGGCYWTTACCCCRCCAAC
251,23,8,3,3,0.7661818093420694,0.7766411788508324,0.7661818093420694,24,TGGTRRGCCGTTACCYCACCAAC | TGGTAGGCYWTTACCCCRCCAAC | TGGTARGCCATTACCYYACCAAC
251,23,8,3,4,0.7866329526458692,0.7919396343402858,0.7866329526458692,32,TGGTRRGCCGTTACCYCACCAAC | TGGTAGGCYWTTACCCCRCCAAC | TGGTARGCCATTACCYYACCAAC | TGGTGGGCCGTTACCCYRCCWAC
251,23,8,3,5,0.798915523127982,0.8057083360252534,0.798915523127982,40,TGGTRRGCCGTTACCYCACCAAC | TGGTAGGCYWTTACCCCRCCAAC | TGGTARGCCATTACCYYACCAAC | TGGTGGGCCGTTACCCYRCCWAC | TGGTGGGCYGTTACCYCACCAWC
251,23,8,3,6,0.8113434298635535,0.8207076187822017,0.8113434298635535,48,TGGTRRGCCGTTACCYCACCAAC | TGGTAGGCYWTTACCCCRCCAAC | TGGTARGCCATTACCYYACCAAC | TGGTGGGCCGTTACCCYRCCWAC | TGGTGGGCYGTTACCYCACCAWC | TGGTGSGCCGTTACCMCWCCAAC
251,23,8,3,7,0.8202093854723259,0.8290559599202219,0.8202093854723259,56,TGGTRRGCCGTTACCYCACCAAC | TGGTAGGCYWTTACCCCRCCAAC | TGGTARGCCATTACCYYACCAAC | TGGTGGGCCGTTACCCYRCCWAC | TGGTGGGCYGTTACCYCACCAWC | TGGTGSGCCGTTACCMCWCCAAC | TGGTGRGCCWTTACCCCACCAWC
251,23,8,3,8,0.8215185590688562,0.8291490697898679,0.8215185590688562,58,TGGTRRGCCGTTACCYCACCAAC | TGGTAGGCYWTTACCCCRCCAAC | TGGTARGCCATTACCYYACCAAC | TGGTGGGCCGTTACCCYRCCWAC | TGGTGGGCYGTTACCYCACCAWC | TGGTGSGCCGTTACCMCWCCAAC | TGGTGRGCCWTTACCCCACCAWC | TGGTAGGCCATTACCCCACCARC
251,23,16,4,1,0.6801185069202654,0.6801185069202654,0.7104690869398421,16,TGGTRRGCCRTTACCYCACCAAC
251,23,16,4,2,0.7888102423046502,0.812917714353952,0.7888102423046502,32,TGGTRRGCCRTTACCYCACCAAC | TGGTAGGCYTTTACCYYRCCAAC
251,23,16,4,3,0.8146220802768411,0.8328996172280735,0.8146220802768411,48,TGGTRRGCCRTTACCYCACCAAC | TGGTAGGCYTTTACCYYRCCAAC | WGGTGGGCYGTTACCCCRCCWAC
251,23,16,4,4,0.8282204079201483,0.8505628405565685,0.8282204079201483,60,TGGTRRGCCRTTACCYCACCAAC | TGGTAGGCYTTTACCYYRCCAAC | WGGTGGGCYGTTACCCCRCCWAC | TGGTGGGCCGTTACCHCWCCAWC
251,23,16,4,5,0.8339115449939875,0.8537731583363559,0.8339115449939875,76,TGGTRRGCCRTTACCYCACCAAC | TGGTAGGCYTTTACCYYRCCAAC | WGGTGGGCYGTTACCCCRCCWAC | TGGTGGGCCGTTACCHCWCCAWC | TGGTAGGCCAYTAYCCYACCAWC
251,23,16,4,6,0.840864838737569,0.8595858862515859,0.840864838737569,88,TGGTRRGCCRTTACCYCACCAAC | TGGTAGGCYTTTACCYYRCCAAC | WGGTGGGCYGTTACCCCRCCWAC | TGGTGGGCCGTTACCHCWCCAWC | TGGTAGGCCAYTAYCCYACCAWC | TGGTGSGCCKTTACCVCACCAAC
252,21,4,2,1,0.4056547468087363,0.4056547468087363,0.462309446002481,4,GGTGRGCCGTTACCYCACCAA
252,21,4,2,2,0.6580655288715584,0.6580655288715584,0.6617376632970224,8,GGTGRGCCGTTACCYCACCAA | GGTAGGCYATTACCCYACCAA
252,21,4,2,3,0.7008660126632503,0.7080602195341426,0.7008660126632503,12,GGTGRGCCGTTACCYCACCAA | GGTAGGCYATTACCCYACCAA | GGTARGCCGTTACCCYACCAA
252,21,4,2,4,0.7327766135431139,0.7466397845378712,0.7327766135431139,16,GGTGRGCCGTTACCYCACCAA | GGTAGGCYATTACCCYACCAA | GGTARGCCGTTACCCYACCAA | GGTGGGCCATTACCCCRCCWA
252,21,4,2,5,0.7750854735015283,0.7750854735015283,0.7766551239024331,20,GGTGRGCCGTTACCYCACCAA | GGTAGGCYATTACCCYACCAA | GGTARGCCGTTACCCYACCAA | GGTGGGCCATTACCCCRCCWA | GGTAAGCCATTACCYYACCAA
252,21,4,2,6,0.7841197684033302,0.7841197684033302,0.788224479430338,24,GGTGRGCCGTTACCYCACCAA | GGTAGGCYATTACCCYACCAA | GGTARGCCGTTACCCYACCAA | GGTGGGCCATTACCCCRCCWA | GGTAAGCCATTACCYYACCAA | GGTGGGCCGTTACCCCACCRW
252,21,4,2,7,0.800311498307925,0.8048550294669395,0.800311498307925,28,GGTGRGCCGTTACCYCACCAA | GGTAGGCYATTACCCYACCAA | GGTARGCCGTTACCCYACCAA | GGTGGGCCATTACCCCRCCWA | GGTAAGCCATTACCYYACCAA | GGTGGGCCGTTACCCCACCRW | GGTGGGCYTTTACCCCRCCAA
252,21,4,2,8,0.8051450684554196,0.8114692942408229,0.8051450684554196,32,GGTGRGCCGTTACCYCACCAA | GGTAGGCYATTACCCYACCAA | GGTARGCCGTTACCCYACCAA | GGTGGGCCATTACCCCRCCWA | GGTAAGCCATTACCYYACCAA | GGTGGGCCGTTACCCCACCRW | GGTGGGCYTTTACCCCRCCAA | GGTAGGCCKTTACCCCACCAW
252,21,8,3,1,0.5671542108554345,0.5671542108554345,0.6124077633895809,8,GGTRRGCCGTTACCYCACCAA
252,21,8,3,2,0.7310353914914751,0.75134577353479,0.7310353914914751,16,GGTRRGCCGTTACCYCACCAA | GGTAGGCYWTTACCCCRCCAA
252,21,8,3,3,0.770164957958328,0.7772801953776076,0.770164957958328,24,GGTRRGCCGTTACCYCACCAA | GGTAGGCYWTTACCCCRCCAA | GGTARGCCATTACCYYACCAA
252,21,8,3,4,0.7946074317860461,0.7962598671283132,0.7946074317860461,30,GGTRRGCCGTTACCYCACCAA | GGTAGGCYWTTACCCCRCCAA | GGTARGCCATTACCYYACCAA | GGTGGGCCGTTACCCCRCCDA
252,21,8,3,5,0.8057495259427934,0.8113710934292667,0.8057495259427934,38,GGTRRGCCGTTACCYCACCAA | GGTAGGCYWTTACCCCRCCAA | GGTARGCCATTACCYYACCAA | GGTGGGCCGTTACCCCRCCDA | GGTGGGCCGTTACCMCWCCAW
252,21,8,3,6,0.8161205559450426,0.8236036091493649,0.8161205559450426,46,GGTRRGCCGTTACCYCACCAA | GGTAGGCYWTTACCCCRCCAA | GGTARGCCATTACCYYACCAA | GGTGGGCCGTTACCCCRCCDA | GGTGGGCCGTTACCMCWCCAW | GGTAGGCCRTTACCCYACCAW
252,21,8,3,7,0.825515258397083,0.835225339358736,0.825515258397083,54,GGTRRGCCGTTACCYCACCAA | GGTAGGCYWTTACCCCRCCAA | GGTARGCCATTACCYYACCAA | GGTGGGCCGTTACCCCRCCDA | GGTGGGCCGTTACCMCWCCAW | GGTAGGCCRTTACCCYACCAW | GGTGGGCYWTTACCMCACCAA
252,21,16,4,1,0.680503662727664,0.680503662727664,0.714079349449985,16,GGTRRGCCRTTACCYCACCAA
252,21,16,4,2,0.792112492011866,0.8133404965802017,0.792112492011866,32,GGTRRGCCRTTACCYCACCAA | GGTAGGCYTTTACCYYRCCAA
252,21,16,4,3,0.8252720598333183,0.8400949495815252,0.8252720598333183,44,GGTRRGCCRTTACCYCACCAA | GGTAGGCYTTTACCYYRCCAA | GGTGGGCCGTTACCCCRCCDW
252,21,16,4,4,0.8397349747113765,0.8604133778771429,0.8397349747113765,60,GGTRRGCCRTTACCYCACCAA | GGTAGGCYTTTACCYYRCCAA | GGTGGGCCGTTACCCCRCCDW | GGTGSGCCSTTACCMCWCCAA
252,21,16,4,5,0.8455631283064048,0.8653235776174425,0.8455631283064048,76,GGTRRGCCRTTACCYCACCAA | GGTAGGCYTTTACCYYRCCAA | GGTGGGCCGTTACCCCRCCDW | GGTGSGCCSTTACCMCWCCAA | GGTAGGCCATTAYCCYACCRW
253,17,4,2,1,0.41649030942055604,0.41649030942055604,0.47415974802992183,4,GRGCCGTTACCYCACCA
253,17,4,2,2,0.6747103107183411,0.6747103107183411,0.6794513997177428,8,GRGCCGTTACCYCACCA | AGGCYATTACCCYACCA
253,17,4,2,3,0.721929764567796,0.7308962538870981,0.721929764567796,12,GRGCCGTTACCYCACCA | AGGCYATTACCCYACCA | ARGCCGTTACCCYACCA
253,17,4,2,4,0.7548782237582414,0.7734876038013518,0.7548782237582414,16,GRGCCGTTACCYCACCA | AGGCYATTACCCYACCA | ARGCCGTTACCCYACCA | GGGCCATTACCCCRCCW
253,17,4,2,5,0.8004609523915716,0.8023925455993214,0.8004609523915716,20,GRGCCGTTACCYCACCA | AGGCYATTACCCYACCA | ARGCCGTTACCCYACCA | GGGCCATTACCCCRCCW | AAGCCATTACCYYACCA
253,17,4,2,6,0.815085446797191,0.826556595658754,0.815085446797191,24,GRGCCGTTACCYCACCA | AGGCYATTACCCYACCA | ARGCCGTTACCCYACCA | GGGCCATTACCCCRCCW | AAGCCATTACCYYACCA | GGGCYTTTACCYCACCA
253,17,4,2,7,0.8333314329935506,0.8395663963089568,0.8333314329935506,28,GRGCCGTTACCYCACCA | AGGCYATTACCCYACCA | ARGCCGTTACCCYACCA | GGGCCATTACCCCRCCW | AAGCCATTACCYYACCA | GGGCYTTTACCYCACCA | GGGCCGTTACCCCRCCR
253,17,4,2,8,0.8428581680355065,0.8449805375615417,0.8428581680355065,32,GRGCCGTTACCYCACCA | AGGCYATTACCCYACCA | ARGCCGTTACCCYACCA | GGGCCATTACCCCRCCW | AAGCCATTACCYYACCA | GGGCYTTTACCYCACCA | GGGCCGTTACCCCRCCR | AGGCCTTTAYCCYACCA
253,17,8,3,1,0.5865437782835466,0.5865437782835466,0.6312566586593297,8,RRGCCGTTACCYCACCA
253,17,8,3,2,0.7543399136626688,0.7809028759677861,0.7543399136626688,16,RRGCCGTTACCYCACCA | AGGCYATTACCCYRCCA
253,17,8,3,3,0.7820266066902435,0.8105875602854056,0.7820266066902435,22,RRGCCGTTACCYCACCA | AGGCYATTACCCYRCCA | GGGCCATTACCCCRCCD
253,17,8,3,4,0.845076990665512,0.8637976823330628,0.845076990665512,30,RRGCCGTTACCYCACCA | AGGCYATTACCCYRCCA | GGGCCATTACCCCRCCD | RAGCYATTACCTYACCA
253,17,8,3,5,0.8661267720075635,0.8845512799270067,0.8661267720075635,38,RRGCCGTTACCYCACCA | AGGCYATTACCCYRCCA | GGGCCATTACCCCRCCD | RAGCYATTACCTYACCA | GGGCYGTTACCYCRCCA
253,17,8,3,6,0.8715239135488315,0.8886680175616228,0.8715239135488315,46,RRGCCGTTACCYCACCA | AGGCYATTACCCYRCCA | GGGCCATTACCCCRCCD | RAGCYATTACCTYACCA | GGGCYGTTACCYCRCCA | AGGCCTYTAYCCYACCA
253,17,8,3,7,0.8848876622553972,0.9054150034863717,0.8848876622553972,54,RRGCCGTTACCYCACCA | AGGCYATTACCCYRCCA | GGGCCATTACCCCRCCD | RAGCYATTACCTYACCA | GGGCYGTTACCYCRCCA | AGGCCTYTAYCCYACCA | GSGCCGTTACCMCWCCA
253,17,8,3,8,0.8899470890085887,0.9160670832748391,0.8899470890085887,62,RRGCCGTTACCYCACCA | AGGCYATTACCCYRCCA | GGGCCATTACCCCRCCD | RAGCYATTACCTYACCA | GGGCYGTTACCYCRCCA | AGGCCTYTAYCCYACCA | GSGCCGTTACCMCWCCA | AKGCCGTTACCMYACCA
253,17,16,4,1,0.7014854346656345,0.7014854346656345,0.7359583547366992,16,RRGCCRTTACCYCACCA
253,17,16,4,2,0.8165667434938563,0.8381172747302129,0.8165667434938563,32,RRGCCRTTACCYCACCA | AGGCYTTTACCYYRCCA
253,17,16,4,3,0.8548566551217863,0.8714542740608673,0.8548566551217863,44,RRGCCRTTACCYCACCA | AGGCYTTTACCYYRCCA | GGGCYGTTACCCCRCCD
253,17,16,4,4,0.8584660110637037,0.8733901683566176,0.8584660110637037,60,RRGCCRTTACCYCACCA | AGGCYTTTACCYYRCCA | GGGCYGTTACCCCRCCD | AGGCCAYTAYCCYACCR
253,17,16,4,5,0.8999922962871906,0.910257525969445,0.8999922962871906,72,RRGCCRTTACCYCACCA | AGGCYTTTACCYYRCCA | GGGCYGTTACCCCRCCD | AGGCCAYTAYCCYACCR | GAGCYBTTACCWCACCA
253,17,16,4,6,0.9049248694613198,0.9122387975777907,0.9049248694613198,88,RRGCCRTTACCYCACCA | AGGCYTTTACCYYRCCA | GGGCYGTTACCCCRCCD | AGGCCAYTAYCCYACCR | GAGCYBTTACCWCACCA | AGKCCATTACMCYACCW
253,19,4,2,1,0.415064814313956,0.415064814313956,0.4715632583088967,4,GTGRGCCGTTACCYCACCA
253,19,4,2,2,0.6732403294719796,0.6732403294719796,0.6759627919864629,8,GTGRGCCGTTACCYCACCA | GTAGGCYATTACCCYACCA
253,19,4,2,3,0.7184340836841078,0.7295079372617832,0.7184340836841078,12,GTGRGCCGTTACCYCACCA | GTAGGCYATTACCCYACCA | GTARGCCGTTACCCYACCA
253,19,4,2,4,0.7512557514692029,0.7720602504021041,0.7512557514692029,16,GTGRGCCGTTACCYCACCA | GTAGGCYATTACCCYACCA | GTARGCCGTTACCCYACCA | GTGGGCCATTACCCCRCCW
253,19,4,2,5,0.7964250163242893,0.8009732010683194,0.7964250163242893,20,GTGRGCCGTTACCYCACCA | GTAGGCYATTACCCYACCA | GTARGCCGTTACCCYACCA | GTGGGCCATTACCCCRCCW | GTAAGCCATTACCYYACCA
253,19,4,2,6,0.8106745499400557,0.8188692305315114,0.8106745499400557,24,GTGRGCCGTTACCYCACCA | GTAGGCYATTACCCYACCA | GTARGCCGTTACCCYACCA | GTGGGCCATTACCCCRCCW | GTAAGCCATTACCYYACCA | GTGGGCCTTTACCCCRCCR
253,19,4,2,7,0.8210232046577918,0.8351631103778342,0.8210232046577918,28,GTGRGCCGTTACCYCACCA | GTAGGCYATTACCCYACCA | GTARGCCGTTACCCYACCA | GTGGGCCATTACCCCRCCW | GTAAGCCATTACCYYACCA | GTGGGCCTTTACCCCRCCR | GTGGGCYTTTACCYCACCA
253,19,4,2,8,0.8339590470739959,0.8422100976754235,0.8339590470739959,32,GTGRGCCGTTACCYCACCA | GTAGGCYATTACCCYACCA | GTARGCCGTTACCCYACCA | GTGGGCCATTACCCCRCCW | GTAAGCCATTACCYYACCA | GTGGGCCTTTACCCCRCCR | GTGGGCYTTTACCYCACCA | GTGGGCYGTTACCCCRCCA
253,19,8,3,1,0.5850355371466079,0.5850355371466079,0.6282676724838062,8,GTRRGCCGTTACCYCACCA
253,19,8,3,2,0.7505901677383302,0.7776039670256228,0.7505901677383302,16,GTRRGCCGTTACCYCACCA | GTAGGCYATTACCCYRCCA
253,19,8,3,3,0.7777038542891602,0.8071436409894686,0.7777038542891602,22,GTRRGCCGTTACCYCACCA | GTAGGCYATTACCCYRCCA | GTGGGCCATTACCCCRCCD
253,19,8,3,4,0.8398539061140967,0.8602526941452613,0.8398539061140967,30,GTRRGCCGTTACCYCACCA | GTAGGCYATTACCCYRCCA | GTGGGCCATTACCCCRCCD | GTRAGCYATTACCTYACCA
253,19,8,3,5,0.8612262831985528,0.8806615382884422,0.8612262831985528,38,GTRRGCCGTTACCYCACCA | GTAGGCYATTACCCYRCCA | GTGGGCCATTACCCCRCCD | GTRAGCYATTACCTYACCA | GTGGGCYGTTACCYCRCCA
253,19,8,3,6,0.8667002060666021,0.8847811177795325,0.8667002060666021,46,GTRRGCCGTTACCYCACCA | GTAGGCYATTACCCYRCCA | GTGGGCCATTACCCCRCCD | GTRAGCYATTACCTYACCA | GTGGGCYGTTACCYCRCCA | GTAGGCCTYTAYCCYACCA
253,19,8,3,7,0.8815368146357981,0.8941515501712489,0.8815368146357981,54,GTRRGCCGTTACCYCACCA | GTAGGCYATTACCCYRCCA | GTGGGCCATTACCCCRCCD | GTRAGCYATTACCTYACCA | GTGGGCYGTTACCYCRCCA | GTAGGCCTYTAYCCYACCA | GTGSGCCGTTACCMCACCW
253,19,8,3,8,0.8865277106872352,0.9049075367348486,0.8865277106872352,62,GTRRGCCGTTACCYCACCA | GTAGGCYATTACCCYRCCA | GTGGGCCATTACCCCRCCD | GTRAGCYATTACCTYACCA | GTGGGCYGTTACCYCRCCA | GTAGGCCTYTAYCCYACCA | GTGSGCCGTTACCMCACCW | GTAKGCCGTTACCMYACCA
253,19,16,4,1,0.6999580479184928,0.6999580479184928,0.731551632398416,16,GTRRGCCRTTACCYCACCA
253,19,16,4,2,0.811420000963118,0.8360520469655914,0.811420000963118,32,GTRRGCCRTTACCYCACCA | GTAGGCYTTTACCYYRCCA
253,19,16,4,3,0.8492018126428792,0.8684842336773858,0.8492018126428792,44,GTRRGCCRTTACCYCACCA | GTAGGCYTTTACCYYRCCA | GTGGGCYGTTACCCCRCCD
253,19,16,4,4,0.8528111685847967,0.8704608590451105,0.8528111685847967,60,GTRRGCCRTTACCYCACCA | GTAGGCYTTTACCYYRCCA | GTGGGCYGTTACCCCRCCD | GTAGGCCAYTAYCCYACCR
253,19,16,4,5,0.8943559744314689,0.9071979304561224,0.8943559744314689,72,GTRRGCCRTTACCYCACCA | GTAGGCYTTTACCYYRCCA | GTGGGCYGTTACCCCRCCD | GTAGGCCAYTAYCCYACCR | GTGAGCYBTTACCWCACCA
252,23,4,2,1,0.405116695751729,0.405116695751729,0.46001278777647264,4,TTGGTGRGCCGTTACCYCACCAA
252,23,4,2,2,0.6573317638094415,0.6573317638094415,0.65817398524288,8,TTGGTGRGCCGTTACCYCACCAA | TTGGTAGGCYATTACCCYACCAA
252,23,4,2,3,0.6968504594882202,0.7073617803395668,0.6968504594882202,12,TTGGTGRGCCGTTACCYCACCAA | TTGGTAGGCYATTACCCYACCAA | TTGGTARGCCGTTACCCYACCAA
252,23,4,2,4,0.7308324228814174,0.7482362682725651,0.7308324228814174,16,TTGGTGRGCCGTTACCYCACCAA | TTGGTAGGCYATTACCCYACCAA | TTGGTARGCCGTTACCCYACCAA | TTGGTGGGCYATTACCCCRCCAA
252,23,4,2,5,0.7746424025389821,0.7766819572362224,0.7746424025389821,20,TTGGTGRGCCGTTACCYCACCAA | TTGGTAGGCYATTACCCYACCAA | TTGGTARGCCGTTACCCYACCAA | TTGGTGGGCYATTACCCCRCCAA | TTGGTAAGCCATTACCYYACCAA
252,23,4,2,6,0.7839521798452874,0.7839521798452874,0.78616663879446,24,TTGGTGRGCCGTTACCYCACCAA | TTGGTAGGCYATTACCCYACCAA | TTGGTARGCCGTTACCCYACCAA | TTGGTGGGCYATTACCCCRCCAA | TTGGTAAGCCATTACCYYACCAA | TTGGTGGGCCGTTACCCCRCCWA
252,23,4,2,7,0.7934264504597759,0.7949802851365537,0.7934264504597759,28,TTGGTGRGCCGTTACCYCACCAA | TTGGTAGGCYATTACCCYACCAA | TTGGTARGCCGTTACCCYACCAA | TTGGTGGGCYATTACCCCRCCAA | TTGGTAAGCCATTACCYYACCAA | TTGGTGGGCCGTTACCCCRCCWA | TTGGTGGGCCGTTACCMCWCCAA
252,23,4,2,8,0.8019673650282558,0.8037535932999033,0.8019673650282558,32,TTGGTGRGCCGTTACCYCACCAA | TTGGTAGGCYATTACCCYACCAA | TTGGTARGCCGTTACCCYACCAA | TTGGTGGGCYATTACCCCRCCAA | TTGGTAAGCCATTACCYYACCAA | TTGGTGGGCCGTTACCCCRCCWA | TTGGTGGGCCGTTACCMCWCCAA | TTGGTRGGCCTTTACCCCRCCAA
252,23,8,3,1,0.5658247877149591,0.5658247877149591,0.6088789762356651,8,TTGGTRRGCCGTTACCYCACCAA
252,23,8,3,2,0.7272958048013044,0.750793804330269,0.7272958048013044,16,TTGGTRRGCCGTTACCYCACCAA | TTGGTAGGCYWTTACCCCRCCAA
252,23,8,3,3,0.7663997696296522,0.7767282261730867,0.7663997696296522,24,TTGGTRRGCCGTTACCYCACCAA | TTGGTAGGCYWTTACCCCRCCAA | TTGGTARGCCATTACCYYACCAA
252,23,8,3,4,0.7860115883194476,0.7906383530734847,0.7860115883194476,30,TTGGTRRGCCGTTACCYCACCAA | TTGGTAGGCYWTTACCCCRCCAA | TTGGTARGCCATTACCYYACCAA | TTGGTGGGCCGTTACCCCRCCDA
252,23,8,3,5,0.7980718841693202,0.8056376358304332,0.7980718841693202,38,TTGGTRRGCCGTTACCYCACCAA | TTGGTAGGCYWTTACCCCRCCAA | TTGGTARGCCATTACCYYACCAA | TTGGTGGGCCGTTACCCCRCCDA | TTGGTGSGCCGTTACCMCWCCAA
252,23,16,4,1,0.6792799318020101,0.6792799318020101,0.7110455235120897,16,TTGGTRRGCCRTTACCYCACCAA
252,23,16,4,2,0.7893045852122055,0.8121601240105588,0.7893045852122055,32,TTGGTRRGCCRTTACCYCACCAA | TTGGTAGGCYTTTACCYYRCCAA
252,23,16,4,3,0.8156120701043515,0.8309287266578994,0.8156120701043515,44,TTGGTRRGCCRTTACCYCACCAA | TTGGTAGGCYTTTACCYYRCCAA | TTGGTGGGCYGTTACCCCRCCDA
252,23,16,4,4,0.8297795719155691,0.8472507681354959,0.8297795719155691,60,TTGGTRRGCCRTTACCYCACCAA | TTGGTAGGCYTTTACCYYRCCAA | TTGGTGGGCYGTTACCCCRCCDA | TTGGTGSGCCKTTACCMCWCCAA
252,23,16,4,5,0.8400719553721717,0.8529416556943396,0.8400719553721717,76,TTGGTRRGCCRTTACCYCACCAA | TTGGTAGGCYTTTACCYYRCCAA | TTGGTGGGCYGTTACCCCRCCDA | TTGGTGSGCCKTTACCMCWCCAA | TTGGTAGGCCRTTACCMYACCAW
253,21,4,2,1,0.41487650234494894,0.41487650234494894,0.46943856390484645,4,TGGTGRGCCGTTACCYCACCA
253,21,4,2,2,0.6718989419460822,0.6718989419460822,0.6734002797215745,8,TGGTGRGCCGTTACCYCACCA | TGGTAGGCYATTACCCYACCA
253,21,4,2,3,0.7154324984275187,0.7282713081288783,0.7154324984275187,12,TGGTGRGCCGTTACCYCACCA | TGGTAGGCYATTACCCYACCA | TGGTARGCCGTTACCCYACCA
253,21,4,2,4,0.7497501825991632,0.7697186505583361,0.7497501825991632,16,TGGTGRGCCGTTACCYCACCA | TGGTAGGCYATTACCCYACCA | TGGTARGCCGTTACCCYACCA | TGGTGGGCYATTACCCCRCCA
253,21,4,2,5,0.7946509633567693,0.7986323776172445,0.7946509633567693,20,TGGTGRGCCGTTACCYCACCA | TGGTAGGCYATTACCCYACCA | TGGTARGCCGTTACCCYACCA | TGGTGGGCYATTACCCCRCCA | TGGTAAGCCATTACCYYACCA
253,21,4,2,6,0.8081004028876517,0.808481577106125,0.8081004028876517,24,TGGTGRGCCGTTACCYCACCA | TGGTAGGCYATTACCCYACCA | TGGTARGCCGTTACCCYACCA | TGGTGGGCYATTACCCCRCCA | TGGTAAGCCATTACCYYACCA | TGGTGGGCCGTTACCCCRCCR
253,21,4,2,7,0.8163057770790695,0.818314757308332,0.8163057770790695,28,TGGTGRGCCGTTACCYCACCA | TGGTAGGCYATTACCCYACCA | TGGTARGCCGTTACCCYACCA | TGGTGGGCYATTACCCCRCCA | TGGTAAGCCATTACCYYACCA | TGGTGGGCCGTTACCCCRCCR | TGGTRGGCCTTTACCCCRCCA
253,21,4,2,8,0.8262013533910947,0.8342803103377564,0.8262013533910947,32,TGGTGRGCCGTTACCYCACCA | TGGTAGGCYATTACCCYACCA | TGGTARGCCGTTACCCYACCA | TGGTGGGCYATTACCCCRCCA | TGGTAAGCCATTACCYYACCA | TGGTGGGCCGTTACCCCRCCR | TGGTRGGCCTTTACCCCRCCA | TGGTGGGCYTTTACCYCACCA
253,21,8,3,1,0.5845256983056503,0.5845256983056503,0.6253167937922878,8,TGGTRRGCCGTTACCYCACCA
253,21,8,3,2,0.7472856687836749,0.7763227499334499,0.7472856687836749,16,TGGTRRGCCGTTACCYCACCA | TGGTAGGCYATTACCCYRCCA
253,21,8,3,3,0.7752665604383305,0.807828881708022,0.7752665604383305,24,TGGTRRGCCGTTACCYCACCA | TGGTAGGCYATTACCCYRCCA | TGGTGGGCYATTACCYCRCCA
253,21,8,3,4,0.8224968530779564,0.8438968681594251,0.8224968530779564,32,TGGTRRGCCGTTACCYCACCA | TGGTAGGCYATTACCCYRCCA | TGGTGGGCYATTACCYCRCCA | TGGTAAGCYATTACCYYACCA
253,21,8,3,5,0.8426541096181522,0.860573625159502,0.8426541096181522,38,TGGTRRGCCGTTACCYCACCA | TGGTAGGCYATTACCCYRCCA | TGGTGGGCYATTACCYCRCCA | TGGTAAGCYATTACCYYACCA | TGGTGGGCCGTTACCCCRCCD
253,21,8,3,6,0.8543227874691084,0.8785511499579429,0.8543227874691084,46,TGGTRRGCCGTTACCYCACCA | TGGTAGGCYATTACCCYRCCA | TGGTGGGCYATTACCYCRCCA | TGGTAAGCYATTACCYYACCA | TGGTGGGCCGTTACCCCRCCD | TGGTRSGCCTTTACCMCACCA
253,21,8,3,7,0.8594386661162009,0.8891218723707003,0.8594386661162009,52,TGGTRRGCCGTTACCYCACCA | TGGTAGGCYATTACCCYRCCA | TGGTGGGCYATTACCYCRCCA | TGGTAAGCYATTACCYYACCA | TGGTGGGCCGTTACCCCRCCD | TGGTRSGCCTTTACCMCACCA | TGGTGGGCCGTTACCVCWCCA
253,21,8,3,8,0.8608668304948219,0.8919257208814787,0.8608668304948219,56,TGGTRRGCCGTTACCYCACCA | TGGTAGGCYATTACCCYRCCA | TGGTGGGCYATTACCYCRCCA | TGGTAAGCYATTACCYYACCA | TGGTGGGCCGTTACCCCRCCD | TGGTRSGCCTTTACCMCACCA | TGGTGGGCCGTTACCVCWCCA | TGGTGGGCCTTTACCCCRCCR
253,21,16,4,1,0.698765230352163,0.698765230352163,0.7290284561157745,16,TGGTRRGCCRTTACCYCACCA
253,21,16,4,2,0.8092091638208384,0.8348621016956179,0.8092091638208384,32,TGGTRRGCCRTTACCYCACCA | TGGTAGGCYTTTACCYYRCCA
253,21,16,4,3,0.8387693733087187,0.8591434069593835,0.8387693733087187,44,TGGTRRGCCRTTACCYCACCA | TGGTAGGCYTTTACCYYRCCA | TGGTGGGCYGTTACCCCRCCD
253,21,16,4,4,0.8524788162774075,0.8762702058048385,0.8524788162774075,60,TGGTRRGCCRTTACCYCACCA | TGGTAGGCYTTTACCYYRCCA | TGGTGGGCYGTTACCCCRCCD | TGGTGSGCCRTTACCMCWCCA
253,21,16,4,5,0.8558017472866738,0.8769745032100088,0.8558017472866738,76,TGGTRRGCCRTTACCYCACCA | TGGTAGGCYTTTACCYYRCCA | TGGTGGGCYGTTACCCCRCCD | TGGTGSGCCRTTACCMCWCCA | TGGTAGGCCAYTAYCYYACCA
253,21,16,4,6,0.8568118167419652,0.8784354850639771,0.8568118167419652,78,TGGTRRGCCRTTACCYCACCA | TGGTAGGCYTTTACCYYRCCA | TGGTGGGCYGTTACCCCRCCD | TGGTGSGCCRTTACCMCWCCA | TGGTAGGCCAYTAYCYYACCA | TGGTGGGCCATTACCCCMCCA
254,17,4,2,1,0.34874245539815457,0.34874245539815457,0.395850926276822,4,TGGGCCRTTACCYCACC
254,17,4,2,2,0.5841147023829559,0.5841147023829559,0.6090744730376315,8,TGGGCCRTTACCYCACC | TAGGCCRTTACCCCRCC
254,17,4,2,3,0.7090014094079805,0.7090014094079805,0.7245244447697864,12,TGGGCCRTTACCYCACC | TAGGCCRTTACCCCRCC | TAAGCCTTTACCYYACC
254,17,4,2,4,0.7352344510321412,0.7352344510321412,0.7517568415163024,16,TGGGCCRTTACCYCACC | TAGGCCRTTACCCCRCC | TAAGCCTTTACCYYACC | TGGGCCGTTACCYCRCC
254,17,4,2,5,0.7806519786927181,0.7960222091362,0.7806519786927181,20,TGGGCCRTTACCYCACC | TAGGCCRTTACCCCRCC | TAAGCCTTTACCYYACC | TGGGCCGTTACCYCRCC | TAGGCYGTTACCCYACC
254,17,4,2,6,0.8073608223307657,0.8161014661756001,0.8073608223307657,24,TGGGCCRTTACCYCACC | TAGGCCRTTACCCCRCC | TAAGCCTTTACCYYACC | TGGGCCGTTACCYCRCC | TAGGCYGTTACCCYACC | TGRGCCGTTACCCCWCC
254,17,4,2,7,0.8171842524594921,0.8221538980645606,0.8171842524594921,28,TGGGCCRTTACCYCACC | TAGGCCRTTACCCCRCC | TAAGCCTTTACCYYACC | TGGGCCGTTACCYCRCC | TAGGCYGTTACCCYACC | TGRGCCGTTACCCCWCC | TGSGCCATTACCMCACC
254,17,4,2,8,0.8239159439965809,0.8253393853507731,0.8239159439965809,32,TGGGCCRTTACCYCACC | TAGGCCRTTACCCCRCC | TAAGCCTTTACCYYACC | TGGGCCGTTACCYCRCC | TAGGCYGTTACCCYACC | TGRGCCGTTACCCCWCC | TGSGCCATTACCMCACC | TAGGCCAYTACCCYACC
254,17,8,3,1,0.49974542817324874,0.49974542817324874,0.5231703291656474,8,TRGGCCRTTACCYCACC
254,17,8,3,2,0.652974071050385,0.652974071050385,0.6792441308861813,16,TRGGCCRTTACCYCACC | TGRGCCGTTACCYCRCC
254,17,8,3,3,0.781489643105072,0.7980344931267536,0.781489643105072,24,TRGGCCRTTACCYCACC | TGRGCCGTTACCYCRCC | TAAGCYTTTACCYYACC
254,17,8,3,4,0.8115876066628482,0.827322346904542,0.8115876066628482,32,TRGGCCRTTACCYCACC | TGRGCCGTTACCYCRCC | TAAGCYTTTACCYYACC | TAGGCCSTTACCCYRCC
254,17,8,3,5,0.8254764646247987,0.8481257266745468,0.8254764646247987,40,TRGGCCRTTACCYCACC | TGRGCCGTTACCYCRCC | TAAGCYTTTACCYYACC | TAGGCCSTTACCCYRCC | TGGGCCRTTACCMCWCC
254,17,8,3,6,0.8417630937040413,0.8679550094460252,0.8417630937040413,48,TRGGCCRTTACCYCACC | TGRGCCGTTACCYCRCC | TAAGCYTTTACCYYACC | TAGGCCSTTACCCYRCC | TGGGCCRTTACCMCWCC | TGGGCYATTACCYCRCC
254,17,8,3,7,0.85522753145894,0.8769395418514344,0.85522753145894,56,TRGGCCRTTACCYCACC | TGRGCCGTTACCYCRCC | TAAGCYTTTACCYYACC | TAGGCCSTTACCCYRCC | TGGGCCRTTACCMCWCC | TGGGCYATTACCYCRCC | TAGGCCWYTACCCYACC
254,17,8,3,8,0.9055932629100399,0.9055932629100399,0.9070885461025365,64,TRGGCCRTTACCYCACC | TGRGCCGTTACCYCRCC | TAAGCYTTTACCYYACC | TAGGCCSTTACCCYRCC | TGGGCCRTTACCMCWCC | TGGGCYATTACCYCRCC | TAGGCCWYTACCCYACC | TGAGCYRTTACCTCWCC
254,17,16,4,1,0.622827355585663,0.622827355585663,0.6514890678982206,16,TRGGCCRTTACCYCRCC
254,17,16,4,2,0.806845873009574,0.8282898096717456,0.806845873009574,32,TRGGCCRTTACCYCRCC | TARGCYTTTACCYYACC
254,17,16,4,3,0.8709488978616489,0.8711433993631276,0.8709488978616489,48,TRGGCCRTTACCYCRCC | TARGCYTTTACCYYACC | TGRGCYGTTACCYCWCC
254,17,16,4,4,0.8750376326248289,0.8750376326248289,0.881981813855774,64,TRGGCCRTTACCYCRCC | TARGCYTTTACCYYACC | TGRGCYGTTACCYCWCC | TAGGCCAYTAYCCYRCC
254,17,16,4,5,0.8956450182362093,0.8956450182362093,0.8990738910777986,80,TRGGCCRTTACCYCRCC | TARGCYTTTACCYYACC | TGRGCYGTTACCYCWCC | TAGGCCAYTAYCCYRCC | TGSGCCMTTACCMCRCC
254,17,16,4,6,0.9072611208185504,0.9072611208185504,0.9130921910294538,96,TRGGCCRTTACCYCRCC | TARGCYTTTACCYYACC | TGRGCYGTTACCYCWCC | TAGGCCAYTAYCCYRCC | TGSGCCMTTACCMCRCC | TRRGCCATTACCYCMCC
254,17,16,4,7,0.9185086413852148,0.9274204913745067,0.9185086413852148,112,TRGGCCRTTACCYCRCC | TARGCYTTTACCYYACC | TGRGCYGTTACCYCWCC | TAGGCCAYTAYCCYRCC | TGSGCCMTTACCMCRCC | TRRGCCATTACCYCMCC | TAKGCCKTTACCMCWCC
254,17,16,4,8,0.9246523595090714,0.9275014368172783,0.9246523595090714,128,TRGGCCRTTACCYCRCC | TARGCYTTTACCYYACC | TGRGCYGTTACCYCWCC | TAGGCCAYTAYCCYRCC | TGSGCCMTTACCMCRCC | TRRGCCATTACCYCMCC | TAKGCCKTTACCMCWCC | TAGKCCATTACMCYRCC
253,23,4,2,1,0.40202820139786993,0.40202820139786993,0.45617728322365886,4,CTTGGTGRGCCGTTACCYCACCA
253,23,4,2,2,0.6248240187448492,0.6248240187448492,0.6633440785052941,8,CTTGGTGRGCCGTTACCYCACCA | CTTGGTARGCCATTACCCYACCA
253,23,4,2,3,0.686101726703126,0.686101726703126,0.6974173022442137,12,CTTGGTGRGCCGTTACCYCACCA | CTTGGTARGCCATTACCCYACCA | CTTGGTAGGCYGTTACCCYACCA
253,23,4,2,4,0.7326889268768514,0.7326889268768514,0.7415004244593728,16,CTTGGTGRGCCGTTACCYCACCA | CTTGGTARGCCATTACCCYACCA | CTTGGTAGGCYGTTACCCYACCA | CTTGGTGGGCYGTTACCCCRCCA
253,23,4,2,5,0.7875980526454179,0.7965504046155935,0.7875980526454179,20,CTTGGTGRGCCGTTACCYCACCA | CTTGGTARGCCATTACCCYACCA | CTTGGTAGGCYGTTACCCYACCA | CTTGGTGGGCYGTTACCCCRCCA | CTTGGTAAGCYGTTACCTYACCA
253,23,4,2,6,0.7992572276545542,0.8129609395727196,0.7992572276545542,24,CTTGGTGRGCCGTTACCYCACCA | CTTGGTARGCCATTACCCYACCA | CTTGGTAGGCYGTTACCCYACCA | CTTGGTGGGCYGTTACCCCRCCA | CTTGGTAAGCYGTTACCTYACCA | CTTGGTRGGCYTTTACCCCACCA
253,23,4,2,7,0.8099534512818627,0.8178545212310118,0.8099534512818627,28,CTTGGTGRGCCGTTACCYCACCA | CTTGGTARGCCATTACCCYACCA | CTTGGTAGGCYGTTACCCYACCA | CTTGGTGGGCYGTTACCCCRCCA | CTTGGTAAGCYGTTACCTYACCA | CTTGGTRGGCYTTTACCCCACCA | CTTGGTGSGCCATTACCMCACCA
253,23,4,2,8,0.8204091501592554,0.8279712579078359,0.8204091501592554,32,CTTGGTGRGCCGTTACCYCACCA | CTTGGTARGCCATTACCCYACCA | CTTGGTAGGCYGTTACCCYACCA | CTTGGTGGGCYGTTACCCCRCCA | CTTGGTAAGCYGTTACCTYACCA | CTTGGTRGGCYTTTACCCCACCA | CTTGGTGSGCCATTACCMCACCA | CTTGGTGRGCCATTACCYCACCA
253,23,8,3,1,0.5616633862901007,0.5616633862901007,0.6057497200547423,8,CTTGGTRRGCCGTTACCYCACCA
253,23,8,3,2,0.7273286314805314,0.7513642604652412,0.7273286314805314,16,CTTGGTRRGCCGTTACCYCACCA | CTTGGTAGGCYWTTACCCCRCCA
253,23,8,3,3,0.7501154110388701,0.7723636273095073,0.7501154110388701,24,CTTGGTRRGCCGTTACCYCACCA | CTTGGTAGGCYWTTACCCCRCCA | CTTGGTGGGCCRTTACCCCRCCW
253,23,8,3,4,0.7991060887269029,0.8112844632697503,0.7991060887269029,32,CTTGGTRRGCCGTTACCYCACCA | CTTGGTAGGCYWTTACCCCRCCA | CTTGGTGGGCCRTTACCCCRCCW | CTTGGTAAGCYATTACCYYACCA
253,23,8,3,5,0.8111508091861855,0.8268298411986462,0.8111508091861855,40,CTTGGTRRGCCGTTACCYCACCA | CTTGGTAGGCYWTTACCCCRCCA | CTTGGTGGGCCRTTACCCCRCCW | CTTGGTAAGCYATTACCYYACCA | CTTGGTGSGCCGTTACCMCWCCA
253,23,8,3,6,0.8211081454468451,0.8354821027008676,0.8211081454468451,48,CTTGGTRRGCCGTTACCYCACCA | CTTGGTAGGCYWTTACCCCRCCA | CTTGGTGGGCCRTTACCCCRCCW | CTTGGTAAGCYATTACCYYACCA | CTTGGTGSGCCGTTACCMCWCCA | CTTGGTGGGCCGTTACCCYRCCR
253,23,16,4,1,0.6785255224245289,0.6785255224245289,0.7110174683818914,16,CTTGGTRRGCCRTTACCYCACCA
253,23,16,4,2,0.7892199232770891,0.814066492914672,0.7892199232770891,32,CTTGGTRRGCCRTTACCYCACCA | CTTGGTAGGCYTTTACCYYRCCA
253,23,16,4,3,0.8204862644503463,0.8394322830130272,0.8204862644503463,44,CTTGGTRRGCCRTTACCYCACCA | CTTGGTAGGCYTTTACCYYRCCA | CTTGGTGGGCYGTTACCCCRCCD
253,23,16,4,4,0.8347220296243409,0.857373038741028,0.8347220296243409,60,CTTGGTRRGCCRTTACCYCACCA | CTTGGTAGGCYTTTACCYYRCCA | CTTGGTGGGCYGTTACCCCRCCD | CTTGGTGSGCCKTTACCMCWCCA
253,23,16,4,5,0.8464026446711032,0.8623399876657021,0.8464026446711032,76,CTTGGTRRGCCRTTACCYCACCA | CTTGGTAGGCYTTTACCYYRCCA | CTTGGTGGGCYGTTACCCCRCCD | CTTGGTGSGCCKTTACCMCWCCA | CTTGGTAGGCCRTTACCMYRCCA
253,23,16,4,6,0.8498221963194544,0.8698448483143081,0.8498221963194544,92,CTTGGTRRGCCRTTACCYCACCA | CTTGGTAGGCYTTTACCYYRCCA | CTTGGTGGGCYGTTACCCCRCCD | CTTGGTGSGCCKTTACCMCWCCA | CTTGGTAGGCCRTTACCMYRCCA | CTTGGTGGGCCWTTACCYCRCCW
254,19,4,2,1,0.34748800236225336,0.34748800236225336,0.395620252904014,4,GGTGGGCCRTTACCYCACC
254,19,4,2,2,0.5820179314657487,0.5820179314657487,0.6080049273919018,8,GGTGGGCCRTTACCYCACC | GGTAGGCCRTTACCCCRCC
254,19,4,2,3,0.7067605173448436,0.7067605173448436,0.7233473304043896,12,GGTGGGCCRTTACCYCACC | GGTAGGCCRTTACCCCRCC | GGTAAGCCTTTACCYYACC
254,19,4,2,4,0.7329935589690043,0.7329935589690043,0.7510033951001936,16,GGTGGGCCRTTACCYCACC | GGTAGGCCRTTACCCCRCC | GGTAAGCCTTTACCYYACC | GGTGGGCCGTTACCYCRCC
254,19,4,2,5,0.7799083307628317,0.7938444927762213,0.7799083307628317,20,GGTGGGCCRTTACCYCACC | GGTAGGCCRTTACCCCRCC | GGTAAGCCTTTACCYYACC | GGTGGGCCGTTACCYCRCC | GGTAGGCYGTTACCCYACC
254,19,4,2,6,0.8065927279932236,0.81387722087462,0.8065927279932236,24,GGTGGGCCRTTACCYCACC | GGTAGGCCRTTACCCCRCC | GGTAAGCCTTTACCYYACC | GGTGGGCCGTTACCYCRCC | GGTAGGCYGTTACCCYACC | GGTGRGCCGTTACCCCWCC
254,19,4,2,7,0.8164253370654535,0.8199296527635807,0.8164253370654535,28,GGTGGGCCRTTACCYCACC | GGTAGGCCRTTACCCCRCC | GGTAAGCCTTTACCYYACC | GGTGGGCCGTTACCYCRCC | GGTAGGCYGTTACCCYACC | GGTGRGCCGTTACCCCWCC | GGTGSGCCATTACCMCACC
254,19,4,2,8,0.8230522067996073,0.8240729944559234,0.8230522067996073,32,GGTGGGCCRTTACCYCACC | GGTAGGCCRTTACCCCRCC | GGTAAGCCTTTACCYYACC | GGTGGGCCGTTACCYCRCC | GGTAGGCYGTTACCCYACC | GGTGRGCCGTTACCCCWCC | GGTGSGCCATTACCMCACC | GGTAGGCCAYTACCCYACC
254,19,8,3,1,0.4976486572560416,0.4976486572560416,0.5225290409409574,8,GGTRGGCCRTTACCYCACC
254,19,8,3,2,0.651744621114552,0.651744621114552,0.6786934693314111,16,GGTRGGCCRTTACCYCACC | GGTGRGCCGTTACCYCRCC
254,19,8,3,3,0.7799167844398278,0.7967013947663767,0.7799167844398278,24,GGTRGGCCRTTACCYCACC | GGTGRGCCGTTACCYCRCC | GGTAAGCYTTTACCYYACC
254,19,8,3,4,0.8100386665800409,0.8260524242473233,0.8100386665800409,32,GGTRGGCCRTTACCYCACC | GGTGRGCCGTTACCYCRCC | GGTAAGCYTTTACCYYACC | GGTAGGCCSTTACCCYRCC
254,19,8,3,5,0.823936703485495,0.8468092750763269,0.823936703485495,40,GGTRGGCCRTTACCYCACC | GGTGRGCCGTTACCYCRCC | GGTAAGCYTTTACCYYACC | GGTAGGCCSTTACCCYRCC | GGTGGGCCRTTACCMCWCC
254,19,8,3,6,0.8402279220364895,0.8666385578478053,0.8402279220364895,48,GGTRGGCCRTTACCYCACC | GGTGRGCCGTTACCYCRCC | GGTAAGCYTTTACCYYACC | GGTAGGCCSTTACCCYRCC | GGTGGGCCRTTACCMCWCC | GGTGGGCYATTACCYCRCC
254,19,8,3,7,0.8536421676434544,0.8765809446593447,0.8536421676434544,56,GGTRGGCCRTTACCYCACC | GGTGRGCCGTTACCYCRCC | GGTAAGCYTTTACCYYACC | GGTAGGCCSTTACCCYRCC | GGTGGGCCRTTACCMCWCC | GGTGGGCYATTACCYCRCC | GGTAGGCCWYTACCCYACC
254,19,8,3,8,0.9050680659291986,0.9050680659291986,0.905545986581714,64,GGTRGGCCRTTACCYCACC | GGTGRGCCGTTACCYCRCC | GGTAAGCYTTTACCYYACC | GGTAGGCCSTTACCCYRCC | GGTGGGCCRTTACCMCWCC | GGTGGGCYATTACCYCRCC | GGTAGGCCWYTACCCYACC | GGTGAGCYRTTACCTCWCC
254,19,16,4,1,0.6207305846684559,0.6207305846684559,0.6508477796735308,16,GGTRGGCCRTTACCYCRCC
254,19,16,4,2,0.8052154852003506,0.8260084448872229,0.8052154852003506,32,GGTRGGCCRTTACCYCRCC | GGTARGCYTTTACCYYACC
254,19,16,4,3,0.8694229051376005,0.8697232993403636,0.8694229051376005,48,GGTRGGCCRTTACCYCRCC | GGTARGCYTTTACCYYACC | GGTGRGCYGTTACCYCWCC
254,19,16,4,4,0.8745753870081954,0.8745753870081954,0.8803509993287905,64,GGTRGGCCRTTACCYCRCC | GGTARGCYTTTACCYYACC | GGTGRGCYGTTACCYCWCC | GGTAGGCCAYTAYCCYRCC
254,19,16,4,5,0.8951827726195757,0.8951827726195757,0.8974591397019464,80,GGTRGGCCRTTACCYCRCC | GGTARGCYTTTACCYYACC | GGTGRGCYGTTACCYCWCC | GGTAGGCCAYTAYCCYRCC | GGTGSGCCMTTACCMCRCC
254,19,16,4,6,0.9066322754131653,0.9066322754131653,0.9115190965803267,96,GGTRGGCCRTTACCYCRCC | GGTARGCYTTTACCYYACC | GGTGRGCYGTTACCYCWCC | GGTAGGCCAYTAYCCYRCC | GGTGSGCCMTTACCMCRCC | GGTRRGCCATTACCYCMCC
254,19,16,4,7,0.9067132208559369,0.9067132208559369,0.9176696989118108,112,GGTRGGCCRTTACCYCRCC | GGTARGCYTTTACCYYACC | GGTGRGCYGTTACCYCWCC | GGTAGGCCAYTAYCCYRCC | GGTGSGCCMTTACCMCRCC | GGTRRGCCATTACCYCMCC | GGTAGKCCATTACMCYRCC
254,19,16,4,8,0.9230930334751996,0.9268725914118932,0.9230930334751996,128,GGTRGGCCRTTACCYCRCC | GGTARGCYTTTACCYYACC | GGTGRGCYGTTACCYCWCC | GGTAGGCCAYTAYCCYRCC | GGTGSGCCMTTACCMCRCC | GGTRRGCCATTACCYCMCC | GGTAGKCCATTACMCYRCC | GGTAKGCCKTTACCMCWCC
255,17,4,2,1,0.3491747690772757,0.3491747690772757,0.3947410125093747,4,GTGGGCCRTTACCYCAC
255,17,4,2,2,0.5668286464773634,0.5668286464773634,0.5916843435333011,8,GTGGGCCRTTACCYCAC | GTAGGCCGTTACCCYRC
255,17,4,2,3,0.6713689549036393,0.6713689549036393,0.6993693705910732,12,GTGGGCCRTTACCYCAC | GTAGGCCGTTACCCYRC | GTAAGCCWTTACCTYAC
255,17,4,2,4,0.7264948954899869,0.7264948954899869,0.7434012828769928,16,GTGGGCCRTTACCYCAC | GTAGGCCGTTACCCYRC | GTAAGCCWTTACCTYAC | GTRGGCCATTACCCCRC
255,17,4,2,5,0.747980302609985,0.747980302609985,0.7670209057211959,20,GTGGGCCRTTACCYCAC | GTAGGCCGTTACCCYRC | GTAAGCCWTTACCTYAC | GTRGGCCATTACCCCRC | GTGRGCCGTTACCCCRC
255,17,4,2,6,0.7854909348411434,0.7854909348411434,0.7917833842498251,24,GTGGGCCRTTACCYCAC | GTAGGCCGTTACCCYRC | GTAAGCCWTTACCTYAC | GTRGGCCATTACCCCRC | GTGRGCCGTTACCCCRC | GTRGGCYTTTACCCCAC
255,17,4,2,7,0.8044177191330605,0.8044177191330605,0.8168907829932971,28,GTGGGCCRTTACCYCAC | GTAGGCCGTTACCCYRC | GTAAGCCWTTACCTYAC | GTRGGCCATTACCCCRC | GTGRGCCGTTACCCCRC | GTRGGCYTTTACCCCAC | GTGGGCCGTTACCYCWC
255,17,4,2,8,0.8100739923541624,0.8100739923541624,0.8227199026562535,32,GTGGGCCRTTACCYCAC | GTAGGCCGTTACCCYRC | GTAAGCCWTTACCTYAC | GTRGGCCATTACCCCRC | GTGRGCCGTTACCCCRC | GTRGGCYTTTACCCCAC | GTGGGCCGTTACCYCWC | GTGGGCCATTACCMCMC
255,17,8,3,1,0.46512532497761655,0.46512532497761655,0.5133957369273002,8,GTGGGCCRTTACCYCRC
255,17,8,3,2,0.7018312692178773,0.7018312692178773,0.7050359721556433,16,GTGGGCCRTTACCYCRC | GTARGCCWTTACCCYAC
255,17,8,3,3,0.8077427025419478,0.8077427025419478,0.8220919161271314,24,GTGGGCCRTTACCYCRC | GTARGCCWTTACCCYAC | GTGAGCYGTTACCTYWC
255,17,8,3,4,0.8582471300792811,0.867173037390986,0.8582471300792811,32,GTGGGCCRTTACCYCRC | GTARGCCWTTACCCYAC | GTGAGCYGTTACCTYWC | GTAGGCYTTTACCCYRC
255,17,8,3,5,0.8637317436977204,0.8711618874109216,0.8637317436977204,40,GTGGGCCRTTACCYCRC | GTARGCCWTTACCCYAC | GTGAGCYGTTACCTYWC | GTAGGCYTTTACCCYRC | GTAGGCCRTTAYCCYAC
255,17,8,3,6,0.8705402487134304,0.8774179174697406,0.8705402487134304,48,GTGGGCCRTTACCYCRC | GTARGCCWTTACCCYAC | GTGAGCYGTTACCTYWC | GTAGGCYTTTACCCYRC | GTAGGCCRTTAYCCYAC | GTRGGCCATTACCMCMC
255,17,16,4,1,0.5515882916931939,0.5515882916931939,0.5805385380284985,16,GTGGGCCRTTACCYYRC
255,17,16,4,2,0.7881968490758018,0.8056275147817535,0.7881968490758018,32,GTGGGCCRTTACCYYRC | GTARGCYTTTACCYYAC
255,17,16,4,3,0.812835680637806,0.8282428872259082,0.812835680637806,48,GTGGGCCRTTACCYYRC | GTARGCYTTTACCYYAC | GTRGGCCAYTAYCCYAC
255,17,16,4,4,0.8828148163581839,0.8828148163581839,0.8847132191002522,64,GTGGGCCRTTACCYYRC | GTARGCYTTTACCYYAC | GTRGGCCAYTAYCCYAC | GTGAGCYRTTACCWCWC
255,17,16,4,5,0.8878291486335851,0.8878291486335851,0.8932260532281208,76,GTGGGCCRTTACCYYRC | GTARGCYTTTACCYYAC | GTRGGCCAYTAYCCYAC | GTGAGCYRTTACCWCWC | GTAGGCCRTTACCCYHC
255,17,16,4,6,0.8976128829347529,0.8994934216591881,0.8976128829347529,88,GTGGGCCRTTACCYYRC | GTARGCYTTTACCYYAC | GTRGGCCAYTAYCCYAC | GTGAGCYRTTACCWCWC | GTAGGCCRTTACCCYHC | GTABGCCTTTACCMCMC
255,17,16,4,7,0.8993168581892381,0.9023469559902715,0.8993168581892381,96,GTGGGCCRTTACCYYRC | GTARGCYTTTACCYYAC | GTRGGCCAYTAYCCYAC | GTGAGCYRTTACCWCWC | GTAGGCCRTTACCCYHC | GTABGCCTTTACCMCMC | GTAGGCCATYACMCMAC
254,21,4,2,1,0.3313875619895728,0.3313875619895728,0.38140300033112856,4,TTGGTGGGCCRTTACCYCACC
254,21,4,2,2,0.5498884201465871,0.5498884201465871,0.5777313483163958,8,TTGGTGGGCCRTTACCYCACC | TTGGTAGGCCRTTACCCCRCC
254,21,4,2,3,0.6559432638899795,0.6559432638899795,0.6791373499968203,12,TTGGTGGGCCRTTACCYCACC | TTGGTAGGCCRTTACCCCRCC | TTGGTAAGCCKTTACCTYACC
254,21,4,2,4,0.6906556678428291,0.6906556678428291,0.7223822665538431,16,TTGGTGGGCCRTTACCYCACC | TTGGTAGGCCRTTACCCCRCC | TTGGTAAGCCKTTACCTYACC | TTGGTGRGCCGTTACCCCRCC
254,21,4,2,5,0.7670634217773232,0.7800653646512917,0.7670634217773232,20,TTGGTGGGCCRTTACCYCACC | TTGGTAGGCCRTTACCCCRCC | TTGGTAAGCCKTTACCTYACC | TTGGTGRGCCGTTACCCCRCC | TTGGTAGGCYTTTACCCCRCC
254,21,4,2,6,0.7920083879434374,0.7982267325668295,0.7920083879434374,24,TTGGTGGGCCRTTACCYCACC | TTGGTAGGCCRTTACCCCRCC | TTGGTAAGCCKTTACCTYACC | TTGGTGRGCCGTTACCCCRCC | TTGGTAGGCYTTTACCCCRCC | TTGGTGGGCCGTTACCYCWCC
254,21,4,2,7,0.7978579729247334,0.8055994493681412,0.7978579729247334,28,TTGGTGGGCCRTTACCYCACC | TTGGTAGGCCRTTACCCCRCC | TTGGTAAGCCKTTACCTYACC | TTGGTGRGCCGTTACCCCRCC | TTGGTAGGCYTTTACCCCRCC | TTGGTGGGCCGTTACCYCWCC | TTGGTGGGCCMTTACCCCRCC
254,21,4,2,8,0.8033587193672108,0.8094873484797658,0.8033587193672108,32,TTGGTGGGCCRTTACCYCACC | TTGGTAGGCCRTTACCCCRCC | TTGGTAAGCCKTTACCTYACC | TTGGTGRGCCGTTACCCCRCC | TTGGTAGGCYTTTACCCCRCC | TTGGTGGGCCGTTACCYCWCC | TTGGTGGGCCMTTACCCCRCC | TTGGTGGGCCATTACCMCMCC
254,21,8,3,1,0.48210325058915804,0.48210325058915804,0.5066628950487787,8,TTGGTRGGCCRTTACCYCACC
254,21,8,3,2,0.626407183500406,0.626407183500406,0.6602127064052149,16,TTGGTRGGCCRTTACCYCACC | TTGGTGRGCCGTTACCYCRCC
254,21,8,3,3,0.7131931516277744,0.7277693713668922,0.7131931516277744,24,TTGGTRGGCCRTTACCYCACC | TTGGTGRGCCGTTACCYCRCC | TTGGTAGGCYKTTACCCCRCC
254,21,8,3,4,0.8119763239103445,0.8210329787940239,0.8119763239103445,32,TTGGTRGGCCRTTACCYCACC | TTGGTGRGCCGTTACCYCRCC | TTGGTAGGCYKTTACCCCRCC | TTGGTAAGCYGTTACCTYWCC
254,21,8,3,5,0.8268606769272857,0.8376124008256155,0.8268606769272857,40,TTGGTRGGCCRTTACCYCACC | TTGGTGRGCCGTTACCYCRCC | TTGGTAGGCYKTTACCCCRCC | TTGGTAAGCYGTTACCTYWCC | TTGGTGRGCCATTACCYCWCC
254,21,8,3,6,0.8437884520593929,0.8542793847141515,0.8437884520593929,48,TTGGTRGGCCRTTACCYCACC | TTGGTGRGCCGTTACCYCRCC | TTGGTAGGCYKTTACCCCRCC | TTGGTAAGCYGTTACCTYWCC | TTGGTGRGCCATTACCYCWCC | TTGGTARGCCMTTACCCYACC
254,21,8,3,7,0.8534307993814451,0.865839883831967,0.8534307993814451,56,TTGGTRGGCCRTTACCYCACC | TTGGTGRGCCGTTACCYCRCC | TTGGTAGGCYKTTACCCCRCC | TTGGTAAGCYGTTACCTYWCC | TTGGTGRGCCATTACCYCWCC | TTGGTARGCCMTTACCCYACC | TTGGTGGGCYMTTACCCCRCC
254,21,8,3,8,0.8631642331598693,0.8691188343870312,0.8631642331598693,64,TTGGTRGGCCRTTACCYCACC | TTGGTGRGCCGTTACCYCRCC | TTGGTAGGCYKTTACCCCRCC | TTGGTAAGCYGTTACCTYWCC | TTGGTGRGCCATTACCYCWCC | TTGGTARGCCMTTACCCYACC | TTGGTGGGCYMTTACCCCRCC | TTGGTAGGCCKTTACCCYRCC
254,21,16,4,1,0.5923724197637629,0.5923724197637629,0.6280879552300245,16,TTGGTRGGCCRTTACCYCRCC
254,21,16,4,2,0.7763655565149316,0.7881759367570554,0.7763655565149316,32,TTGGTRGGCCRTTACCYCRCC | TTGGTARGCYTTTACCYYACC
254,21,16,4,3,0.8358822115501389,0.8358822115501389,0.8464733844052348,48,TTGGTRGGCCRTTACCYCRCC | TTGGTARGCYTTTACCYYACC | TTGGTGRGCYGTTACCYCWCC
254,21,16,4,4,0.8599743833667222,0.8599743833667222,0.863049372394157,64,TTGGTRGGCCRTTACCYCRCC | TTGGTARGCYTTTACCYYACC | TTGGTGRGCYGTTACCYCWCC | TTGGTARGCYATTACCCYRCC
255,19,4,2,1,0.3397973523603548,0.3397973523603548,0.38682651353534253,4,TGGTGGGCCRTTACCYCAC
255,19,4,2,2,0.5417903879944326,0.5417903879944326,0.5698341385918545,8,TGGTGGGCCRTTACCYCAC | TGGTAGGCCGTTACCCYRC
255,19,4,2,3,0.6155541058217588,0.6155541058217588,0.6442955267510835,12,TGGTGGGCCRTTACCYCAC | TGGTAGGCCGTTACCCYRC | TGGTAAGCCGTTACCYYAC
255,19,4,2,4,0.6850543508248185,0.6850543508248185,0.699970051029343,16,TGGTGGGCCRTTACCYCAC | TGGTAGGCCGTTACCCYRC | TGGTAAGCCGTTACCYYAC | TGGTGGGCCTTTACCYCRC
255,19,4,2,5,0.7140970264125794,0.7140970264125794,0.7345871132317244,20,TGGTGGGCCRTTACCYCAC | TGGTAGGCCGTTACCCYRC | TGGTAAGCCGTTACCYYAC | TGGTGGGCCTTTACCYCRC | TGGTGRGCCGTTACCCCRC
255,19,4,2,6,0.7838888200691176,0.7942540011156187,0.7838888200691176,24,TGGTGGGCCRTTACCYCAC | TGGTAGGCCGTTACCCYRC | TGGTAAGCCGTTACCYYAC | TGGTGGGCCTTTACCYCRC | TGGTGRGCCGTTACCCCRC | TGGTAGGCYATTACCCYAC
255,19,4,2,7,0.8352495223727293,0.8352495223727293,0.8430406993033926,28,TGGTGGGCCRTTACCYCAC | TGGTAGGCCGTTACCCYRC | TGGTAAGCCGTTACCYYAC | TGGTGGGCCTTTACCYCRC | TGGTGRGCCGTTACCCCRC | TGGTAGGCYATTACCCYAC | TGGTGAGCYGTTACCTCWC
255,19,4,2,8,0.836853997338255,0.836853997338255,0.8469201523941177,32,TGGTGGGCCRTTACCYCAC | TGGTAGGCCGTTACCCYRC | TGGTAAGCCGTTACCYYAC | TGGTGGGCCTTTACCYCRC | TGGTGRGCCGTTACCCCRC | TGGTAGGCYATTACCCYAC | TGGTGAGCYGTTACCTCWC | TGGTAGGCCAYTACCCYAC
255,19,8,3,1,0.4498341795408834,0.4498341795408834,0.5021188343115478,8,TGGTGGGCCRTTACCYCRC
255,19,8,3,2,0.6862962708937549,0.6862962708937549,0.6925033096923513,16,TGGTGGGCCRTTACCYCRC | TGGTARGCCWTTACCCYAC
255,19,8,3,3,0.7933430261573647,0.7933430261573647,0.8088911386471868,24,TGGTGGGCCRTTACCYCRC | TGGTARGCCWTTACCCYAC | TGGTGAGCYGTTACCTYWC
255,19,8,3,4,0.8398388545307927,0.8431493395514268,0.8398388545307927,32,TGGTGGGCCRTTACCYCRC | TGGTARGCCWTTACCCYAC | TGGTGAGCYGTTACCTYWC | TGGTAGGCYATTACCCYRC
255,19,8,3,5,0.848046946000951,0.8504557947424572,0.848046946000951,40,TGGTGGGCCRTTACCYCRC | TGGTARGCCWTTACCCYAC | TGGTGAGCYGTTACCTYWC | TGGTAGGCYATTACCCYRC | TGGTAGGCCRTTACCCYWC
255,19,16,4,1,0.5349106496018708,0.5349106496018708,0.5685507291676167,16,TGGTGGGCCRTTACCYYRC
255,19,16,4,2,0.7735337940650585,0.7876124214814189,0.7735337940650585,32,TGGTGGGCCRTTACCYYRC | TGGTARGCYTTTACCYYAC
255,19,16,4,3,0.8345207323198336,0.8468241815470304,0.8345207323198336,48,TGGTGGGCCRTTACCYYRC | TGGTARGCYTTTACCYYAC | TGGTRRGCCATTACCYCWC
255,19,16,4,4,0.8496064050955187,0.8685898926653494,0.8496064050955187,64,TGGTGGGCCRTTACCYYRC | TGGTARGCYTTTACCYYAC | TGGTRRGCCATTACCYCWC | TGGTGSGCCSTTACCMCWC
255,19,16,4,5,0.8600781739736881,0.8728613764882286,0.8600781739736881,80,TGGTGGGCCRTTACCYYRC | TGGTARGCYTTTACCYYAC | TGGTRRGCCATTACCYCWC | TGGTGSGCCSTTACCMCWC | YGGTAGGCCRTTACCCYMC
255,19,16,4,6,0.8929823996885043,0.8929823996885043,0.899949845948424,96,TGGTGGGCCRTTACCYYRC | TGGTARGCYTTTACCYYAC | TGGTRRGCCATTACCYCWC | TGGTGSGCCSTTACCMCWC | YGGTAGGCCRTTACCCYMC | TGGTGRGCYGTTACCYCWC
255,19,16,4,7,0.9029650615591759,0.905806368548934,0.9029650615591759,112,TGGTGGGCCRTTACCYYRC | TGGTARGCYTTTACCYYAC | TGGTRRGCCATTACCYCWC | TGGTGSGCCSTTACCMCWC | YGGTAGGCCRTTACCCYMC | TGGTGRGCYGTTACCYCWC | TGGTAKGCCTTTACCMYMC
255,19,16,4,8,0.9030559478783914,0.9069552612383419,0.9030559478783914,114,TGGTGGGCCRTTACCYYRC | TGGTARGCYTTTACCYYAC | TGGTRRGCCATTACCYCWC | TGGTGSGCCSTTACCMCWC | YGGTAGGCCRTTACCCYMC | TGGTGRGCYGTTACCYCWC | TGGTAKGCCTTTACCMYMC | TGGTAGGCCTTTACCCMAC
254,23,4,2,1,0.31649667343660315,0.31649667343660315,0.34913047355858273,4,CCTTGGTGRGCCGTTACCYCACC
254,23,4,2,2,0.5223220082646357,0.5223220082646357,0.5586496992217022,8,CCTTGGTGRGCCGTTACCYCACC | CCTTGGTAGGCCRTTACCCCRCC
254,23,4,2,3,0.585732592335182,0.585732592335182,0.5961095902278098,12,CCTTGGTGRGCCGTTACCYCACC | CCTTGGTAGGCCRTTACCCCRCC | CCTTGGTAGGCCKTTACCCYACC
254,23,4,2,4,0.6229983001486346,0.6229983001486346,0.6389532161293913,16,CCTTGGTGRGCCGTTACCYCACC | CCTTGGTAGGCCRTTACCCCRCC | CCTTGGTAGGCCKTTACCCYACC | SCTTGGTGGGCCGTTACCCCRCC
254,23,4,2,5,0.694646155000417,0.694646155000417,0.7230992468586384,20,CCTTGGTGRGCCGTTACCYCACC | CCTTGGTAGGCCRTTACCCCRCC | CCTTGGTAGGCCKTTACCCYACC | SCTTGGTGGGCCGTTACCCCRCC | CCTTGGTAAGCCGTTACCTYWCC
254,23,4,2,6,0.7050775235660196,0.7050775235660196,0.730035742126617,23,CCTTGGTGRGCCGTTACCYCACC | CCTTGGTAGGCCRTTACCCCRCC | CCTTGGTAGGCCKTTACCCYACC | SCTTGGTGGGCCGTTACCCCRCC | CCTTGGTAAGCCGTTACCTYWCC | CCTTGGTGGGCCATTACCCCDCC
254,23,4,2,7,0.7368169849972454,0.7368169849972454,0.7535368013059957,27,CCTTGGTGRGCCGTTACCYCACC | CCTTGGTAGGCCRTTACCCCRCC | CCTTGGTAGGCCKTTACCCYACC | SCTTGGTGGGCCGTTACCCCRCC | CCTTGGTAAGCCGTTACCTYWCC | CCTTGGTGGGCCATTACCCCDCC | CCTTGGTAGGCCMTTACCCYACC
254,23,4,2,8,0.7562690014757338,0.7562690014757338,0.7750030480848271,31,CCTTGGTGRGCCGTTACCYCACC | CCTTGGTAGGCCRTTACCCCRCC | CCTTGGTAGGCCKTTACCCYACC | SCTTGGTGGGCCGTTACCCCRCC | CCTTGGTAAGCCGTTACCTYWCC | CCTTGGTGGGCCATTACCCCDCC | CCTTGGTAGGCCMTTACCCYACC | CCTTGGTGRGCCATTACCYCACC
254,23,8,3,1,0.44650109129129084,0.44650109129129084,0.4844581558735918,8,CCTTGGTRRGCCGTTACCYCACC
254,23,8,3,2,0.6054456611945751,0.6122616608551372,0.6054456611945751,16,CCTTGGTRRGCCGTTACCYCACC | CCTTGGTAGGCCWTTACCCYRCC
254,23,8,3,3,0.6874153302017558,0.6874153302017558,0.6964248907031166,24,CCTTGGTRRGCCGTTACCYCACC | CCTTGGTAGGCCWTTACCCYRCC | SCTTGGTGGGCCGTTACCYCRCC
254,23,8,3,4,0.7318212232979966,0.7318212232979966,0.7645052490230523,32,CCTTGGTRRGCCGTTACCYCACC | CCTTGGTAGGCCWTTACCCYRCC | SCTTGGTGGGCCGTTACCYCRCC | CCTTGGTRAGCCATTACCYCWCC
254,23,8,3,5,0.779207398954285,0.779207398954285,0.7893391252170302,40,CCTTGGTRRGCCGTTACCYCACC | CCTTGGTAGGCCWTTACCCYRCC | SCTTGGTGGGCCGTTACCYCRCC | CCTTGGTRAGCCATTACCYCWCC | CCTTGGTAGGCYTTTACCYYACC
254,23,8,3,6,0.7952909506535044,0.7952909506535044,0.8010042467465271,48,CCTTGGTRRGCCGTTACCYCACC | CCTTGGTAGGCCWTTACCCYRCC | SCTTGGTGGGCCGTTACCYCRCC | CCTTGGTRAGCCATTACCYCWCC | CCTTGGTAGGCYTTTACCYYACC | CCTTGGTGGGCCRTTACCMCWCC
254,23,8,3,7,0.8064929600630025,0.8064929600630025,0.8096710436875076,56,CCTTGGTRRGCCGTTACCYCACC | CCTTGGTAGGCCWTTACCCYRCC | SCTTGGTGGGCCGTTACCYCRCC | CCTTGGTRAGCCATTACCYCWCC | CCTTGGTAGGCYTTTACCYYACC | CCTTGGTGGGCCRTTACCMCWCC | CCTTGGTAGGCCGTTACCMYRCC
254,23,8,3,8,0.8090529483652421,0.8090529483652421,0.811331264233706,58,CCTTGGTRRGCCGTTACCYCACC | CCTTGGTAGGCCWTTACCCYRCC | SCTTGGTGGGCCGTTACCYCRCC | CCTTGGTRAGCCATTACCYCWCC | CCTTGGTAGGCYTTTACCYYACC | CCTTGGTGGGCCRTTACCMCWCC | CCTTGGTAGGCCGTTACCMYRCC | CCTTGGTGGGCCGTTACCCCMCC
254,23,16,4,1,0.5457661357600923,0.5457661357600923,0.5874446200794272,16,CCTTGGTRRGCCRTTACCYCACC
254,23,16,4,2,0.6585508113784474,0.6585508113784474,0.7275360293032141,28,CCTTGGTRRGCCRTTACCYCACC | CCTTGGTGGGCYGTTACCYCDCC
254,23,16,4,3,0.7807574873073134,0.7807574873073134,0.8000018911506063,44,CCTTGGTRRGCCRTTACCYCACC | CCTTGGTGGGCYGTTACCYCDCC | CCTTGGTAGGCYWTTACCCYRCC
254,23,16,4,4,0.8011631120841535,0.8011631120841535,0.8096166752224488,60,CCTTGGTRRGCCRTTACCYCACC | CCTTGGTGGGCYGTTACCYCDCC | CCTTGGTAGGCYWTTACCCYRCC | CCTTGGTAKGCCGTTACCMYRCC
254,23,16,4,5,0.8206880260250693,0.8206880260250693,0.8304566055868765,76,CCTTGGTRRGCCRTTACCYCACC | CCTTGGTGGGCYGTTACCYCDCC | CCTTGGTAGGCYWTTACCCYRCC | CCTTGGTAKGCCGTTACCMYRCC | SCTTGGTGGGCCKTTACCMCRCC
254,23,16,4,6,0.8485936645475327,0.8505682731838364,0.8485936645475327,92,CCTTGGTRRGCCRTTACCYCACC | CCTTGGTGGGCYGTTACCYCDCC | CCTTGGTAGGCYWTTACCCYRCC | CCTTGGTAKGCCGTTACCMYRCC | SCTTGGTGGGCCKTTACCMCRCC | YCTTGGTRRGCCTTTACCYCACC
254,23,16,4,7,0.8535580555459212,0.8616528055151323,0.8535580555459212,104,CCTTGGTRRGCCRTTACCYCACC | CCTTGGTGGGCYGTTACCYCDCC | CCTTGGTAGGCYWTTACCCYRCC | CCTTGGTAKGCCGTTACCMYRCC | SCTTGGTGGGCCKTTACCMCRCC | YCTTGGTRRGCCTTTACCYCACC | YCTTGGTRGGCCATTACCCCVCC
255,21,4,2,1,0.3297113230952689,0.3297113230952689,0.37522508845836583,4,CTTGGTGGGCCRTTACCYCAC
255,21,4,2,2,0.5227685504981393,0.5227685504981393,0.5513641192818073,8,CTTGGTGGGCCRTTACCYCAC | CTTGGTAGGCCGTTACCCYRC
255,21,4,2,3,0.5857528099917351,0.5857528099917351,0.6358454200392616,12,CTTGGTGGGCCRTTACCYCAC | CTTGGTAGGCCGTTACCCYRC | CTTGGTGAGCCGTTACCYCWC
255,21,4,2,4,0.6599393242494903,0.6599393242494903,0.6894594218171041,16,CTTGGTGGGCCRTTACCYCAC | CTTGGTAGGCCGTTACCCYRC | CTTGGTGAGCCGTTACCYCWC | CTTGGTAGGCCWTTACCCCRC
255,21,4,2,5,0.6747750872923836,0.6747750872923836,0.700413987692749,20,CTTGGTGGGCCRTTACCYCAC | CTTGGTAGGCCGTTACCCYRC | CTTGGTGAGCCGTTACCYCWC | CTTGGTAGGCCWTTACCCCRC | CTTGGTAGGCCSTTACCCYAC
255,21,4,2,6,0.7422459033102867,0.7422459033102867,0.7676655952108189,24,CTTGGTGGGCCRTTACCYCAC | CTTGGTAGGCCGTTACCCYRC | CTTGGTGAGCCGTTACCYCWC | CTTGGTAGGCCWTTACCCCRC | CTTGGTAGGCCSTTACCCYAC | CTTGGTAAGCCGTTACCYYAC
255,21,4,2,7,0.7650173498631171,0.7650173498631171,0.7924139988729566,28,CTTGGTGGGCCRTTACCYCAC | CTTGGTAGGCCGTTACCCYRC | CTTGGTGAGCCGTTACCYCWC | CTTGGTAGGCCWTTACCCCRC | CTTGGTAGGCCSTTACCCYAC | CTTGGTAAGCCGTTACCYYAC | CTTGGTGGGCCRTTACCCCRC
255,21,4,2,8,0.7871824206083895,0.7871824206083895,0.806454004026763,32,CTTGGTGGGCCRTTACCYCAC | CTTGGTAGGCCGTTACCCYRC | CTTGGTGAGCCGTTACCYCWC | CTTGGTAGGCCWTTACCCCRC | CTTGGTAGGCCSTTACCCYAC | CTTGGTAAGCCGTTACCYYAC | CTTGGTGGGCCRTTACCCCRC | CTTGGTAGGCCWTTACCCYAC
255,21,8,3,1,0.43185074057751377,0.43185074057751377,0.4858092347200533,8,CTTGGTGGGCCRTTACCYCRC
255,21,8,3,2,0.6660693608976237,0.6660693608976237,0.6743549944798074,16,CTTGGTGGGCCRTTACCYCRC | CTTGGTARGCCWTTACCCYAC
255,21,8,3,3,0.7674810457301513,0.7674810457301513,0.7895653607606842,24,CTTGGTGGGCCRTTACCYCRC | CTTGGTARGCCWTTACCCYAC | CTTGGTGAGCYGTTACCTYWC
255,21,8,3,4,0.8028245327850642,0.8028245327850642,0.8260573612252206,32,CTTGGTGGGCCRTTACCYCRC | CTTGGTARGCCWTTACCCYAC | CTTGGTGAGCYGTTACCTYWC | CTTGGTAGGCCSTTACCCYRC
255,21,16,4,1,0.5162322557851716,0.5162322557851716,0.5484594010418403,16,CTTGGTGGGCCRTTACCYYRC
255,21,16,4,2,0.7408613878203965,0.7408613878203965,0.7485876800936682,32,CTTGGTGGGCCRTTACCYYRC | CTTGGTARGCCWTTACCYYAC
255,21,16,4,3,0.8010300094178392,0.8010300094178392,0.8279469940983789,48,CTTGGTGGGCCRTTACCYYRC | CTTGGTARGCCWTTACCYYAC | CTTGGTGRGCYGTTACCYCWC
255,21,16,4,4,0.8248695574585692,0.8248695574585692,0.8545443064237938,60,CTTGGTGGGCCRTTACCYYRC | CTTGGTARGCCWTTACCYYAC | CTTGGTGRGCYGTTACCYCWC | CTTGGTAGGCCVTTACCCYRC
256,17,4,2,1,0.3481003755857641,0.3481003755857641,0.3945503094257874,4,GGTGGGCCRTTACCYCA
256,17,4,2,2,0.5617259338147692,0.5617259338147692,0.5897886345030894,8,GGTGGGCCRTTACCYCA | GGTAGGCCGTTACCCYR
256,17,4,2,3,0.6674447925808035,0.6674447925808035,0.6951965492049289,12,GGTGGGCCRTTACCYCA | GGTAGGCCGTTACCCYR | GGTRAGCCATTACCTYA
256,17,4,2,4,0.723418539182954,0.723418539182954,0.740952341019189,16,GGTGGGCCRTTACCYCA | GGTAGGCCGTTACCCYR | GGTRAGCCATTACCTYA | GGTRGGCCATTACCCCR
256,17,4,2,5,0.7408808835678226,0.7408808835678226,0.7599477099490913,20,GGTGGGCCRTTACCYCA | GGTAGGCCGTTACCCYR | GGTRAGCCATTACCTYA | GGTRGGCCATTACCCCR | GGTGGGCCGTTACCYCR
256,17,4,2,6,0.7973203931356346,0.8026735981814342,0.7973203931356346,24,GGTGGGCCRTTACCYCA | GGTAGGCCGTTACCCYR | GGTRAGCCATTACCTYA | GGTRGGCCATTACCCCR | GGTGGGCCGTTACCYCR | GGTAGGCYTTTACCCYA
256,17,4,2,7,0.8308048115263239,0.8308048115263239,0.8485723319709075,28,GGTGGGCCRTTACCYCA | GGTAGGCCGTTACCCYR | GGTRAGCCATTACCTYA | GGTRGGCCATTACCCCR | GGTGGGCCGTTACCYCR | GGTAGGCYTTTACCCYA | GGTGAGCCGTTACCYCW
256,17,4,2,8,0.8337821292880987,0.8337821292880987,0.8564300127279725,32,GGTGGGCCRTTACCYCA | GGTAGGCCGTTACCCYR | GGTRAGCCATTACCTYA | GGTRGGCCATTACCCCR | GGTGGGCCGTTACCYCR | GGTAGGCYTTTACCCYA | GGTGAGCCGTTACCYCW | GGTAGGCCAYTACCCYA
256,17,8,3,1,0.464050931486105,0.464050931486105,0.5132012990198881,8,GGTGGGCCRTTACCYCR
256,17,8,3,2,0.693601378589507,0.6943134812891344,0.693601378589507,16,GGTGGGCCRTTACCYCR | GGTAGGCCWTTACCYYA
256,17,8,3,3,0.8009991777125766,0.8009991777125766,0.8104540057348927,24,GGTGGGCCRTTACCYCR | GGTAGGCCWTTACCYYA | GGTGAGCYGTTACCTYW
256,17,8,3,4,0.8357889792552932,0.8357889792552932,0.8369964901004107,32,GGTGGGCCRTTACCYCR | GGTAGGCCWTTACCYYA | GGTGAGCYGTTACCTYW | GGTARGCYTTTACCCYA
256,17,8,3,5,0.8468777597322261,0.8468777597322261,0.8548874665447453,40,GGTGGGCCRTTACCYCR | GGTAGGCCWTTACCYYA | GGTGAGCYGTTACCTYW | GGTARGCYTTTACCCYA | GGTAGGCCAYTACCCYR
256,17,8,3,6,0.8521458162637656,0.8521458162637656,0.8598598715143645,48,GGTGGGCCRTTACCYCR | GGTAGGCCWTTACCYYA | GGTGAGCYGTTACCTYW | GGTARGCYTTTACCCYA | GGTAGGCCAYTACCCYR | GGTAGGCCRTYACCCCW
256,17,8,3,7,0.8632266375798516,0.8632266375798516,0.8643740823342138,56,GGTGGGCCRTTACCYCR | GGTAGGCCWTTACCYYA | GGTGAGCYGTTACCTYW | GGTARGCYTTTACCCYA | GGTAGGCCAYTACCCYR | GGTAGGCCRTYACCCCW | GGTRGGCCTTTACCMCM
256,17,16,4,1,0.5496369892383236,0.5496369892383236,0.5804062145310901,16,GGTGGGCCRTTACCYYR
256,17,16,4,2,0.7874436720240352,0.8044721758474704,0.7874436720240352,32,GGTGGGCCRTTACCYYR | GGTARGCYTTTACCYYA
256,17,16,4,3,0.8120276367551641,0.8282645876471236,0.8120276367551641,48,GGTGGGCCRTTACCYYR | GGTARGCYTTTACCYYA | GGTRGGCCAYTAYCCYA
256,17,16,4,4,0.8837443104821595,0.8837443104821595,0.8838123396804711,64,GGTGGGCCRTTACCYYR | GGTARGCYTTTACCYYA | GGTRGGCCAYTAYCCYA | GGTGAGCYRTTACCWCW
256,17,16,4,5,0.8917880057508462,0.8921991626327953,0.8917880057508462,76,GGTGGGCCRTTACCYYR | GGTARGCYTTTACCYYA | GGTRGGCCAYTAYCCYA | GGTGAGCYRTTACCWCW | GGTRGGCCRTTACCCCH
256,17,16,4,6,0.8943459646601468,0.8950526969638787,0.8943459646601468,88,GGTGGGCCRTTACCYYR | GGTARGCYTTTACCYYA | GGTRGGCCAYTAYCCYA | GGTGAGCYRTTACCWCW | GGTRGGCCRTTACCCCH | GGTAGGCCATYACMCHA
256,17,16,4,7,0.8983698162212455,0.9073836972280646,0.8983698162212455,100,GGTGGGCCRTTACCYYR | GGTARGCYTTTACCYYA | GGTRGGCCAYTAYCCYA | GGTGAGCYRTTACCWCW | GGTRGGCCRTTACCCCH | GGTAGGCCATYACMCHA | GGTABGCCTTTACCMYA
256,19,4,2,1,0.3319999352130836,0.3319999352130836,0.3802601172436013,4,TTGGTGGGCCRTTACCYCA
256,19,4,2,2,0.5290408306079328,0.5290408306079328,0.5596827942374066,8,TTGGTGGGCCRTTACCYCA | TTGGTAGGCCGTTACCCYR
256,19,4,2,3,0.6063467544188957,0.6063467544188957,0.6340883172689741,12,TTGGTGGGCCRTTACCYCA | TTGGTAGGCCGTTACCCYR | TTGGTAAGCCGTTACCYYA
256,19,4,2,4,0.6761169182689702,0.6761169182689702,0.6876564802396832,16,TTGGTGGGCCRTTACCYCA | TTGGTAGGCCGTTACCCYR | TTGGTAAGCCGTTACCYYA | TTGGTGGGCCTTTACCYCR
256,19,4,2,5,0.6988664481500124,0.6988664481500124,0.7162410153682526,20,TTGGTGGGCCRTTACCYCA | TTGGTAGGCCGTTACCCYR | TTGGTAAGCCGTTACCYYA | TTGGTGGGCCTTTACCYCR | TTGGTGGGCCGTTACCYCR
256,19,4,2,6,0.7647326163807917,0.775629270938419,0.7647326163807917,24,TTGGTGGGCCRTTACCYCA | TTGGTAGGCCGTTACCCYR | TTGGTAAGCCGTTACCYYA | TTGGTGGGCCTTTACCYCR | TTGGTGGGCCGTTACCYCR | TTGGTAGGCYATTACCCYA
256,19,4,2,7,0.8088879822068313,0.8088879822068313,0.8185616545858609,28,TTGGTGGGCCRTTACCYCA | TTGGTAGGCCGTTACCCYR | TTGGTAAGCCGTTACCYYA | TTGGTGGGCCTTTACCYCR | TTGGTGGGCCGTTACCYCR | TTGGTAGGCYATTACCCYA | TTGGTGAGCCGTTACCYCW
256,19,4,2,8,0.8148700514882593,0.8148700514882593,0.8270235661637444,32,TTGGTGGGCCRTTACCYCA | TTGGTAGGCCGTTACCCYR | TTGGTAAGCCGTTACCYYA | TTGGTGGGCCTTTACCYCR | TTGGTGGGCCGTTACCYCR | TTGGTAGGCYATTACCCYA | TTGGTGAGCCGTTACCYCW | TTGGTAGGCYWTTACCCCA
256,19,8,3,1,0.4352394403184259,0.4352394403184259,0.49209313403984556,8,TTGGTGGGCCRTTACCYCR
256,19,8,3,2,0.6632964717141898,0.6632964717141898,0.6703626364989347,16,TTGGTGGGCCRTTACCYCR | TTGGTAGGCCWTTACCYYA
256,19,8,3,3,0.7648057174983163,0.7648057174983163,0.7829440913169504,24,TTGGTGGGCCRTTACCYCR | TTGGTAGGCCWTTACCYYA | TTGGTGAGCCGTTACCYYW
256,19,8,3,4,0.789627198231122,0.789627198231122,0.808968667659037,32,TTGGTGGGCCRTTACCYCR | TTGGTAGGCCWTTACCYYA | TTGGTGAGCCGTTACCYYW | TTGGTAGGCCMTTACCCYR
256,19,8,3,5,0.7961683786266652,0.7961683786266652,0.8178015497336483,40,TTGGTGGGCCRTTACCYCR | TTGGTAGGCCWTTACCYYA | TTGGTGAGCCGTTACCYYW | TTGGTAGGCCMTTACCCYR | TTGGTAGGCCRYTACCCCM
256,19,8,3,6,0.7978734084646874,0.7978734084646874,0.8187449459600634,42,TTGGTGGGCCRTTACCYCR | TTGGTAGGCCWTTACCYYA | TTGGTGAGCCGTTACCYYW | TTGGTAGGCCMTTACCCYR | TTGGTAGGCCRYTACCCCM | TTGGTAGGCCATYACCCCA
256,19,16,4,1,0.5201188158765201,0.5201188158765201,0.5575205760567317,16,TTGGTGGGCCRTTACCYYR
256,19,16,4,2,0.7465565861902816,0.7465565861902816,0.757405412600085,32,TTGGTGGGCCRTTACCYYR | TTGGTARGCCWTTACCYYA
256,19,16,4,3,0.8066895952541473,0.8066895952541473,0.8358255561007946,48,TTGGTGGGCCRTTACCYYR | TTGGTARGCCWTTACCYYA | TTGGTGRGCYGTTACCYCW
256,19,16,4,4,0.8297836664798067,0.8297836664798067,0.8584708378745133,60,TTGGTGGGCCRTTACCYYR | TTGGTARGCCWTTACCYYA | TTGGTGRGCYGTTACCYCW | TTGGTAGGCCVTTACCCYR
255,23,4,2,1,0.3158461538910377,0.3158461538910377,0.34538263986317697,4,GCCTTGGTGRGCCGTTACCYCAC
255,23,4,2,2,0.5028283769404224,0.5028283769404224,0.5309224094604993,8,GCCTTGGTGRGCCGTTACCYCAC | GCCTTGGTAGGCCGTTACCCYRC
255,23,4,2,3,0.572719807239286,0.572719807239286,0.5922201039902046,12,GCCTTGGTGRGCCGTTACCYCAC | GCCTTGGTAGGCCGTTACCCYRC | GCCTTGGTAGGCCWTTACCCCRC
255,23,4,2,4,0.5874746768851703,0.5874746768851703,0.6026281676631707,16,GCCTTGGTGRGCCGTTACCYCAC | GCCTTGGTAGGCCGTTACCCYRC | GCCTTGGTAGGCCWTTACCCCRC | GCCTTGGTAGGCCSTTACCCYAC
255,23,4,2,5,0.6123707259865078,0.6123707259865078,0.6364564296804335,19,GCCTTGGTGRGCCGTTACCYCAC | GCCTTGGTAGGCCGTTACCCYRC | GCCTTGGTAGGCCWTTACCCCRC | GCCTTGGTAGGCCSTTACCCYAC | GCCTTGGTGAGCCGTTACCCCDC
255,23,4,2,6,0.6411313772507418,0.6411313772507418,0.6773907574300914,23,GCCTTGGTGRGCCGTTACCYCAC | GCCTTGGTAGGCCGTTACCCYRC | GCCTTGGTAGGCCWTTACCCCRC | GCCTTGGTAGGCCSTTACCCYAC | GCCTTGGTGAGCCGTTACCCCDC | GCCTTGGTARGCCATTACCCYAC
255,23,4,2,7,0.6765303466147161,0.6765303466147161,0.7154759511387203,27,GCCTTGGTGRGCCGTTACCYCAC | GCCTTGGTAGGCCGTTACCCYRC | GCCTTGGTAGGCCWTTACCCCRC | GCCTTGGTAGGCCSTTACCCYAC | GCCTTGGTGAGCCGTTACCCCDC | GCCTTGGTARGCCATTACCCYAC | GSCTTGGTGGGCCGTTACCCCRC
255,23,4,2,8,0.7296337299329512,0.7296337299329512,0.7601482354992432,31,GCCTTGGTGRGCCGTTACCYCAC | GCCTTGGTAGGCCGTTACCCYRC | GCCTTGGTAGGCCWTTACCCCRC | GCCTTGGTAGGCCSTTACCCYAC | GCCTTGGTGAGCCGTTACCCCDC | GCCTTGGTARGCCATTACCCYAC | GSCTTGGTGGGCCGTTACCCCRC | GCCTTGGTAAGCCKTTACCTYAC
255,23,8,3,1,0.3998145738661479,0.3998145738661479,0.4396165204083753,8,GCCTTGGTGRGCCGTTACCYCRC
255,23,8,3,2,0.6393290612918595,0.6393290612918595,0.6598333737339152,16,GCCTTGGTGRGCCGTTACCYCRC | GCCTTGGTARGCCWTTACCCYAC
255,23,8,3,3,0.7030302708543616,0.7030302708543616,0.7065333486143479,24,GCCTTGGTGRGCCGTTACCYCRC | GCCTTGGTARGCCWTTACCCYAC | GCCTTGGTAGGCCSTTACCYYAC
255,23,8,3,4,0.7275859312225719,0.7275859312225719,0.751332811287468,32,GCCTTGGTGRGCCGTTACCYCRC | GCCTTGGTARGCCWTTACCCYAC | GCCTTGGTAGGCCSTTACCYYAC | GCCTTGGTGGGCYGTTACCYCWC
255,23,8,3,5,0.750153639979855,0.750153639979855,0.7679844632990651,40,GCCTTGGTGRGCCGTTACCYCRC | GCCTTGGTARGCCWTTACCCYAC | GCCTTGGTAGGCCSTTACCYYAC | GCCTTGGTGGGCYGTTACCYCWC | GCCTTGGTGGGCYWTTACCCCRC
255,23,16,4,1,0.47121239594980574,0.47121239594980574,0.5279015970052703,16,GCCTTGGTRRGCCGTTACCYCRC
255,23,16,4,2,0.6870163977126221,0.6870163977126221,0.7066403372346008,32,GCCTTGGTRRGCCGTTACCYCRC | GCCTTGGTARGCCWTTACCYYAC
255,23,16,4,3,0.7283516022839885,0.7283516022839885,0.765682318127877,48,GCCTTGGTRRGCCGTTACCYCRC | GCCTTGGTARGCCWTTACCYYAC | GCCTTGGTGGGCYSTTACCYCWC
255,23,16,4,4,0.7633648225832984,0.7633648225832984,0.7928351303604634,64,GCCTTGGTRRGCCGTTACCYCRC | GCCTTGGTARGCCWTTACCYYAC | GCCTTGGTGGGCYSTTACCYCWC | GCCTTGGTGGGCYWTTACCYCRC
255,23,16,4,5,0.8224762584472772,0.8284538473735868,0.8224762584472772,80,GCCTTGGTRRGCCGTTACCYCRC | GCCTTGGTARGCCWTTACCYYAC | GCCTTGGTGGGCYSTTACCYCWC | GCCTTGGTGGGCYWTTACCYCRC | GCCTTGGTAGGCYKTTACCCYRC
255,23,16,4,6,0.8518791289662437,0.8621231377649513,0.8518791289662437,96,GCCTTGGTRRGCCGTTACCYCRC | GCCTTGGTARGCCWTTACCYYAC | GCCTTGGTGGGCYSTTACCYCWC | GCCTTGGTGGGCYWTTACCYCRC | GCCTTGGTAGGCYKTTACCCYRC | GCCTTGGTGRGCCWTTACCYCWC
256,21,4,2,1,0.31692901310954597,0.31692901310954597,0.3481334915542343,4,CCTTGGTGRGCCGTTACCYCA
256,21,4,2,2,0.5023666522852667,0.5023666522852667,0.532810110650699,8,CCTTGGTGRGCCGTTACCYCA | CCTTGGTAGGCCGTTACCCYR
256,21,4,2,3,0.5836398249180338,0.5836398249180338,0.6003078378311079,12,CCTTGGTGRGCCGTTACCYCA | CCTTGGTAGGCCGTTACCCYR | CCTTGGTAGGCCWTTACCCYA
256,21,4,2,4,0.6370258403427884,0.6370258403427884,0.6541800725187993,16,CCTTGGTGRGCCGTTACCYCA | CCTTGGTAGGCCGTTACCCYR | CCTTGGTAGGCCWTTACCCYA | SCTTGGTGGGCCGTTACCCCR
256,21,4,2,5,0.7118313695724846,0.7118313695724846,0.739367232414919,20,CCTTGGTGRGCCGTTACCYCA | CCTTGGTAGGCCGTTACCCYR | CCTTGGTAGGCCWTTACCCYA | SCTTGGTGGGCCGTTACCCCR | CCTTGGTAAGCCGTTACCTYW
256,21,4,2,6,0.72230929307291,0.72230929307291,0.7463282701224561,23,CCTTGGTGRGCCGTTACCYCA | CCTTGGTAGGCCGTTACCCYR | CCTTGGTAGGCCWTTACCCYA | SCTTGGTGGGCCGTTACCCCR | CCTTGGTAAGCCGTTACCTYW | CCTTGGTGGGCCATTACCCCD
256,21,4,2,7,0.7259487761904766,0.7259487761904766,0.7504349198625908,27,CCTTGGTGRGCCGTTACCYCA | CCTTGGTAGGCCGTTACCCYR | CCTTGGTAGGCCWTTACCCYA | SCTTGGTGGGCCGTTACCCCR | CCTTGGTAAGCCGTTACCTYW | CCTTGGTGGGCCATTACCCCD | CCTTGGTGGGCCATTACCMCM
256,21,4,2,8,0.7454007926689651,0.7454007926689651,0.7712610398272454,31,CCTTGGTGRGCCGTTACCYCA | CCTTGGTAGGCCGTTACCCYR | CCTTGGTAGGCCWTTACCCYA | SCTTGGTGGGCCGTTACCCCR | CCTTGGTAAGCCGTTACCTYW | CCTTGGTGGGCCATTACCCCD | CCTTGGTGGGCCATTACCMCM | CCTTGGTGRGCCATTACCYCA
256,21,8,3,1,0.4008938679499045,0.4008938679499045,0.4424994600375633,8,CCTTGGTGRGCCGTTACCYCR
256,21,8,3,2,0.6353943582788301,0.6353943582788301,0.6589862804454586,16,CCTTGGTGRGCCGTTACCYCR | CCTTGGTAGGCCWTTACCYYA
256,21,8,3,3,0.6991607038652753,0.6991607038652753,0.7073395014210903,24,CCTTGGTGRGCCGTTACCYCR | CCTTGGTAGGCCWTTACCYYA | CCTTGGTAGGCCSTTACCYYA
256,21,8,3,4,0.7237552755819872,0.7237552755819872,0.7521373461125802,32,CCTTGGTGRGCCGTTACCYCR | CCTTGGTAGGCCWTTACCYYA | CCTTGGTAGGCCSTTACCYYA | CCTTGGTGGGCYGTTACCYCW
256,21,8,3,5,0.7304177671512835,0.7304177671512835,0.759833233321226,40,CCTTGGTGRGCCGTTACCYCR | CCTTGGTAGGCCWTTACCYYA | CCTTGGTAGGCCSTTACCYYA | CCTTGGTGGGCYGTTACCYCW | CCTTGGTRGGCCAYYACCCCA
256,21,8,3,6,0.7515490791877908,0.7515490791877908,0.7736594618150208,48,CCTTGGTGRGCCGTTACCYCR | CCTTGGTAGGCCWTTACCYYA | CCTTGGTAGGCCSTTACCYYA | CCTTGGTGGGCYGTTACCYCW | CCTTGGTRGGCCAYYACCCCA | CCTTGGTGGGCYWTTACCCCR
256,21,16,4,1,0.47214851214010417,0.47214851214010417,0.532111773273324,16,CCTTGGTRRGCCGTTACCYCR
256,21,16,4,2,0.691362778640248,0.691362778640248,0.7110569577009768,32,CCTTGGTRRGCCGTTACCYCR | CCTTGGTARGCCWTTACCYYA
256,21,16,4,3,0.7327771070526884,0.7327771070526884,0.770096477539957,48,CCTTGGTRRGCCGTTACCYCR | CCTTGGTARGCCWTTACCYYA | CCTTGGTGGGCYSTTACCYCW
256,21,16,4,4,0.7677955247874677,0.7677955247874677,0.7972466400976758,64,CCTTGGTRRGCCGTTACCYCR | CCTTGGTARGCCWTTACCYYA | CCTTGGTGGGCYSTTACCYCW | CCTTGGTGGGCYWTTACCYCR
256,21,16,4,5,0.8249294573241867,0.8328775565634698,0.8249294573241867,80,CCTTGGTRRGCCGTTACCYCR | CCTTGGTARGCCWTTACCYYA | CCTTGGTGGGCYSTTACCYCW | CCTTGGTGGGCYWTTACCYCR | CCTTGGTAGGCYKTTACCCYR
256,21,16,4,6,0.8387792688364856,0.8413839876247917,0.8387792688364856,92,CCTTGGTRRGCCGTTACCYCR | CCTTGGTARGCCWTTACCYYA | CCTTGGTGGGCYSTTACCYCW | CCTTGGTGGGCYWTTACCYCR | CCTTGGTAGGCYKTTACCCYR | CCTTGGTGVGCCATTACCMCM
257,17,4,2,1,0.47099657700776426,0.47099657700776426,0.5380896909904093,4,TGGTGRGCCGTTACCYC
257,17,4,2,2,0.7532717513787035,0.7532717513787035,0.7567640395084357,8,TGGTGRGCCGTTACCYC | TGGTAGGCYATTACCCY
257,17,4,2,3,0.8357608769944407,0.8357608769944407,0.8383672681698852,12,TGGTGRGCCGTTACCYC | TGGTAGGCYATTACCCY | TGGTAAGCYATTACCTY
257,17,4,2,4,0.851817130259191,0.8568890456174937,0.851817130259191,16,TGGTGRGCCGTTACCYC | TGGTAGGCYATTACCCY | TGGTAAGCYATTACCTY | TGGTGGGCCYTTACCYC
257,17,4,2,5,0.8599359609799109,0.8669845066611974,0.8599359609799109,20,TGGTGRGCCGTTACCYC | TGGTAGGCYATTACCCY | TGGTAAGCYATTACCTY | TGGTGGGCCYTTACCYC | TGGTARGCCATTACCCY
257,17,4,2,6,0.8649727351390756,0.869822096501522,0.8649727351390756,24,TGGTGRGCCGTTACCYC | TGGTAGGCYATTACCCY | TGGTAAGCYATTACCTY | TGGTGGGCCYTTACCYC | TGGTARGCCATTACCCY | TGGTAGGCCWTTACCCY
257,17,4,2,7,0.8767844056326655,0.8869108727321788,0.8767844056326655,28,TGGTGRGCCGTTACCYC | TGGTAGGCYATTACCCY | TGGTAAGCYATTACCTY | TGGTGGGCCYTTACCYC | TGGTARGCCATTACCCY | TGGTAGGCCWTTACCCY | TGGTGGGCCRTTACCMC
257,17,4,2,8,0.8794676152487763,0.8953368007684069,0.8794676152487763,32,TGGTGRGCCGTTACCYC | TGGTAGGCYATTACCCY | TGGTAAGCYATTACCTY | TGGTGGGCCYTTACCYC | TGGTARGCCATTACCCY | TGGTAGGCCWTTACCCY | TGGTGGGCCRTTACCMC | TGGTAGGCCKTTACCMC
257,17,8,3,1,0.5638765143500625,0.5638765143500625,0.6383347376557333,8,TGGTRRGCCGTTACCYC
257,17,8,3,2,0.7823346266524701,0.7823346266524701,0.7912561773015695,16,TGGTRRGCCGTTACCYC | TGGTAGGCYATTACCYY
257,17,8,3,3,0.8396418376373468,0.8396418376373468,0.840206644807927,24,TGGTRRGCCGTTACCYC | TGGTAGGCYATTACCYY | TGGTAAGCCRTTACCYY
257,17,8,3,4,0.8698033372646021,0.8870600615065336,0.8698033372646021,32,TGGTRRGCCGTTACCYC | TGGTAGGCYATTACCYY | TGGTAAGCCRTTACCYY | TGGTGRGCCYTTACCYC
257,17,8,3,5,0.8754796353529896,0.8899846137344064,0.8754796353529896,40,TGGTRRGCCGTTACCYC | TGGTAGGCYATTACCYY | TGGTAAGCCRTTACCYY | TGGTGRGCCYTTACCYC | TGGTAGGCCWTTAYCCY
257,17,8,3,6,0.8882750781378651,0.908349292533429,0.8882750781378651,48,TGGTRRGCCGTTACCYC | TGGTAGGCYATTACCYY | TGGTAAGCCRTTACCYY | TGGTGRGCCYTTACCYC | TGGTAGGCCWTTAYCCY | TGGTRGGCCRTTACCMC
257,17,8,3,7,0.8883915169403477,0.9094978868281453,0.8883915169403477,50,TGGTRRGCCGTTACCYC | TGGTAGGCYATTACCYY | TGGTAAGCCRTTACCYY | TGGTGRGCCYTTACCYC | TGGTAGGCCWTTAYCCY | TGGTRGGCCRTTACCMC | TGGTAGGCCATTACCCM
257,17,16,4,1,0.7370810402263851,0.7370810402263851,0.7793905757121123,16,TGGTRRGCCGTTACCYY
257,17,16,4,2,0.8464818173886449,0.8464818173886449,0.848246437697323,32,TGGTRRGCCGTTACCYY | TGGTAGGCYWYTACCCY
257,17,16,4,3,0.8877742844508888,0.9009272723535225,0.8877742844508888,44,TGGTRRGCCGTTACCYY | TGGTAGGCYWYTACCCY | TGGTGRGCCHTTACCYC
257,17,16,4,4,0.8887292976768513,0.9042071539457665,0.8887292976768513,48,TGGTRRGCCGTTACCYY | TGGTAGGCYWYTACCCY | TGGTGRGCCHTTACCYC | TGGTAGGCCATYACCCM
257,19,4,2,1,0.4579760678750288,0.4579760678750288,0.525370274725166,4,CTTGGTGRGCCGTTACCYC
257,19,4,2,2,0.7326251744393019,0.7326251744393019,0.7364311362421158,8,CTTGGTGRGCCGTTACCYC | CTTGGTAGGCYATTACCCY
257,19,4,2,3,0.8087166566276128,0.8087166566276128,0.8139489924910217,12,CTTGGTGRGCCGTTACCYC | CTTGGTAGGCYATTACCCY | CTTGGTAAGCYATTACCTY
257,19,4,2,4,0.8294520347165975,0.8294520347165975,0.8302640151158277,16,CTTGGTGRGCCGTTACCYC | CTTGGTAGGCYATTACCCY | CTTGGTAAGCYATTACCTY | CTTGGTAGGCYYTTACCCC
257,19,4,2,5,0.8418062918957666,0.8447196076228788,0.8418062918957666,20,CTTGGTGRGCCGTTACCYC | CTTGGTAGGCYATTACCCY | CTTGGTAAGCYATTACCTY | CTTGGTAGGCYYTTACCCC | CTTGGTGGGCCRTTACCMC
257,19,4,2,6,0.8478793557640038,0.8478793557640038,0.8491121795605148,24,CTTGGTGRGCCGTTACCYC | CTTGGTAGGCYATTACCCY | CTTGGTAAGCYATTACCTY | CTTGGTAGGCYYTTACCCC | CTTGGTGGGCCRTTACCMC | CTTGGTAGGCCRYTACCCC
257,19,4,2,7,0.8541191087198059,0.8541191087198059,0.8607891878855286,28,CTTGGTGRGCCGTTACCYC | CTTGGTAGGCYATTACCCY | CTTGGTAAGCYATTACCTY | CTTGGTAGGCYYTTACCCC | CTTGGTGGGCCRTTACCMC | CTTGGTAGGCCRYTACCCC | CTTGGTAGGCCKTTACCCY
257,19,4,2,8,0.8637823905348455,0.8637823905348455,0.8645907386664379,32,CTTGGTGRGCCGTTACCYC | CTTGGTAGGCYATTACCCY | CTTGGTAAGCYATTACCTY | CTTGGTAGGCYYTTACCCC | CTTGGTGGGCCRTTACCMC | CTTGGTAGGCCRYTACCCC | CTTGGTAGGCCKTTACCCY | CTTGGTGGGCCWTTACCYC
257,19,8,3,1,0.5472816551626375,0.5472816551626375,0.6238623830226416,8,CTTGGTRRGCCGTTACCYC
257,19,8,3,2,0.7619805110481441,0.7619805110481441,0.7725257162036967,16,CTTGGTRRGCCGTTACCYC | CTTGGTAGGCYATTACCYY
257,19,8,3,3,0.8146246400620153,0.8146246400620153,0.8189516039600947,24,CTTGGTRRGCCGTTACCYC | CTTGGTAGGCYATTACCYY | CTTGGTAGGCCKTTACCYY
257,19,8,3,4,0.8599209982883046,0.8599209982883046,0.8603853354297483,32,CTTGGTRRGCCGTTACCYC | CTTGGTAGGCYATTACCYY | CTTGGTAGGCCKTTACCYY | CTTGGTGRGCYATTACCYC
257,19,8,3,5,0.8631644841694192,0.8631644841694192,0.8645782075471486,36,CTTGGTRRGCCGTTACCYC | CTTGGTAGGCYATTACCYY | CTTGGTAGGCCKTTACCYY | CTTGGTGRGCYATTACCYC | CTTGGTAGGCCAYYACCCC
257,19,8,3,6,0.8715052719162523,0.8796840708192625,0.8715052719162523,44,CTTGGTRRGCCGTTACCYC | CTTGGTAGGCYATTACCYY | CTTGGTAGGCCKTTACCYY | CTTGGTGRGCYATTACCYC | CTTGGTAGGCCAYYACCCC | CTTGGTRGGCYTTTACCMC
257,19,16,4,1,0.719833237502883,0.719833237502883,0.7637993944155886,16,CTTGGTRRGCCGTTACCYY
257,19,16,4,2,0.8399007378863593,0.8424910735160659,0.8399007378863593,32,CTTGGTRRGCCGTTACCYY | CTTGGTRGGCYWTTACCCY
257,19,16,4,3,0.8440936100037598,0.8457345593971805,0.8440936100037598,36,CTTGGTRRGCCGTTACCYY | CTTGGTRGGCYWTTACCCY | CTTGGTAGGCCAYYACCCC
256,23,4,2,1,0.2500564464416372,0.2500564464416372,0.2616987787255053,4,CGCCTTGGTGRGCCGTTACCYCA
256,23,4,2,2,0.4089097902744722,0.4089097902744722,0.42048621729233854,8,CGCCTTGGTGRGCCGTTACCYCA | CGCCTTGGTAGGCCRTTACCCYA
256,23,4,2,3,0.47260175846582153,0.47260175846582153,0.49746326165121085,12,CGCCTTGGTGRGCCGTTACCYCA | CGCCTTGGTAGGCCRTTACCCYA | CGCCTTGGTGGGCCRTTACCCCR
256,23,4,2,4,0.5189432297413328,0.5189432297413328,0.5720034558994905,16,CGCCTTGGTGRGCCGTTACCYCA | CGCCTTGGTAGGCCRTTACCCYA | CGCCTTGGTGGGCCRTTACCCCR | CGCCTTGGTGAGCCRTTACCTCW
256,23,4,2,5,0.5593692483110276,0.5593692483110276,0.5981125348846721,20,CGCCTTGGTGRGCCGTTACCYCA | CGCCTTGGTAGGCCRTTACCCYA | CGCCTTGGTGGGCCRTTACCCCR | CGCCTTGGTGAGCCRTTACCTCW | CGCCTTGGTAGGCYKTTACCCCA
256,23,8,3,1,0.3091017125461442,0.3091017125461442,0.34344759607870873,8,CGCCTTGGTGRGCCRTTACCYCA
256,23,8,3,2,0.48792379256967605,0.48792379256967605,0.5155409576036823,16,CGCCTTGGTGRGCCRTTACCYCA | CGCCTTGGTAGGCCRTTACCCYR
256,23,8,3,3,0.5351459170615859,0.5351459170615859,0.5766514121072729,24,CGCCTTGGTGRGCCRTTACCYCA | CGCCTTGGTAGGCCRTTACCCYR | MGSCTTGGTGGGCCGTTACCCCR
256,23,8,3,4,0.5936923254827046,0.5936923254827046,0.6420636775581474,32,CGCCTTGGTGRGCCRTTACCYCA | CGCCTTGGTAGGCCRTTACCCYR | MGSCTTGGTGGGCCGTTACCCCR | CGCCTTGGTAAGCCGTTACCYYW
256,23,8,3,5,0.6696895816762956,0.6696895816762956,0.6820775603174764,40,CGCCTTGGTGRGCCRTTACCYCA | CGCCTTGGTAGGCCRTTACCCYR | MGSCTTGGTGGGCCGTTACCCCR | CGCCTTGGTAAGCCGTTACCYYW | MGCCTTGGTAGGCYTTTACCCYA
256,23,8,3,6,0.6838693245230413,0.6838693245230413,0.6906727842127333,48,CGCCTTGGTGRGCCRTTACCYCA | CGCCTTGGTAGGCCRTTACCCYR | MGSCTTGGTGGGCCGTTACCCCR | CGCCTTGGTAAGCCGTTACCYYW | MGCCTTGGTAGGCYTTTACCCYA | CGCCTTGGTGKGCCGTTACCMCW
256,23,8,3,7,0.6965141969832147,0.6965141969832147,0.7011662081526063,56,CGCCTTGGTGRGCCRTTACCYCA | CGCCTTGGTAGGCCRTTACCCYR | MGSCTTGGTGGGCCGTTACCCCR | CGCCTTGGTAAGCCGTTACCYYW | MGCCTTGGTAGGCYTTTACCCYA | CGCCTTGGTGKGCCGTTACCMCW | CGCCTTGGTGGGCCWTTACCYCR
256,23,8,3,8,0.712562579181052,0.712562579181052,0.7214334085667119,64,CGCCTTGGTGRGCCRTTACCYCA | CGCCTTGGTAGGCCRTTACCCYR | MGSCTTGGTGGGCCGTTACCCCR | CGCCTTGGTAAGCCGTTACCYYW | MGCCTTGGTAGGCYTTTACCCYA | CGCCTTGGTGKGCCGTTACCMCW | CGCCTTGGTGGGCCWTTACCYCR | CGCCTTGGTGAGCCKTTACCYMA
256,23,16,4,1,0.3808174926510038,0.3808174926510038,0.4274430103818773,16,CGCCTTGGTGRGCCRTTACCYCR
256,23,16,4,2,0.5725232818871161,0.5725232818871161,0.6268856562889574,32,CGCCTTGGTGRGCCRTTACCYCR | CGCCTTGGTARGCCRTTACCYYA
256,23,16,4,3,0.6118416458150484,0.6118416458150484,0.6765216840722849,48,CGCCTTGGTGRGCCRTTACCYCR | CGCCTTGGTARGCCRTTACCYYA | CGCCTTGGTGGGCYKTTACCYCW
256,23,16,4,4,0.7017061881186123,0.7017061881186123,0.7286263040159953,64,CGCCTTGGTGRGCCRTTACCYCR | CGCCTTGGTARGCCRTTACCYYA | CGCCTTGGTGGGCYKTTACCYCW | MGCCTTGGTAGGCYTTTACCCYR
256,23,16,4,5,0.7042263282520325,0.7042263282520325,0.7302180501716157,66,CGCCTTGGTGRGCCRTTACCYCR | CGCCTTGGTARGCCRTTACCYYA | CGCCTTGGTGGGCYKTTACCYCW | MGCCTTGGTAGGCYTTTACCCYR | CGCCTTGGTGGGCCGTTACCCCM
258,17,4,2,1,0.5359037440649785,0.5359037440649785,0.5936985843085398,4,TTGGTGRGCCGTTACCY
258,17,4,2,2,0.7966430867398137,0.7966430867398137,0.8042870853146523,8,TTGGTGRGCCGTTACCY | TTGGTAGGCYATTACCY
258,17,4,2,3,0.8292217671110328,0.8339437718282988,0.8292217671110328,12,TTGGTGRGCCGTTACCY | TTGGTAGGCYATTACCY | TTGGTAGGCYTTTACCY
258,17,4,2,4,0.8379284836340702,0.8379284836340702,0.8385201432046951,16,TTGGTGRGCCGTTACCY | TTGGTAGGCYATTACCY | TTGGTAGGCYTTTACCY | TTGGTAGGCCRYTACCC
258,17,4,2,5,0.8467602636738462,0.849187776446358,0.8467602636738462,20,TTGGTGRGCCGTTACCY | TTGGTAGGCYATTACCY | TTGGTAGGCYTTTACCY | TTGGTAGGCCRYTACCC | TTGGTGGGCCMTTACCY
258,17,4,2,6,0.8506014317743689,0.8608331203648542,0.8506014317743689,24,TTGGTGRGCCGTTACCY | TTGGTAGGCYATTACCY | TTGGTAGGCYTTTACCY | TTGGTAGGCCRYTACCC | TTGGTGGGCCMTTACCY | TTGGTAKGCCATTACCM
258,17,4,2,7,0.8507062535773039,0.8622172322304901,0.8507062535773039,28,TTGGTGRGCCGTTACCY | TTGGTAGGCYATTACCY | TTGGTAGGCYTTTACCY | TTGGTAGGCCRYTACCC | TTGGTGGGCCMTTACCY | TTGGTAKGCCATTACCM | TYGGTAGGCCAWTACCC
258,17,4,2,8,0.8598130044073499,0.8728860307920021,0.8598130044073499,32,TTGGTGRGCCGTTACCY | TTGGTAGGCYATTACCY | TTGGTAGGCYTTTACCY | TTGGTAGGCCRYTACCC | TTGGTGGGCCMTTACCY | TTGGTAKGCCATTACCM | TYGGTAGGCCAWTACCC | TTGGTGGGCCRTTACCM
258,17,8,3,1,0.7251685294739181,0.7251685294739181,0.7708580666445223,8,TTGGTRRGCCGTTACCY
258,17,8,3,2,0.8446307876137958,0.8455445305161216,0.8446307876137958,16,TTGGTRRGCCGTTACCY | TTGGTRGGCYWTTACCC
258,17,8,3,3,0.8672308977500086,0.8672308977500086,0.8680421472407907,24,TTGGTRRGCCGTTACCY | TTGGTRGGCYWTTACCC | TTGGTARGCYATTACCY
258,17,8,3,4,0.8819509079746438,0.8827861130432345,0.8819509079746438,32,TTGGTRRGCCGTTACCY | TTGGTRGGCYWTTACCC | TTGGTARGCYATTACCY | TTGGTGGGCCRTTACMM
258,17,8,3,5,0.9102052712595272,0.911955774995683,0.9102052712595272,40,TTGGTRRGCCGTTACCY | TTGGTRGGCYWTTACCC | TTGGTARGCYATTACCY | TTGGTGGGCCRTTACMM | TTGGTGRGCYATTACCY
258,17,8,3,6,0.9152720798334381,0.9242435716937843,0.9152720798334381,48,TTGGTRRGCCGTTACCY | TTGGTRGGCYWTTACCC | TTGGTARGCYATTACCY | TTGGTGGGCCRTTACMM | TTGGTGRGCYATTACCY | TTGGTAKGCCTTTACYM
258,17,8,3,7,0.9163318548822575,0.9248962353059108,0.9163318548822575,56,TTGGTRRGCCGTTACCY | TTGGTRGGCYWTTACCC | TTGGTARGCYATTACCY | TTGGTGGGCCRTTACMM | TTGGTGRGCYATTACCY | TTGGTAKGCCTTTACYM | WTGGTAGGCCTYTAYCC
258,17,8,3,8,0.9170829501722313,0.9262803471715467,0.9170829501722313,64,TTGGTRRGCCGTTACCY | TTGGTRGGCYWTTACCC | TTGGTARGCYATTACCY | TTGGTGGGCCRTTACMM | TTGGTGRGCYATTACCY | TTGGTAKGCCTTTACYM | WTGGTAGGCCTYTAYCC | TYGGTAGGCCAWTACYC
258,17,16,4,1,0.8363574426322709,0.8436217313437339,0.8363574426322709,16,TTGGTRRGCYGTTACCY
258,17,16,4,2,0.8961988156143127,0.9069171015642578,0.8961988156143127,32,TTGGTRRGCYGTTACCY | TTGGTRRGCCWTTACCY
258,17,16,4,3,0.8974186718539201,0.9098002832326997,0.8974186718539201,48,TTGGTRRGCYGTTACCY | TTGGTRRGCCWTTACCY | WYGGTAGGCCAYTAYCC
258,17,16,4,4,0.91309344177539,0.9345212139316862,0.91309344177539,60,TTGGTRRGCYGTTACCY | TTGGTRRGCCWTTACCY | WYGGTAGGCCAYTAYCC | TTGGTRBGCCATTACCM
258,17,16,4,5,0.9236317479407675,0.9425952389835901,0.9236317479407675,76,TTGGTRRGCYGTTACCY | TTGGTRRGCCWTTACCY | WYGGTAGGCCAYTAYCC | TTGGTRBGCCATTACCM | TTGGTAGGCYWTTAYYC
258,17,16,4,6,0.9330340203710173,0.946390992948633,0.9330340203710173,92,TTGGTRRGCYGTTACCY | TTGGTRRGCCWTTACCY | WYGGTAGGCCAYTAYCC | TTGGTRBGCCATTACCM | TTGGTAGGCYWTTAYYC | TTGGTRGKCCAWTACMC
257,21,4,2,1,0.42128524385934796,0.42128524385934796,0.48033640331652744,4,GCCTTGGTGRGCCGTTACCYC
257,21,4,2,2,0.6497845058869364,0.6497845058869364,0.6760137265038947,8,GCCTTGGTGRGCCGTTACCYC | GCCTTGGTAGGCCWTTACCCY
257,21,4,2,3,0.6734306881626152,0.6734306881626152,0.7011028987049804,12,GCCTTGGTGRGCCGTTACCYC | GCCTTGGTAGGCCWTTACCCY | GCCTTGGTRGGCYATTACCCC
257,21,4,2,4,0.7413747142617297,0.7413747142617297,0.7718434060704212,16,GCCTTGGTGRGCCGTTACCYC | GCCTTGGTAGGCCWTTACCCY | GCCTTGGTRGGCYATTACCCC | GCCTTGGTAAGCCRTTACCTY
257,21,4,2,5,0.7617969302265495,0.7617969302265495,0.7908986445737033,20,GCCTTGGTGRGCCGTTACCYC | GCCTTGGTAGGCCWTTACCCY | GCCTTGGTRGGCYATTACCCC | GCCTTGGTAAGCCRTTACCTY | GCCTTGGTAGGCCRTTACCCY
257,21,4,2,6,0.7738943289493464,0.7738943289493464,0.7985070482917029,24,GCCTTGGTGRGCCGTTACCYC | GCCTTGGTAGGCCWTTACCCY | GCCTTGGTRGGCYATTACCCC | GCCTTGGTAAGCCRTTACCTY | GCCTTGGTAGGCCRTTACCCY | GCCTTGGTGGGCCWTTACCYC
257,21,4,2,7,0.7853827727400753,0.7853827727400753,0.8054481832771246,28,GCCTTGGTGRGCCGTTACCYC | GCCTTGGTAGGCCWTTACCCY | GCCTTGGTRGGCYATTACCCC | GCCTTGGTAAGCCRTTACCTY | GCCTTGGTAGGCCRTTACCCY | GCCTTGGTGGGCCWTTACCYC | GCCTTGGTGGGCCRTTACCMC
257,21,4,2,8,0.7890614245843676,0.7890614245843676,0.8131168525946509,32,GCCTTGGTGRGCCGTTACCYC | GCCTTGGTAGGCCWTTACCCY | GCCTTGGTRGGCYATTACCCC | GCCTTGGTAAGCCRTTACCTY | GCCTTGGTAGGCCRTTACCCY | GCCTTGGTGGGCCWTTACCYC | GCCTTGGTGGGCCRTTACCMC | GCCTTGGTRRGCCATTACCCC
257,21,8,3,1,0.49280341960904767,0.49280341960904767,0.5683626207263542,8,GCCTTGGTRRGCCGTTACCYC
257,21,8,3,2,0.7059042474683374,0.7059042474683374,0.7171677942295428,16,GCCTTGGTRRGCCGTTACCYC | GCCTTGGTAGGCYWTTACCCY
257,21,8,3,3,0.7969667638063473,0.7969667638063473,0.8108296035570106,24,GCCTTGGTRRGCCGTTACCYC | GCCTTGGTAGGCYWTTACCCY | GCCTTGGTRAGCYATTACCTY
257,21,8,3,4,0.8228183149042166,0.8228183149042166,0.8295100966886989,32,GCCTTGGTRRGCCGTTACCYC | GCCTTGGTAGGCYWTTACCCY | GCCTTGGTRAGCYATTACCTY | GCCTTGGTARGCCGTTACCYY
257,21,8,3,5,0.8549503102689862,0.8555936253051143,0.8549503102689862,40,GCCTTGGTRRGCCGTTACCYC | GCCTTGGTAGGCYWTTACCCY | GCCTTGGTRAGCYATTACCTY | GCCTTGGTARGCCGTTACCYY | GCCTTGGTGGGCYWTTACCYC
257,21,16,4,1,0.6436951731193454,0.6436951731193454,0.6935179140336158,16,GCCTTGGTRRGCCGTTACCYY
257,21,16,4,2,0.7946273937082049,0.7946273937082049,0.7987024810442162,32,GCCTTGGTRRGCCGTTACCYY | GCCTTGGTRGGCYWTTACCCY
257,21,16,4,3,0.8210631271649825,0.8210916959286004,0.8210631271649825,44,GCCTTGGTRRGCCGTTACCYY | GCCTTGGTRGGCYWTTACCCY | GSCTTGGTGGGCCRTTACCHC
257,21,16,4,4,0.8662694917832235,0.8662694917832235,0.8761667959326357,60,GCCTTGGTRRGCCGTTACCYY | GCCTTGGTRGGCYWTTACCCY | GSCTTGGTGGGCCRTTACCHC | GCCTTGGTRRGCYATTACCYC
257,21,16,4,5,0.8790323879912391,0.8790323879912391,0.8806378696939099,76,GCCTTGGTRRGCCGTTACCYY | GCCTTGGTRGGCYWTTACCCY | GSCTTGGTGGGCCRTTACCHC | GCCTTGGTRRGCYATTACCYC | GYCTTGGTAGGCYTTTACYMC
257,23,4,2,1,0.3059880217770811,0.3059880217770811,0.3349578012928533,4,TCGCCTTGGTGRGCCGTTACCYC
257,23,4,2,2,0.4599400177702444,0.4599400177702444,0.48320334027548206,8,TCGCCTTGGTGRGCCGTTACCYC | TCGCCTTGGTAGGCCRTTACCCY
257,23,4,2,3,0.49617568521421584,0.49617568521421584,0.504903274280701,12,TCGCCTTGGTGRGCCGTTACCYC | TCGCCTTGGTAGGCCRTTACCCY | TCGCCTTGGTAGGCYWTTACCCC
257,23,4,2,4,0.5267734425773202,0.5267734425773202,0.5585239552072219,16,TCGCCTTGGTGRGCCGTTACCYC | TCGCCTTGGTAGGCCRTTACCCY | TCGCCTTGGTAGGCYWTTACCCC | TCGCCTTGGTGRGCCATTACCYC
257,23,4,2,5,0.5335022076964132,0.5335022076964132,0.5715053321029364,20,TCGCCTTGGTGRGCCGTTACCYC | TCGCCTTGGTAGGCCRTTACCCY | TCGCCTTGGTAGGCYWTTACCCC | TCGCCTTGGTGRGCCATTACCYC | TMGCCTTGGTRGGCCGTTACCCC
257,23,8,3,1,0.3521959768666921,0.3521959768666921,0.4061474462662195,8,TCGCCTTGGTGRGCCRTTACCYC
257,23,8,3,2,0.5150609683962402,0.5150609683962402,0.5564153825837267,16,TCGCCTTGGTGRGCCRTTACCYC | TCGCCTTGGTAGGCCRTTACCYY
257,23,8,3,3,0.5847106619609597,0.5847106619609597,0.5902034479291607,24,TCGCCTTGGTGRGCCRTTACCYC | TCGCCTTGGTAGGCCRTTACCYY | TCGCCTTGGTAGGCYKTTACCCY
257,23,8,3,4,0.6370745732281854,0.6370745732281854,0.6480134454164639,32,TCGCCTTGGTGRGCCRTTACCYC | TCGCCTTGGTAGGCCRTTACCYY | TCGCCTTGGTAGGCYKTTACCCY | WAGCCTTGGTGRGCCGTTACCYC
257,23,8,3,5,0.6596375403602728,0.6596375403602728,0.6661191937382543,38,TCGCCTTGGTGRGCCRTTACCYC | TCGCCTTGGTAGGCCRTTACCYY | TCGCCTTGGTAGGCYKTTACCCY | WAGCCTTGGTGRGCCGTTACCYC | THGCCTTGGTAGGCCATTACCCY
257,23,8,3,6,0.665892786627121,0.665892786627121,0.6751769226887986,46,TCGCCTTGGTGRGCCRTTACCYC | TCGCCTTGGTAGGCCRTTACCYY | TCGCCTTGGTAGGCYKTTACCCY | WAGCCTTGGTGRGCCGTTACCYC | THGCCTTGGTAGGCCATTACCCY | TYGCCTTGGTAGGCCGTTACCYY
257,23,16,4,1,0.4151534988235745,0.4151534988235745,0.48564247627725293,16,TCGCCTTGGTRRGCCRTTACCYC
257,23,16,4,2,0.5805246022326583,0.5805246022326583,0.5837627670053244,32,TCGCCTTGGTRRGCCRTTACCYC | TCGCCTTGGTAGGCYKTTACCYY
257,23,16,4,3,0.6527879699400371,0.6527879699400371,0.6638512960953363,48,TCGCCTTGGTRRGCCRTTACCYC | TCGCCTTGGTAGGCYKTTACCYY | WWGCCTTGGTGRGCCGTTACCYC
257,23,16,4,4,0.703793701170479,0.703793701170479,0.7176870308677131,64,TCGCCTTGGTRRGCCRTTACCYC | TCGCCTTGGTAGGCYKTTACCYY | WWGCCTTGGTGRGCCGTTACCYC | TMGCCTTGGTARGCCATTACCYY
257,23,16,4,5,0.7208583412576764,0.7208583412576764,0.73216377833254,80,TCGCCTTGGTRRGCCRTTACCYC | TCGCCTTGGTAGGCYKTTACCYY | WWGCCTTGGTGRGCCGTTACCYC | TMGCCTTGGTARGCCATTACCYY | TYGCCTTGGTAGGCCWTYACCCY
257,23,16,4,6,0.7427744407593931,0.7427744407593931,0.7490742365238314,96,TCGCCTTGGTRRGCCRTTACCYC | TCGCCTTGGTAGGCYKTTACCYY | WWGCCTTGGTGRGCCGTTACCYC | TMGCCTTGGTARGCCATTACCYY | TYGCCTTGGTAGGCCWTYACCCY | TMGSCTTGGTGGGCCKTTACCMC
258,19,4,2,1,0.4850621645431162,0.4850621645431162,0.5386995647001874,4,CCTTGGTGRGCCGTTACCY
258,19,4,2,2,0.7096112589276996,0.7096112589276996,0.7412318705466827,8,CCTTGGTGRGCCGTTACCY | CCTTGGTAGGCCWTTACCY
258,19,4,2,3,0.7439708885563445,0.7439708885563445,0.7716251838741907,12,CCTTGGTGRGCCGTTACCY | CCTTGGTAGGCCWTTACCY | CCTTGGTAGGCYRTTACCC
258,19,4,2,4,0.7664619655827495,0.7664619655827495,0.7884130438405522,16,CCTTGGTGRGCCGTTACCY | CCTTGGTAGGCCWTTACCY | CCTTGGTAGGCYRTTACCC | CCTTGGTGGGCCWTTACCY
258,19,4,2,5,0.7742021161052007,0.7742021161052007,0.7998317185453597,20,CCTTGGTGRGCCGTTACCY | CCTTGGTAGGCCWTTACCY | CCTTGGTAGGCYRTTACCC | CCTTGGTGGGCCWTTACCY | CCTTGGTARGCCATTACCY
258,19,4,2,6,0.7817634688556815,0.7817634688556815,0.8082278482291027,24,CCTTGGTGRGCCGTTACCY | CCTTGGTAGGCCWTTACCY | CCTTGGTAGGCYRTTACCC | CCTTGGTGGGCCWTTACCY | CCTTGGTARGCCATTACCY | CCTTGGTGRGCCMTTACCC
258,19,4,2,7,0.7932517694143161,0.7932517694143161,0.8159006220660049,28,CCTTGGTGRGCCGTTACCY | CCTTGGTAGGCCWTTACCY | CCTTGGTAGGCYRTTACCC | CCTTGGTGGGCCWTTACCY | CCTTGGTARGCCATTACCY | CCTTGGTGRGCCMTTACCC | CCTTGGTGGGCCRTTACCM
258,19,4,2,8,0.8209889530750086,0.8209889530750086,0.8221842974280347,32,CCTTGGTGRGCCGTTACCY | CCTTGGTAGGCCWTTACCY | CCTTGGTAGGCYRTTACCC | CCTTGGTGGGCCWTTACCY | CCTTGGTARGCCATTACCY | CCTTGGTGRGCCMTTACCC | CCTTGGTGGGCCRTTACCM | CCTTGGTAGGCYTTTACCY
258,19,8,3,1,0.6444458506643727,0.6444458506643727,0.7001058803631578,8,CCTTGGTRRGCCGTTACCY
258,19,8,3,2,0.7961005723751892,0.7961005723751892,0.8032144948781031,16,CCTTGGTRRGCCGTTACCY | CCTTGGTRGGCYWTTACCC
258,19,8,3,3,0.8162675505355882,0.8162675505355882,0.821620392379125,24,CCTTGGTRRGCCGTTACCY | CCTTGGTRGGCYWTTACCC | SCTTGGTGGGCCRTTACCM
258,19,8,3,4,0.8447810530323115,0.8447810530323115,0.8543052642798358,32,CCTTGGTRRGCCGTTACCY | CCTTGGTRGGCYWTTACCC | SCTTGGTGGGCCRTTACCM | CCTTGGTRRGCCATTACCY
258,19,8,3,5,0.8595304901092414,0.8595304901092414,0.8627645873585821,40,CCTTGGTRRGCCGTTACCY | CCTTGGTRGGCYWTTACCC | SCTTGGTGGGCCRTTACCM | CCTTGGTRRGCCATTACCY | YCTTGGTARGCCTTTACCY
258,19,8,3,6,0.866394739508189,0.8717145352711158,0.866394739508189,48,CCTTGGTRRGCCGTTACCY | CCTTGGTRGGCYWTTACCC | SCTTGGTGGGCCRTTACCM | CCTTGGTRRGCCATTACCY | YCTTGGTARGCCTTTACCY | CCTTGGTAKGCCTTTACYM
258,19,8,3,7,0.8881025702625552,0.9087537677822759,0.8881025702625552,56,CCTTGGTRRGCCGTTACCY | CCTTGGTRGGCYWTTACCC | SCTTGGTGGGCCRTTACCM | CCTTGGTRRGCCATTACCY | YCTTGGTARGCCTTTACCY | CCTTGGTAKGCCTTTACYM | CCTTGGTGRGCYTTTACCY
258,19,8,3,8,0.8894682777172895,0.9101378796479117,0.8894682777172895,64,CCTTGGTRRGCCGTTACCY | CCTTGGTRGGCYWTTACCC | SCTTGGTGGGCCRTTACCM | CCTTGGTRRGCCATTACCY | YCTTGGTARGCCTTTACCY | CCTTGGTAKGCCTTTACYM | CCTTGGTGRGCYTTTACCY | CCTYGGTAGGCCAWTACMC
258,19,16,4,1,0.7297066116700908,0.7297066116700908,0.7827341198254479,16,CCTTGGTRRGCCRTTACCY
258,19,16,4,2,0.8600324945520939,0.8656855776711248,0.8600324945520939,32,CCTTGGTRRGCCRTTACCY | CCTTGGTRGGCYYTTACCY
258,19,16,4,3,0.8804024415184893,0.8965502735173988,0.8804024415184893,48,CCTTGGTRRGCCRTTACCY | CCTTGGTRGGCYYTTACCY | SCTTGGTRKGCCGTTACCM
258,19,16,4,4,0.8864303804955656,0.8980151738787527,0.8864303804955656,64,CCTTGGTRRGCCRTTACCY | CCTTGGTRGGCYYTTACCY | SCTTGGTRKGCCGTTACCM | CCTYGGTAGKCCAWTACMC
258,19,16,4,5,0.8984285179677037,0.9215635988532479,0.8984285179677037,80,CCTTGGTRRGCCRTTACCY | CCTTGGTRGGCYYTTACCY | SCTTGGTRKGCCGTTACCM | CCTYGGTAGKCCAWTACMC | YCTTGGTRRGCCTTTACCY
258,19,16,4,6,0.9060099057826578,0.924520663620808,0.9060099057826578,96,CCTTGGTRRGCCRTTACCY | CCTTGGTRGGCYYTTACCY | SCTTGGTRKGCCGTTACCM | CCTYGGTAGKCCAWTACMC | YCTTGGTRRGCCTTTACCY | CCTTGGTAGGCYATYAYYC
258,19,16,4,7,0.9138560916643993,0.9390579767708375,0.9138560916643993,108,CCTTGGTRRGCCRTTACCY | CCTTGGTRGGCYYTTACCY | SCTTGGTRKGCCGTTACCM | CCTYGGTAGKCCAWTACMC | YCTTGGTRRGCCTTTACCY | CCTTGGTAGGCYATYAYYC | SCTHGGTGGGCCGTTACMC
258,19,16,4,8,0.9203406857860097,0.9437791381321962,0.9203406857860097,124,CCTTGGTRRGCCRTTACCY | CCTTGGTRGGCYYTTACCY | SCTTGGTRKGCCGTTACCM | CCTYGGTAGKCCAWTACMC | YCTTGGTRRGCCTTTACCY | CCTTGGTAGGCYATYAYYC | SCTHGGTGGGCCGTTACMC | YCTTGGTRSGCCATTACCM
258,21,4,2,1,0.37289151730697623,0.37289151730697623,0.40532063771005605,4,CGCCTTGGTGRGCCGTTACCY
258,21,4,2,2,0.556145431068809,0.556145431068809,0.5825378398083999,7,CGCCTTGGTGRGCCGTTACCY | CGCCTTGGTAGGCCDTTACCC
258,21,4,2,3,0.6031824818470141,0.6031824818470141,0.6592563249372692,11,CGCCTTGGTGRGCCGTTACCY | CGCCTTGGTAGGCCDTTACCC | CGCCTTGGTGRGCCATTACCY
258,21,4,2,4,0.6282379423876715,0.6282379423876715,0.6761299976850627,15,CGCCTTGGTGRGCCGTTACCY | CGCCTTGGTAGGCCDTTACCC | CGCCTTGGTGRGCCATTACCY | CGCCTTGGTAGGCYSTTACCC
258,21,4,2,5,0.6417714724407494,0.6417714724407494,0.6882860421415643,19,CGCCTTGGTGRGCCGTTACCY | CGCCTTGGTAGGCCDTTACCC | CGCCTTGGTGRGCCATTACCY | CGCCTTGGTAGGCYSTTACCC | CGSCTTGGTRGGCCGTTACCC
258,21,4,2,6,0.6898465208295622,0.6898465208295622,0.7074118232205605,23,CGCCTTGGTGRGCCGTTACCY | CGCCTTGGTAGGCCDTTACCC | CGCCTTGGTGRGCCATTACCY | CGCCTTGGTAGGCYSTTACCC | CGSCTTGGTRGGCCGTTACCC | CGCCTTGGTAGGCYTTTACCY
258,21,4,2,7,0.7241313852432034,0.7241313852432034,0.7294747797615,27,CGCCTTGGTGRGCCGTTACCY | CGCCTTGGTAGGCCDTTACCC | CGCCTTGGTGRGCCATTACCY | CGCCTTGGTAGGCYSTTACCC | CGSCTTGGTRGGCCGTTACCC | CGCCTTGGTAGGCYTTTACCY | AGYCTTGGTAGGCCATTACCY
258,21,4,2,8,0.7632251285081707,0.7632251285081707,0.7649872739644695,30,CGCCTTGGTGRGCCGTTACCY | CGCCTTGGTAGGCCDTTACCC | CGCCTTGGTGRGCCATTACCY | CGCCTTGGTAGGCYSTTACCC | CGSCTTGGTRGGCCGTTACCC | CGCCTTGGTAGGCYTTTACCY | AGYCTTGGTAGGCCATTACCY | HGCCTTGGTGAGCCGTTACCT
258,21,8,3,1,0.5054477078858711,0.5054477078858711,0.5454021752117998,8,CGCCTTGGTRRGCCGTTACCY
258,21,8,3,2,0.6494088729703854,0.6494088729703854,0.6624417055826058,16,CGCCTTGGTRRGCCGTTACCY | CGCCTTGGTRGGCYWTTACCC
258,21,8,3,3,0.7220979825454387,0.7220979825454387,0.74880385462493,24,CGCCTTGGTRRGCCGTTACCY | CGCCTTGGTRGGCYWTTACCC | WGCCTTGGTRAGCCRTTACCT
258,21,8,3,4,0.7573311886107349,0.7573311886107349,0.7775964909256895,32,CGCCTTGGTRRGCCGTTACCY | CGCCTTGGTRGGCYWTTACCC | WGCCTTGGTRAGCCRTTACCT | CGCCTTGGTGRGCCWTTACCY
258,21,8,3,5,0.786211027764646,0.786211027764646,0.7982081479099822,40,CGCCTTGGTRRGCCGTTACCY | CGCCTTGGTRGGCYWTTACCC | WGCCTTGGTRAGCCRTTACCT | CGCCTTGGTGRGCCWTTACCY | MGYCTTGGTARGCCATTACCC
258,21,8,3,6,0.8123265320542927,0.8123265320542927,0.8227792383113602,48,CGCCTTGGTRRGCCGTTACCY | CGCCTTGGTRGGCYWTTACCC | WGCCTTGGTRAGCCRTTACCT | CGCCTTGGTGRGCCWTTACCY | MGYCTTGGTARGCCATTACCC | MGSCTTGGTRGGCCGTTACCC
258,21,8,3,7,0.8263705346275466,0.8263705346275466,0.8275571700309504,56,CGCCTTGGTRRGCCGTTACCY | CGCCTTGGTRGGCYWTTACCC | WGCCTTGGTRAGCCRTTACCT | CGCCTTGGTGRGCCWTTACCY | MGYCTTGGTARGCCATTACCC | MGSCTTGGTRGGCCGTTACCC | YGCCTTGGTAGGCCWTTACCM
258,21,8,3,8,0.8351652844246736,0.8385242514768333,0.8351652844246736,64,CGCCTTGGTRRGCCGTTACCY | CGCCTTGGTRGGCYWTTACCC | WGCCTTGGTRAGCCRTTACCT | CGCCTTGGTGRGCCWTTACCY | MGYCTTGGTARGCCATTACCC | MGSCTTGGTRGGCCGTTACCC | YGCCTTGGTAGGCCWTTACCM | YGCCTTGGTRGGCCGTTACCM
258,21,16,4,1,0.6029541519159162,0.6029541519159162,0.6819355431703484,16,CGCCTTGGTRRGCCRTTACCY
258,21,16,4,2,0.7275707290078405,0.7275707290078405,0.745558373920873,32,CGCCTTGGTRRGCCRTTACCY | CGCCTTGGTRGGCYYTTACCY
258,21,16,4,3,0.7793438166314446,0.7793438166314446,0.7968469983718518,48,CGCCTTGGTRRGCCRTTACCY | CGCCTTGGTRGGCYYTTACCY | WGSCTTGGTGRGCCGTTACCY
258,21,16,4,4,0.8196988192399481,0.8288838577322214,0.8196988192399481,60,CGCCTTGGTRRGCCRTTACCY | CGCCTTGGTRGGCYYTTACCY | WGSCTTGGTGRGCCGTTACCY | HGYCTTGGTAGGCCWTTACCC
259,17,4,2,1,0.7332854181103478,0.7332854181103478,0.7725612882227931,4,CTTGGTRRGCCGTTACC
259,17,4,2,2,0.8458133261890755,0.8612207898521701,0.8458133261890755,8,CTTGGTRRGCCGTTACC | CTTGGTAGGCYWTTACC
259,17,4,2,3,0.8809633474518023,0.8985380763449865,0.8809633474518023,12,CTTGGTRRGCCGTTACC | CTTGGTAGGCYWTTACC | CTTGGTGRGCYATTACC
259,17,4,2,4,0.8979175487716199,0.9036543702378707,0.8979175487716199,16,CTTGGTRRGCCGTTACC | CTTGGTAGGCYWTTACC | CTTGGTGRGCYATTACC | CTTGGTARGCCATTRCC
259,17,4,2,5,0.9097807151560119,0.9222252675078497,0.9097807151560119,20,CTTGGTRRGCCGTTACC | CTTGGTAGGCYWTTACC | CTTGGTGRGCYATTACC | CTTGGTARGCCATTRCC | CTTGGTRRGCCTTTACC
259,17,4,2,6,0.9099508196329253,0.9231181375519616,0.9099508196329253,24,CTTGGTRRGCCGTTACC | CTTGGTAGGCYWTTACC | CTTGGTGRGCYATTACC | CTTGGTARGCCATTRCC | CTTGGTRRGCCTTTACC | CWTGGTAGGCCAWTACC
259,17,4,2,7,0.9148937942004368,0.9267252609754562,0.9148937942004368,28,CTTGGTRRGCCGTTACC | CTTGGTAGGCYWTTACC | CTTGGTGRGCYATTACC | CTTGGTARGCCATTRCC | CTTGGTRRGCCTTTACC | CWTGGTAGGCCAWTACC | CTTGGTRGGCCGTTRCC
259,17,4,2,8,0.9195331239408674,0.9283716647607118,0.9195331239408674,32,CTTGGTRRGCCGTTACC | CTTGGTAGGCYWTTACC | CTTGGTGRGCYATTACC | CTTGGTARGCCATTRCC | CTTGGTRRGCCTTTACC | CWTGGTAGGCCAWTACC | CTTGGTRGGCCGTTRCC | CTTGGTAGGCYATTACY
259,17,8,3,1,0.8362932903664412,0.8505879144044163,0.8362932903664412,8,CTTGGTRRGCYGTTACC
259,17,8,3,2,0.8988533622814886,0.9259417103296017,0.8988533622814886,16,CTTGGTRRGCYGTTACC | CTTGGTRRGCCWTTACC
259,17,8,3,3,0.9108714943086037,0.931311190254609,0.9108714943086037,24,CTTGGTRRGCYGTTACC | CTTGGTRRGCCWTTACC | CWTGGTAGGCYATTRCC
259,17,8,3,4,0.9216959345288308,0.9341881887728061,0.9216959345288308,32,CTTGGTRRGCYGTTACC | CTTGGTRRGCCWTTACC | CWTGGTAGGCYATTRCC | CTTGGTAGGCYATTAYY
259,17,8,3,5,0.9279258254662278,0.9342688990230078,0.9279258254662278,40,CTTGGTRRGCYGTTACC | CTTGGTRRGCCWTTACC | CWTGGTAGGCYATTRCC | CTTGGTAGGCYATTAYY | CTTGGTAGKCCAWTACM
259,17,8,3,6,0.9330302329555553,0.9411076886086321,0.9330302329555553,48,CTTGGTRRGCYGTTACC | CTTGGTRRGCCWTTACC | CWTGGTAGGCYATTRCC | CTTGGTAGGCYATTAYY | CTTGGTAGKCCAWTACM | CTTGGTAGGCYTYTAYC
259,17,8,3,7,0.9442608174846056,0.9516889109894487,0.9442608174846056,56,CTTGGTRRGCYGTTACC | CTTGGTRRGCCWTTACC | CWTGGTAGGCYATTRCC | CTTGGTAGGCYATTAYY | CTTGGTAGKCCAWTACM | CTTGGTAGGCYTYTAYC | CWYGGTGGGCCGTTRCC
259,17,8,3,8,0.9442608174846056,0.952646765395579,0.9442608174846056,58,CTTGGTRRGCYGTTACC | CTTGGTRRGCCWTTACC | CWTGGTAGGCYATTRCC | CTTGGTAGGCYATTAYY | CTTGGTAGKCCAWTACM | CTTGGTAGGCYTYTAYC | CWYGGTGGGCCGTTRCC | CTTRGTAGGCCATTACC
259,17,16,4,1,0.8831574144903408,0.8967719655415056,0.8831574144903408,16,CTTGGTRRGCYRTTACC
259,17,16,4,2,0.9207915304391626,0.9402250494103829,0.9207915304391626,32,CTTGGTRRGCYRTTACC | CTTGGTRRGCYTTTRCC
259,17,16,4,3,0.9212294587290956,0.9413775252245896,0.9212294587290956,44,CTTGGTRRGCYRTTACC | CTTGGTRRGCYTTTRCC | CATGGTAGGCCAHTAYM
259,17,16,4,4,0.9413848348031743,0.9555118029948594,0.9413848348031743,60,CTTGGTRRGCYRTTACC | CTTGGTRRGCYTTTRCC | CATGGTAGGCCAHTAYM | CWTGGTGGGCYSTTAYC
259,17,16,4,5,0.9513264725434608,0.964136280230559,0.9513264725434608,76,CTTGGTRRGCYRTTACC | CTTGGTRRGCYTTTRCC | CATGGTAGGCCAHTAYM | CWTGGTGGGCYSTTAYC | CTWGGTRGKCCGTTACM
259,17,16,4,6,0.9606771522055514,0.9707370901588183,0.9606771522055514,92,CTTGGTRRGCYRTTACC | CTTGGTRRGCYTTTRCC | CATGGTAGGCCAHTAYM | CWTGGTGGGCYSTTAYC | CTWGGTRGKCCGTTACM | CTTGGTRGGCYTTTAYY
259,17,16,4,7,0.9612096927455379,0.970881222784957,0.9612096927455379,94,CTTGGTRRGCYRTTACC | CTTGGTRRGCYTTTRCC | CATGGTAGGCCAHTAYM | CWTGGTGGGCYSTTAYC | CTWGGTRGKCCGTTACM | CTTGGTRGGCYTTTAYY | CATGGTAGGCCRTTACC
258,23,4,2,1,0.21042021101568598,0.21042021101568598,0.224039168291466,4,GTCGCCTTGGTRGGCCGTTACCY
258,23,4,2,2,0.37084431636499887,0.37084431636499887,0.4082676251846469,8,GTCGCCTTGGTRGGCCGTTACCY | RTMGCCTTGGTGAGCCGTTACCT
258,23,4,2,3,0.462096018198914,0.462096018198914,0.487367897027493,12,GTCGCCTTGGTRGGCCGTTACCY | RTMGCCTTGGTGAGCCGTTACCT | RTCGCCTTGGTAGGCCWTTACCC
258,23,4,2,4,0.47582264388287404,0.47582264388287404,0.5041315102001325,16,GTCGCCTTGGTRGGCCGTTACCY | RTMGCCTTGGTGAGCCGTTACCT | RTCGCCTTGGTAGGCCWTTACCC | GTCGCCTTGGTGGGCCWTTACCY
258,23,4,2,5,0.487330216645107,0.487330216645107,0.5146206246552658,20,GTCGCCTTGGTRGGCCGTTACCY | RTMGCCTTGGTGAGCCGTTACCT | RTCGCCTTGGTAGGCCWTTACCC | GTCGCCTTGGTGGGCCWTTACCY | GTCGCCTTGGTGGGCYMTTACCC
258,23,4,2,6,0.5036803521656414,0.5036803521656414,0.5482576228747926,24,GTCGCCTTGGTRGGCCGTTACCY | RTMGCCTTGGTGAGCCGTTACCT | RTCGCCTTGGTAGGCCWTTACCC | GTCGCCTTGGTGGGCCWTTACCY | GTCGCCTTGGTGGGCYMTTACCC | GTCGCCTTGGTGRGCCATTACCY
258,23,4,2,7,0.532891677601603,0.532891677601603,0.5712784114459077,28,GTCGCCTTGGTRGGCCGTTACCY | RTMGCCTTGGTGAGCCGTTACCT | RTCGCCTTGGTAGGCCWTTACCC | GTCGCCTTGGTGGGCCWTTACCY | GTCGCCTTGGTGGGCYMTTACCC | GTCGCCTTGGTGRGCCATTACCY | ATCGCCTTGGTRGGCCGTTACCY
258,23,4,2,8,0.5430485079993487,0.5430485079993487,0.5852351213893519,32,GTCGCCTTGGTRGGCCGTTACCY | RTMGCCTTGGTGAGCCGTTACCT | RTCGCCTTGGTAGGCCWTTACCC | GTCGCCTTGGTGGGCCWTTACCY | GTCGCCTTGGTGGGCYMTTACCC | GTCGCCTTGGTGRGCCATTACCY | ATCGCCTTGGTRGGCCGTTACCY | GTYGCCTTGGTAGGCCRTTACCC
258,23,8,3,1,0.32305077475612864,0.32305077475612864,0.35457522128389213,8,GTCGCCTTGGTRRGCCGTTACCY
258,23,8,3,2,0.4189043617242669,0.4189043617242669,0.4454749904945994,16,GTCGCCTTGGTRRGCCGTTACCY | RTCGCCTTGGTRGGCCWTTACCC
258,23,8,3,3,0.5244606299656543,0.5244606299656543,0.576912333329931,24,GTCGCCTTGGTRRGCCGTTACCY | RTCGCCTTGGTRGGCCWTTACCC | RTMGCCTTGGTGAGCCRTTACCT
258,23,8,3,4,0.5657007913423568,0.5657007913423568,0.612359158324995,32,GTCGCCTTGGTRRGCCGTTACCY | RTCGCCTTGGTRGGCCWTTACCC | RTMGCCTTGGTGAGCCRTTACCT | WTCGCCTTGGTRGGCCGTTACCY
258,23,8,3,5,0.5863107728493836,0.5863107728493836,0.6328267421442791,40,GTCGCCTTGGTRRGCCGTTACCY | RTCGCCTTGGTRGGCCWTTACCC | RTMGCCTTGGTGAGCCRTTACCT | WTCGCCTTGGTRGGCCGTTACCY | GTMGCCTTGGTAGGCYSTTACCC
258,23,16,4,1,0.4072716314641424,0.4072716314641424,0.4521986018557127,16,GTCGCCTTGGTRRGCCRTTACCY
258,23,16,4,2,0.5128945605660417,0.5128945605660417,0.570793341271816,32,GTCGCCTTGGTRRGCCRTTACCY | ATMGCCTTGGTGRGCCKTTACCY
258,23,16,4,3,0.6038842426124021,0.6038842426124021,0.6203585681928269,48,GTCGCCTTGGTRRGCCRTTACCY | ATMGCCTTGGTGRGCCKTTACCY | RTYGCCTTGGTAGGCYKTTACCC
258,23,16,4,4,0.6423157155352637,0.6423157155352637,0.6603473679729367,64,GTCGCCTTGGTRRGCCRTTACCY | ATMGCCTTGGTGRGCCKTTACCY | RTYGCCTTGGTAGGCYKTTACCC | RTWGCCTTGGTRGGCCRTTACCC
258,23,16,4,5,0.6587348304207739,0.6587348304207739,0.6735280392364388,80,GTCGCCTTGGTRRGCCRTTACCY | ATMGCCTTGGTGRGCCKTTACCY | RTYGCCTTGGTAGGCYKTTACCC | RTWGCCTTGGTRGGCCRTTACCC | GTCGCCTTGGTRGGCYSTTACCM
258,23,16,4,6,0.6870449066483073,0.6870449066483073,0.6957662729240496,96,GTCGCCTTGGTRRGCCRTTACCY | ATMGCCTTGGTGRGCCKTTACCY | RTYGCCTTGGTAGGCYKTTACCC | RTWGCCTTGGTRGGCCRTTACCC | GTCGCCTTGGTRGGCYSTTACCM | WTYGCCTTGGTGRGCCGTTACCY
259,19,4,2,1,0.6560621564386722,0.6560621564386722,0.7010354921683416,4,GCCTTGGTRRGCCGTTACC
259,19,4,2,2,0.7963937514553731,0.8062117956919891,0.7963937514553731,8,GCCTTGGTRRGCCGTTACC | GCCTTGGTAGGCYWTTACC
259,19,4,2,3,0.844633855007828,0.8621282258791152,0.844633855007828,12,GCCTTGGTRRGCCGTTACC | GCCTTGGTAGGCYWTTACC | GCCTTGGTGRGCCWTTACC
259,19,4,2,4,0.8629366958850256,0.8712903199543849,0.8629366958850256,16,GCCTTGGTRRGCCGTTACC | GCCTTGGTAGGCYWTTACC | GCCTTGGTGRGCCWTTACC | GCCTTGGTARGCCATTRCC
259,19,4,2,5,0.8676098947055385,0.8738602130203182,0.8676098947055385,20,GCCTTGGTRRGCCGTTACC | GCCTTGGTAGGCYWTTACC | GCCTTGGTGRGCCWTTACC | GCCTTGGTARGCCATTRCC | GCCTTGGTRGGCCGTTRCC
259,19,4,2,6,0.8724428181536035,0.8771590927399008,0.8724428181536035,24,GCCTTGGTRRGCCGTTACC | GCCTTGGTAGGCYWTTACC | GCCTTGGTGRGCCWTTACC | GCCTTGGTARGCCATTRCC | GCCTTGGTRGGCCGTTRCC | GCCTTGGTAGKCCGTTACM
259,19,4,2,7,0.8779345186504904,0.8803563533086008,0.8779345186504904,28,GCCTTGGTRRGCCGTTACC | GCCTTGGTAGGCYWTTACC | GCCTTGGTGRGCCWTTACC | GCCTTGGTARGCCATTRCC | GCCTTGGTRGGCCGTTRCC | GCCTTGGTAGKCCGTTACM | GCCTTGGTAGGCYGTTAYC
259,19,4,2,8,0.8779345186504904,0.8817404651742365,0.8779345186504904,32,GCCTTGGTRRGCCGTTACC | GCCTTGGTAGGCYWTTACC | GCCTTGGTGRGCCWTTACC | GCCTTGGTARGCCATTRCC | GCCTTGGTRGGCCGTTRCC | GCCTTGGTAGKCCGTTACM | GCCTTGGTAGGCYGTTAYC | GCCTYGGTAGGCCAWTACC
259,19,8,3,1,0.7447050299871937,0.7447050299871937,0.785218692192721,8,GCCTTGGTRRGCCRTTACC
259,19,8,3,2,0.8698374659152227,0.9053144325692607,0.8698374659152227,16,GCCTTGGTRRGCCRTTACC | GCCTTGGTRRGCYTTTACC
259,19,8,3,3,0.8864538492674917,0.9084241015835007,0.8864538492674917,24,GCCTTGGTRRGCCRTTACC | GCCTTGGTRRGCYTTTACC | GCCTTGGTAGGCYATTRYC
259,19,8,3,4,0.9016206937257453,0.9225351229557873,0.9016206937257453,32,GCCTTGGTRRGCCRTTACC | GCCTTGGTRRGCYTTTACC | GCCTTGGTAGGCYATTRYC | GSCTTGGTRGGCCGTTRCC
259,19,8,3,5,0.9021286497216213,0.9251462989705906,0.9021286497216213,40,GCCTTGGTRRGCCRTTACC | GCCTTGGTRRGCYTTTACC | GCCTTGGTAGGCYATTRYC | GSCTTGGTRGGCCGTTRCC | GCCWYGGTAGGCCAWTACC
259,19,8,3,6,0.9101232084342641,0.9303785675118036,0.9101232084342641,48,GCCTTGGTRRGCCRTTACC | GCCTTGGTRRGCYTTTACC | GCCTTGGTAGGCYATTRYC | GSCTTGGTRGGCCGTTRCC | GCCWYGGTAGGCCAWTACC | GCCTTGGTRGKCCGTTACM
259,19,16,4,1,0.8352630756850012,0.8352630756850012,0.8373583989693613,12,GCCTTGGTRRGCCDTTACC
259,19,16,4,2,0.8872642455880375,0.9162879783238717,0.8872642455880375,28,GCCTTGGTRRGCCDTTACC | GCCTTGGTRGGCYYTTAYC
259,19,16,4,3,0.9044312162497437,0.9231482295162622,0.9044312162497437,44,GCCTTGGTRRGCCDTTACC | GCCTTGGTRGGCYYTTAYC | GCCTTGGTAGGCYRTTRCY
259,19,16,4,4,0.9225000030346279,0.9358224320209629,0.9225000030346279,60,GCCTTGGTRRGCCDTTACC | GCCTTGGTRGGCYYTTAYC | GCCTTGGTAGGCYRTTRCY | GSCTTGGTRGKCCGTTACM
259,19,16,4,5,0.927535458949214,0.9404171224863221,0.927535458949214,76,GCCTTGGTRRGCCDTTACC | GCCTTGGTRGGCYYTTAYC | GCCTTGGTAGGCYRTTRCY | GSCTTGGTRGKCCGTTACM | GCCAYGGTRGGCCAWTACM
260,17,4,2,1,0.6607329549884343,0.6607329549884343,0.7051945074898512,4,CCTTGGTRRGCCGTTAC
260,17,4,2,2,0.7933811654602306,0.8004010098696015,0.7933811654602306,8,CCTTGGTRRGCCGTTAC | CCTTGGTAGGCYWTTAC
260,17,4,2,3,0.8404555840647115,0.8546346111571265,0.8404555840647115,12,CCTTGGTRRGCCGTTAC | CCTTGGTAGGCYWTTAC | CCTTGGTGRGCCATYAC
260,17,4,2,4,0.870760870180431,0.8913575642293255,0.870760870180431,16,CCTTGGTRRGCCGTTAC | CCTTGGTAGGCYWTTAC | CCTTGGTGRGCCATYAC | CCTTGGTGRGCYTTTAC
260,17,4,2,5,0.8879586177081764,0.8996473676667809,0.8879586177081764,20,CCTTGGTRRGCCGTTAC | CCTTGGTAGGCYWTTAC | CCTTGGTGRGCCATYAC | CCTTGGTGRGCYTTTAC | CCTTGGTARGCCATTRC
260,17,4,2,6,0.8928015582295256,0.9006079046256391,0.8928015582295256,24,CCTTGGTRRGCCGTTAC | CCTTGGTAGGCYWTTAC | CCTTGGTGRGCCATYAC | CCTTGGTGRGCYTTTAC | CCTTGGTARGCCATTRC | CCTTGGTAGGCCGTTRY
260,17,4,2,7,0.8960786484742235,0.9010743808753635,0.8960786484742235,28,CCTTGGTRRGCCGTTAC | CCTTGGTAGGCYWTTAC | CCTTGGTGRGCCATYAC | CCTTGGTGRGCYTTTAC | CCTTGGTARGCCATTRC | CCTTGGTAGGCCGTTRY | CCTTGGTAGGCCKTYAC
260,17,4,2,8,0.9034184867611547,0.9146020486869674,0.9034184867611547,32,CCTTGGTRRGCCGTTAC | CCTTGGTAGGCYWTTAC | CCTTGGTGRGCCATYAC | CCTTGGTGRGCYTTTAC | CCTTGGTARGCCATTRC | CCTTGGTAGGCCGTTRY | CCTTGGTAGGCCKTYAC | CCTTGGTAGGCYSTTAC
260,17,8,3,1,0.7334368307507222,0.7334368307507222,0.7751886370579468,8,CCTTGGTRRGCCRTTAC
260,17,8,3,2,0.8639584581119029,0.8918226371495287,0.8639584581119029,16,CCTTGGTRRGCCRTTAC | CCTTGGTRRGCYTTTAC
260,17,8,3,3,0.891478189043938,0.9124411368215707,0.891478189043938,24,CCTTGGTRRGCCRTTAC | CCTTGGTRRGCYTTTAC | CCTTGGTARGCCATYRC
260,17,8,3,4,0.9090665788673374,0.9308285530395707,0.9090665788673374,32,CCTTGGTRRGCCRTTAC | CCTTGGTRRGCYTTTAC | CCTTGGTARGCCATYRC | SCTWGGTGGGCCGTTRC
260,17,8,3,5,0.909566205793693,0.9319409225475009,0.909566205793693,40,CCTTGGTRRGCCRTTAC | CCTTGGTRRGCYTTTAC | CCTTGGTARGCCATYRC | SCTWGGTGGGCCGTTRC | CCWTGGTAGGCCAWTAY
260,17,8,3,6,0.917671385640148,0.9355868474175937,0.917671385640148,48,CCTTGGTRRGCCRTTAC | CCTTGGTRRGCYTTTAC | CCTTGGTARGCCATYRC | SCTWGGTGGGCCGTTRC | CCWTGGTAGGCCAWTAY | CCTTGGTAGGCYGTYAY
260,17,8,3,7,0.924460754007896,0.943296279116983,0.924460754007896,56,CCTTGGTRRGCCRTTAC | CCTTGGTRRGCYTTTAC | CCTTGGTARGCCATYRC | SCTWGGTGGGCCGTTRC | CCWTGGTAGGCCAWTAY | CCTTGGTAGGCYGTYAY | CCTTGGTRGGCYYTTAC
260,17,8,3,8,0.9273515778079918,0.9524932336902499,0.9273515778079918,64,CCTTGGTRRGCCRTTAC | CCTTGGTRRGCYTTTAC | CCTTGGTARGCCATYRC | SCTWGGTGGGCCGTTRC | CCWTGGTAGGCCAWTAY | CCTTGGTAGGCYGTYAY | CCTTGGTRGGCYYTTAC | SCTTGGTARGCCTTYAC
260,17,16,4,1,0.8202581403214674,0.8202581403214674,0.8304996830928548,12,CCTTGGTRRGCCDTTAC
260,17,16,4,2,0.8833322841940441,0.8861918271079644,0.8833322841940441,28,CCTTGGTRRGCCDTTAC | CCTTGGTRGGCYMTYAC
260,17,16,4,3,0.8905897663725937,0.8905897663725937,0.8986555906765626,44,CCTTGGTRRGCCDTTAC | CCTTGGTRGGCYMTYAC | CCWTGGTARGCCRTTRC
260,17,16,4,4,0.9180114517738351,0.9280749692082914,0.9180114517738351,60,CCTTGGTRRGCCDTTAC | CCTTGGTRGGCYMTYAC | CCWTGGTARGCCRTTRC | CCTTGGTRGGCYTYTAY
260,17,16,4,5,0.9352696171593422,0.9485750029571024,0.9352696171593422,72,CCTTGGTRRGCCDTTAC | CCTTGGTRGGCYMTYAC | CCWTGGTARGCCRTTRC | CCTTGGTRGGCYTYTAY | SCTHGGTGGGCCGTTRC
260,17,16,4,6,0.9372728124066615,0.949714057612781,0.9372728124066615,88,CCTTGGTRRGCCDTTAC | CCTTGGTRGGCYMTYAC | CCWTGGTARGCCRTTRC | CCTTGGTRGGCYTYTAY | SCTHGGTGGGCCGTTRC | CCWYGGTAGKCCATTAY
260,17,16,4,7,0.9437616157305571,0.9608371210024685,0.9437616157305571,100,CCTTGGTRRGCCDTTAC | CCTTGGTRGGCYMTYAC | CCWTGGTARGCCRTTRC | CCTTGGTRGGCYTYTAY | SCTHGGTGGGCCGTTRC | CCWYGGTAGKCCATTAY | BCTTGGTARGCCTTYAC
260,17,16,4,8,0.9455139557903767,0.9636725567443346,0.9455139557903767,112,CCTTGGTRRGCCDTTAC | CCTTGGTRGGCYMTYAC | CCWTGGTARGCCRTTRC | CCTTGGTRGGCYTYTAY | SCTHGGTGGGCCGTTRC | CCWYGGTAGKCCATTAY | BCTTGGTARGCCTTYAC | CCTTGGTAGKCYGTDAC
259,21,4,2,1,0.46900892836297553,0.46900892836297553,0.4897181189395606,4,TCGCCTTGGTRRGCCGTTACC
259,21,4,2,2,0.5783632965155868,0.5962703493304392,0.5783632965155868,8,TCGCCTTGGTRRGCCGTTACC | TCGCCTTGGTAGGCYWTTACC
259,21,4,2,3,0.6580370064912983,0.6580370064912983,0.6656524099119565,12,TCGCCTTGGTRRGCCGTTACC | TCGCCTTGGTAGGCYWTTACC | TAGCCTTGGTGRGCCRTTACC
259,21,4,2,4,0.7015584722486202,0.7015584722486202,0.7029310070401635,16,TCGCCTTGGTRRGCCGTTACC | TCGCCTTGGTAGGCYWTTACC | TAGCCTTGGTGRGCCRTTACC | TCGCCTTGGTGRGCCWTTACC
259,21,4,2,5,0.7306349719529633,0.7306349719529633,0.7339182366391218,20,TCGCCTTGGTRRGCCGTTACC | TCGCCTTGGTAGGCYWTTACC | TAGCCTTGGTGRGCCRTTACC | TCGCCTTGGTGRGCCWTTACC | TWGCCTTGGTAGGCCRTTACC
259,21,4,2,6,0.7398919109242755,0.7398919109242755,0.7426956632566012,24,TCGCCTTGGTRRGCCGTTACC | TCGCCTTGGTAGGCYWTTACC | TAGCCTTGGTGRGCCRTTACC | TCGCCTTGGTGRGCCWTTACC | TWGCCTTGGTAGGCCRTTACC | TCGSCTTGGTGGGCCSTTACC
259,21,4,2,7,0.7406763136684239,0.7406763136684239,0.7483039902289258,28,TCGCCTTGGTRRGCCGTTACC | TCGCCTTGGTAGGCYWTTACC | TAGCCTTGGTGRGCCRTTACC | TCGCCTTGGTGRGCCWTTACC | TWGCCTTGGTAGGCCRTTACC | TCGSCTTGGTGGGCCSTTACC | TCGCCTTGGTAGGCCRTTRCC
259,21,8,3,1,0.5520052002457027,0.5520052002457027,0.6029166346566833,8,TCGCCTTGGTRRGCCRTTACC
259,21,8,3,2,0.6299436209076341,0.6299436209076341,0.6849465813773582,16,TCGCCTTGGTRRGCCRTTACC | WWGCCTTGGTGRGCCGTTACC
259,21,8,3,3,0.7408977029547059,0.7462839247430008,0.7408977029547059,24,TCGCCTTGGTRRGCCRTTACC | WWGCCTTGGTGRGCCGTTACC | TCGCCTTGGTRGGCYYTTACC
259,21,8,3,4,0.7712617197232179,0.7960706164190395,0.7712617197232179,32,TCGCCTTGGTRRGCCRTTACC | WWGCCTTGGTGRGCCGTTACC | TCGCCTTGGTRGGCYYTTACC | TWGYCTTGGTAGGCCWTTACC
259,21,8,3,5,0.7832088658741111,0.8102652013662288,0.7832088658741111,40,TCGCCTTGGTRRGCCRTTACC | WWGCCTTGGTGRGCCGTTACC | TCGCCTTGGTRGGCYYTTACC | TWGYCTTGGTAGGCCWTTACC | TCGCCTTGGTGRGCCWTTRCC
259,21,8,3,6,0.7894617852836769,0.8172065857048735,0.7894617852836769,48,TCGCCTTGGTRRGCCRTTACC | WWGCCTTGGTGRGCCGTTACC | TCGCCTTGGTRGGCYYTTACC | TWGYCTTGGTAGGCCWTTACC | TCGCCTTGGTGRGCCWTTRCC | WCGYCTTGGTAGGCCATYACC
259,21,8,3,7,0.8060435825591837,0.8309819995743477,0.8060435825591837,56,TCGCCTTGGTRRGCCRTTACC | WWGCCTTGGTGRGCCGTTACC | TCGCCTTGGTRGGCYYTTACC | TWGYCTTGGTAGGCCWTTACC | TCGCCTTGGTGRGCCWTTRCC | WCGYCTTGGTAGGCCATYACC | YAGSCTTGGTRGGCCGTTACC
259,21,8,3,8,0.8139118440902201,0.8347086446255106,0.8139118440902201,64,TCGCCTTGGTRRGCCRTTACC | WWGCCTTGGTGRGCCGTTACC | TCGCCTTGGTRGGCYYTTACC | TWGYCTTGGTAGGCCWTTACC | TCGCCTTGGTGRGCCWTTRCC | WCGYCTTGGTAGGCCATYACC | YAGSCTTGGTRGGCCGTTACC | TCGCCTTGGTGGGCYWTTAYC
259,21,16,4,1,0.630210536593365,0.630210536593365,0.6782947144372821,16,TMGCCTTGGTRRGCCRTTACC
259,21,16,4,2,0.7540390523097226,0.7715665771412259,0.7540390523097226,32,TMGCCTTGGTRRGCCRTTACC | TCGCCTTGGTRRGCYYTTACC
259,21,16,4,3,0.8041293701634027,0.8089069168461823,0.8041293701634027,48,TMGCCTTGGTRRGCCRTTACC | TCGCCTTGGTRRGCYYTTACC | TKGCCTTGGTRRGCCRTTACC
259,21,16,4,4,0.8132214363770829,0.8132214363770829,0.8195247649129426,64,TMGCCTTGGTRRGCCRTTACC | TCGCCTTGGTRRGCYYTTACC | TKGCCTTGGTRRGCCRTTACC | TCGCCTTGGTAGGCYRTTRCY
259,21,16,4,5,0.8379582757110221,0.8393272446259922,0.8379582757110221,80,TMGCCTTGGTRRGCCRTTACC | TCGCCTTGGTRRGCYYTTACC | TKGCCTTGGTRRGCCRTTACC | TCGCCTTGGTAGGCYRTTRCY | TWGCCTTGGTAGGCYKTTAYC
259,21,16,4,6,0.8584550002225301,0.8622573750585408,0.8584550002225301,92,TMGCCTTGGTRRGCCRTTACC | TCGCCTTGGTRRGCYYTTACC | TKGCCTTGGTRRGCCRTTACC | TCGCCTTGGTAGGCYRTTRCY | TWGCCTTGGTAGGCYKTTAYC | HMGSCTTGGTGGGCCGTTACC
259,21,16,4,7,0.867592511239213,0.867592511239213,0.8692477718740413,108,TMGCCTTGGTRRGCCRTTACC | TCGCCTTGGTRRGCYYTTACC | TKGCCTTGGTRRGCCRTTACC | TCGCCTTGGTAGGCYRTTRCY | TWGCCTTGGTAGGCYKTTAYC | HMGSCTTGGTGGGCCGTTACC | TCGYCTTGGTAGKCCATYACM
260,19,4,2,1,0.5150657368584902,0.5150657368584902,0.5494520292895936,4,CGCCTTGGTRRGCCGTTAC
260,19,4,2,2,0.6453401211734104,0.652300037167645,0.6453401211734104,8,CGCCTTGGTRRGCCGTTAC | CGCCTTGGTAGGCYWTTAC
260,19,4,2,3,0.7151751520605519,0.7151751520605519,0.7306076197548578,12,CGCCTTGGTRRGCCGTTAC | CGCCTTGGTAGGCYWTTAC | AGCCTTGGTGRGCCRTTAC
260,19,4,2,4,0.7442271709561029,0.7442271709561029,0.7512762588701833,16,CGCCTTGGTRRGCCGTTAC | CGCCTTGGTAGGCYWTTAC | AGCCTTGGTGRGCCRTTAC | CGYCTTGGTAGGCCATYAC
260,19,4,2,5,0.7772128267385666,0.7772128267385666,0.786524655102367,20,CGCCTTGGTRRGCCGTTAC | CGCCTTGGTAGGCYWTTAC | AGCCTTGGTGRGCCRTTAC | CGYCTTGGTAGGCCATYAC | CGCCTTGGTGRGCCWTTAC
260,19,4,2,6,0.7889668154935613,0.7889668154935613,0.7973867860878006,24,CGCCTTGGTRRGCCGTTAC | CGCCTTGGTAGGCYWTTAC | AGCCTTGGTGRGCCRTTAC | CGYCTTGGTAGGCCATYAC | CGCCTTGGTGRGCCWTTAC | MGCCTTGGTAGGCCKTTAC
260,19,4,2,7,0.7901382447908999,0.7901382447908999,0.8036584609001359,28,CGCCTTGGTRRGCCGTTAC | CGCCTTGGTAGGCYWTTAC | AGCCTTGGTGRGCCRTTAC | CGYCTTGGTAGGCCATYAC | CGCCTTGGTGRGCCWTTAC | MGCCTTGGTAGGCCKTTAC | CGCCTTGGTARGCCGTTRC
260,19,4,2,8,0.8006768332699928,0.8006768332699928,0.812992755865584,32,CGCCTTGGTRRGCCGTTAC | CGCCTTGGTAGGCYWTTAC | AGCCTTGGTGRGCCRTTAC | CGYCTTGGTAGGCCATYAC | CGCCTTGGTGRGCCWTTAC | MGCCTTGGTAGGCCKTTAC | CGCCTTGGTARGCCGTTRC | YGCCTTGGTARGCCGTTAC
260,19,8,3,1,0.6019987355622252,0.6019987355622252,0.6752583588369162,8,CGCCTTGGTRRGCCRTTAC
260,19,8,3,2,0.7320951202618414,0.7320951202618414,0.7485267081110178,16,CGCCTTGGTRRGCCRTTAC | CGCCTTGGTRGGCYTTYAC
260,19,8,3,3,0.8003518228474388,0.8013950074680048,0.8003518228474388,24,CGCCTTGGTRRGCCRTTAC | CGCCTTGGTRGGCYTTYAC | WGCCTTGGTRRGCCGTTAC
260,19,8,3,4,0.8174755271741789,0.8379967912398731,0.8174755271741789,32,CGCCTTGGTRRGCCRTTAC | CGCCTTGGTRGGCYTTYAC | WGCCTTGGTRRGCCGTTAC | MGYCTTGGTAGGCCWTTAC
260,19,8,3,5,0.8319085123168356,0.8497046750198246,0.8319085123168356,40,CGCCTTGGTRRGCCRTTAC | CGCCTTGGTRGGCYTTYAC | WGCCTTGGTRRGCCGTTAC | MGYCTTGGTAGGCCWTTAC | MGSCTTGGTGGGCCRTTAC
260,19,8,3,6,0.8507423046730125,0.8658616265141691,0.8507423046730125,48,CGCCTTGGTRRGCCRTTAC | CGCCTTGGTRGGCYTTYAC | WGCCTTGGTRRGCCGTTAC | MGYCTTGGTAGGCCWTTAC | MGSCTTGGTGGGCCRTTAC | CGCCTTGGTAGGCYMTTRC
260,19,8,3,7,0.8613329463650498,0.881652329224872,0.8613329463650498,56,CGCCTTGGTRRGCCRTTAC | CGCCTTGGTRGGCYTTYAC | WGCCTTGGTRRGCCGTTAC | MGYCTTGGTAGGCCWTTAC | MGSCTTGGTGGGCCRTTAC | CGCCTTGGTAGGCYMTTRC | CGCCTTGGTGGGCYMTTAY
260,19,8,3,8,0.8670008961373553,0.8898041753357139,0.8670008961373553,64,CGCCTTGGTRRGCCRTTAC | CGCCTTGGTRGGCYTTYAC | WGCCTTGGTRRGCCGTTAC | MGYCTTGGTAGGCCWTTAC | MGSCTTGGTGGGCCRTTAC | CGCCTTGGTAGGCYMTTRC | CGCCTTGGTGGGCYMTTAY | YGCCTTGGTARGCCATYAC
260,19,16,4,1,0.6737132790897005,0.6737132790897005,0.7302110210518951,12,CGCCTTGGTRRGCCDTTAC
260,19,16,4,2,0.769208215623968,0.769208215623968,0.7819760474206827,28,CGCCTTGGTRRGCCDTTAC | MGCCTTGGTAGGCYWTYAC
260,19,16,4,3,0.8221995409513676,0.8221995409513676,0.8276087362057863,40,CGCCTTGGTRRGCCDTTAC | MGCCTTGGTAGGCYWTYAC | HGSCTTGGTGRGCCGTTAC
260,19,16,4,4,0.8517157024591663,0.8517157024591663,0.8529798435293822,56,CGCCTTGGTRRGCCDTTAC | MGCCTTGGTAGGCYWTYAC | HGSCTTGGTGRGCCGTTAC | YGCCTTGGTAGGCYMTTRC
260,19,16,4,5,0.8658871183688829,0.869859067262118,0.8658871183688829,72,CGCCTTGGTRRGCCDTTAC | MGCCTTGGTAGGCYWTYAC | HGSCTTGGTGRGCCGTTAC | YGCCTTGGTAGGCYMTTRC | MGYCTTGGTARGCCRTTAC
260,19,16,4,6,0.878318835632086,0.8855004547632647,0.878318835632086,88,CGCCTTGGTRRGCCDTTAC | MGCCTTGGTAGGCYWTYAC | HGSCTTGGTGRGCCGTTAC | YGCCTTGGTAGGCYMTTRC | MGYCTTGGTARGCCRTTAC | CGCCTTGGTGGGCYMTYAY
259,23,4,2,1,0.3274456616252662,0.3274456616252662,0.35390220192340677,4,CGTCGCCTTGGTRRGCCGTTACC
259,23,4,2,2,0.4108862066406109,0.4108862066406109,0.44491111731502936,8,CGTCGCCTTGGTRRGCCGTTACC | CATCGCCTTGGTGRGCCRTTACC
259,23,4,2,3,0.48405383802313295,0.48405383802313295,0.5169540325838871,12,CGTCGCCTTGGTRRGCCGTTACC | CATCGCCTTGGTGRGCCRTTACC | CRTCGCCTTGGTAGGCCWTTACC
259,23,4,2,4,0.5209136353686575,0.5209136353686575,0.5921196840813336,16,CGTCGCCTTGGTRRGCCGTTACC | CATCGCCTTGGTGRGCCRTTACC | CRTCGCCTTGGTAGGCCWTTACC | CGTAGCCTTGGTGRGCCRTTACC
259,23,4,2,5,0.5382033389525359,0.5382033389525359,0.6074179899797397,20,CGTCGCCTTGGTRRGCCGTTACC | CATCGCCTTGGTGRGCCRTTACC | CRTCGCCTTGGTAGGCCWTTACC | CGTAGCCTTGGTGRGCCRTTACC | CGTCGCCTTGGTAGGCYSTTACC
259,23,4,2,6,0.5700004579975794,0.5700004579975794,0.6267127010894555,24,CGTCGCCTTGGTRRGCCGTTACC | CATCGCCTTGGTGRGCCRTTACC | CRTCGCCTTGGTAGGCCWTTACC | CGTAGCCTTGGTGRGCCRTTACC | CGTCGCCTTGGTAGGCYSTTACC | CATYGCCTTGGTARGCCGTTACC
259,23,4,2,7,0.5776718382513516,0.5776718382513516,0.6376723555908307,28,CGTCGCCTTGGTRRGCCGTTACC | CATCGCCTTGGTGRGCCRTTACC | CRTCGCCTTGGTAGGCCWTTACC | CGTAGCCTTGGTGRGCCRTTACC | CGTCGCCTTGGTAGGCYSTTACC | CATYGCCTTGGTARGCCGTTACC | CGTCGSCTTGGTGGGCCKTTACC
259,23,4,2,8,0.589428790012316,0.589428790012316,0.6442770357033728,32,CGTCGCCTTGGTRRGCCGTTACC | CATCGCCTTGGTGRGCCRTTACC | CRTCGCCTTGGTAGGCCWTTACC | CGTAGCCTTGGTGRGCCRTTACC | CGTCGCCTTGGTAGGCYSTTACC | CATYGCCTTGGTARGCCGTTACC | CGTCGSCTTGGTGGGCCKTTACC | CATCGCCTTGGTGRGCCWTTACC
259,23,8,3,1,0.4143698675407767,0.4143698675407767,0.45032277810567095,8,CGTCGCCTTGGTRRGCCRTTACC
259,23,8,3,2,0.5194580120546096,0.5194580120546096,0.5682671135739384,16,CGTCGCCTTGGTRRGCCRTTACC | CATMGCCTTGGTGRGCCKTTACC
259,23,8,3,3,0.5841404559675513,0.5841404559675513,0.6094716179280236,24,CGTCGCCTTGGTRRGCCRTTACC | CATMGCCTTGGTGRGCCKTTACC | CGTYGCCTTGGTAGGCYKTTACC
259,23,8,3,4,0.6304614270509934,0.6304614270509934,0.6465941188908352,32,CGTCGCCTTGGTRRGCCRTTACC | CATMGCCTTGGTGRGCCKTTACC | CGTYGCCTTGGTAGGCYKTTACC | CATMGYCTTGGTRGGCCATTACC
259,23,8,3,5,0.6555153074642375,0.6555153074642375,0.6759565014491503,40,CGTCGCCTTGGTRRGCCRTTACC | CATMGCCTTGGTGRGCCKTTACC | CGTYGCCTTGGTAGGCYKTTACC | CATMGYCTTGGTRGGCCATTACC | CGTMGSCTTGGTGRGCCGTTACC
259,23,8,3,6,0.6704364078345307,0.6704364078345307,0.6848780879627817,48,CGTCGCCTTGGTRRGCCRTTACC | CATMGCCTTGGTGRGCCKTTACC | CGTYGCCTTGGTAGGCYKTTACC | CATMGYCTTGGTRGGCCATTACC | CGTMGSCTTGGTGRGCCGTTACC | CGTCGCCTTGGTGGGCYSTTRCC
259,23,8,3,7,0.6778929717828309,0.6778929717828309,0.7021419277900792,56,CGTCGCCTTGGTRRGCCRTTACC | CATMGCCTTGGTGRGCCKTTACC | CGTYGCCTTGGTAGGCYKTTACC | CATMGYCTTGGTRGGCCATTACC | CGTMGSCTTGGTGRGCCGTTACC | CGTCGCCTTGGTGGGCYSTTRCC | CATYGCCTTGGTARGCCATTRCC
259,23,8,3,8,0.6891906490813967,0.6891906490813967,0.7141956100732895,64,CGTCGCCTTGGTRRGCCRTTACC | CATMGCCTTGGTGRGCCKTTACC | CGTYGCCTTGGTAGGCYKTTACC | CATMGYCTTGGTRGGCCATTACC | CGTMGSCTTGGTGRGCCGTTACC | CGTCGCCTTGGTGGGCYSTTRCC | CATYGCCTTGGTARGCCATTRCC | CGTCGCCWTGGTGRGCCKTTACC
259,23,16,4,1,0.506678595998002,0.506678595998002,0.5560798981634676,16,CRTCGCCTTGGTRRGCCRTTACC
259,23,16,4,2,0.58005424249685,0.58005424249685,0.649082479977333,32,CRTCGCCTTGGTRRGCCRTTACC | CGWAGCCTTGGTRRGCCRTTACC
259,23,16,4,3,0.6768790003086899,0.6768790003086899,0.701921804035977,48,CRTCGCCTTGGTRRGCCRTTACC | CGWAGCCTTGGTRRGCCRTTACC | CRTCGCCTTGGTRGGCYYTTACC
259,23,16,4,4,0.7251351632826379,0.7251351632826379,0.7386732313385219,64,CRTCGCCTTGGTRRGCCRTTACC | CGWAGCCTTGGTRRGCCRTTACC | CRTCGCCTTGGTRGGCYYTTACC | CWTYGCCTTGGTGRGCCKTTACC
259,23,16,4,5,0.7583423805653546,0.7606642294651599,0.7583423805653546,76,CRTCGCCTTGGTRRGCCRTTACC | CGWAGCCTTGGTRRGCCRTTACC | CRTCGCCTTGGTRGGCYYTTACC | CWTYGCCTTGGTGRGCCKTTACC | CATHGYCTTGGTAGGCCWTTACC
259,23,16,4,6,0.7743906353518635,0.7743906353518635,0.7749555128705184,92,CRTCGCCTTGGTRRGCCRTTACC | CGWAGCCTTGGTRRGCCRTTACC | CRTCGCCTTGGTRGGCYYTTACC | CWTYGCCTTGGTGRGCCKTTACC | CATHGYCTTGGTAGGCCWTTACC | CGTYGSCTTGGTGRGCCGTTRCC
259,23,16,4,7,0.7828306783713979,0.7869990635911455,0.7828306783713979,108,CRTCGCCTTGGTRRGCCRTTACC | CGWAGCCTTGGTRRGCCRTTACC | CRTCGCCTTGGTRGGCYYTTACC | CWTYGCCTTGGTGRGCCKTTACC | CATHGYCTTGGTAGGCCWTTACC | CGTYGSCTTGGTGRGCCGTTRCC | CAWMGCCTTGGTAGGCCAYYACC
261,17,4,2,1,0.6608099318848969,0.6608099318848969,0.7041647881420827,4,GCCTTGGTRRGCCGTTA
261,17,4,2,2,0.7948289197721327,0.7993342036693026,0.7948289197721327,8,GCCTTGGTRRGCCGTTA | GCCTTGGTAGGCYWTTA
261,17,4,2,3,0.8399046476504463,0.8492238371505576,0.8399046476504463,12,GCCTTGGTRRGCCGTTA | GCCTTGGTAGGCYWTTA | GCCTTGGTGRGCCATYA
261,17,4,2,4,0.8564720281840436,0.8663256558687338,0.8564720281840436,16,GCCTTGGTRRGCCGTTA | GCCTTGGTAGGCYWTTA | GCCTTGGTGRGCCATYA | GCCTTGGTGGGCCWYTA
261,17,4,2,5,0.8719247543292211,0.8732844170967318,0.8719247543292211,20,GCCTTGGTRRGCCGTTA | GCCTTGGTAGGCYWTTA | GCCTTGGTGRGCCATYA | GCCTTGGTGGGCCWYTA | GCCTTGGTARGCCATTR
261,17,4,2,6,0.8946491747565788,0.9040268979795686,0.8946491747565788,24,GCCTTGGTRRGCCGTTA | GCCTTGGTAGGCYWTTA | GCCTTGGTGRGCCATYA | GCCTTGGTGGGCCWYTA | GCCTTGGTARGCCATTR | GCCTTGGTGGGCYYTTA
261,17,4,2,7,0.8980148489255199,0.9054866668192679,0.8980148489255199,28,GCCTTGGTRRGCCGTTA | GCCTTGGTAGGCYWTTA | GCCTTGGTGRGCCATYA | GCCTTGGTGGGCCWYTA | GCCTTGGTARGCCATTR | GCCTTGGTGGGCYYTTA | GCCTTGGTAGGCCGTYR
261,17,4,2,8,0.9053484760882603,0.9189108154525844,0.9053484760882603,32,GCCTTGGTRRGCCGTTA | GCCTTGGTAGGCYWTTA | GCCTTGGTGRGCCATYA | GCCTTGGTGGGCCWYTA | GCCTTGGTARGCCATTR | GCCTTGGTGGGCYYTTA | GCCTTGGTAGGCCGTYR | GCCTTGGTAGGCYSTTA
261,17,8,3,1,0.7254232830643161,0.7254232830643161,0.7703907249357199,8,GCCTTGGTRRGCCRTTA
261,17,8,3,2,0.8617117605020631,0.8842001305228973,0.8617117605020631,16,GCCTTGGTRRGCCRTTA | GCCTTGGTRRGCYTTTA
261,17,8,3,3,0.8920956764044746,0.9159291299979508,0.8920956764044746,24,GCCTTGGTRRGCCRTTA | GCCTTGGTRRGCYTTTA | GCCTTGGTRGGCCAYYA
261,17,8,3,4,0.9067042941101523,0.919339390348675,0.9067042941101523,32,GCCTTGGTRRGCCRTTA | GCCTTGGTRRGCYTTTA | GCCTTGGTRGGCCAYYA | GCCTTGGTAGGCYMTTR
261,17,8,3,5,0.9126063411146498,0.920854158661244,0.9126063411146498,40,GCCTTGGTRRGCCRTTA | GCCTTGGTRRGCYTTTA | GCCTTGGTRGGCCAYYA | GCCTTGGTAGGCYMTTR | GCCTTGGTARGCCGTYR
261,17,8,3,6,0.9236572261766068,0.9332417721739823,0.9236572261766068,48,GCCTTGGTRRGCCRTTA | GCCTTGGTRRGCYTTTA | GCCTTGGTRGGCCAYYA | GCCTTGGTAGGCYMTTR | GCCTTGGTARGCCGTYR | GSCTTGGTRGGCYGTTA
261,17,8,3,7,0.9239179162347485,0.934001814733897,0.9239179162347485,54,GCCTTGGTRRGCCRTTA | GCCTTGGTRRGCYTTTA | GCCTTGGTRGGCCAYYA | GCCTTGGTAGGCYMTTR | GCCTTGGTARGCCGTYR | GSCTTGGTRGGCYGTTA | RCCATGGTAGGCCAHTA
261,17,8,3,8,0.9323627001259659,0.9429576377052938,0.9323627001259659,60,GCCTTGGTRRGCCRTTA | GCCTTGGTRRGCYTTTA | GCCTTGGTRGGCCAYYA | GCCTTGGTAGGCYMTTR | GCCTTGGTARGCCGTYR | GSCTTGGTRGGCYGTTA | RCCATGGTAGGCCAHTA | GCCWHGGTGGGCCGTTA
261,17,16,4,1,0.8113707158708289,0.8113707158708289,0.8250662637983709,12,GCCTTGGTRRGCCDTTA
261,17,16,4,2,0.877490491417451,0.877490491417451,0.8778536434718268,28,GCCTTGGTRRGCCDTTA | GCCTTGGTRGGCYMTYA
261,17,16,4,3,0.8935253178404271,0.8935253178404271,0.911943977030561,44,GCCTTGGTRRGCCDTTA | GCCTTGGTRGGCYMTYA | GCCTTGGTRRGCCAYTR
261,17,16,4,4,0.9341893868619197,0.9383265358581605,0.9341893868619197,60,GCCTTGGTRRGCCDTTA | GCCTTGGTRGGCYMTYA | GCCTTGGTRRGCCAYTR | GSCTTGGTRGGCYKTTA
261,17,16,4,5,0.9356237858402489,0.9390865784180752,0.9356237858402489,72,GCCTTGGTRRGCCDTTA | GCCTTGGTRGGCYMTYA | GCCTTGGTRRGCCAYTR | GSCTTGGTRGGCYKTTA | RCCATGGTAGKCCAHTA
261,17,16,4,6,0.9460300478169716,0.9490818121581935,0.9460300478169716,84,GCCTTGGTRRGCCDTTA | GCCTTGGTRGGCYMTYA | GCCTTGGTRRGCCAYTR | GSCTTGGTRGGCYKTTA | RCCATGGTAGKCCAHTA | GCCWHGGTGGGCCGTYA
261,17,16,4,7,0.9497242345918332,0.956757986059905,0.9497242345918332,96,GCCTTGGTRRGCCDTTA | GCCTTGGTRGGCYMTYA | GCCTTGGTRRGCCAYTR | GSCTTGGTRGGCYKTTA | RCCATGGTAGKCCAHTA | GCCWHGGTGGGCCGTYA | GCCTTGGTARGCCKTBA
260,21,4,2,1,0.33054954296324685,0.33054954296324685,0.35617013830563193,4,GTCGCCTTGGTRRGCCGTTAC
260,21,4,2,2,0.41481227637196016,0.41481227637196016,0.44730871496997865,8,GTCGCCTTGGTRRGCCGTTAC | ATCGCCTTGGTGRGCCRTTAC
260,21,4,2,3,0.48425730329461864,0.48425730329461864,0.5131368529896294,12,GTCGCCTTGGTRRGCCGTTAC | ATCGCCTTGGTGRGCCRTTAC | RTCGCCTTGGTAGGCCWTTAC
260,21,4,2,4,0.5209002349885737,0.5209002349885737,0.588863699421149,16,GTCGCCTTGGTRRGCCGTTAC | ATCGCCTTGGTGRGCCRTTAC | RTCGCCTTGGTAGGCCWTTAC | GTAGCCTTGGTGRGCCRTTAC
260,21,4,2,5,0.5399151602100402,0.5399151602100402,0.6064868087922765,20,GTCGCCTTGGTRRGCCGTTAC | ATCGCCTTGGTGRGCCRTTAC | RTCGCCTTGGTAGGCCWTTAC | GTAGCCTTGGTGRGCCRTTAC | GTCGCCTTGGTAGGCCSTYAC
260,21,4,2,6,0.569156010752771,0.569156010752771,0.6290405722714267,24,GTCGCCTTGGTRRGCCGTTAC | ATCGCCTTGGTGRGCCRTTAC | RTCGCCTTGGTAGGCCWTTAC | GTAGCCTTGGTGRGCCRTTAC | GTCGCCTTGGTAGGCCSTYAC | WTCGCCTTGGTARGCCGTTAC
260,21,4,2,7,0.5939791550607105,0.5939791550607105,0.6561990981021361,28,GTCGCCTTGGTRRGCCGTTAC | ATCGCCTTGGTGRGCCRTTAC | RTCGCCTTGGTAGGCCWTTAC | GTAGCCTTGGTGRGCCRTTAC | GTCGCCTTGGTAGGCCSTYAC | WTCGCCTTGGTARGCCGTTAC | GTCGCCTTGGTGRGCCWTTAC
260,21,4,2,8,0.6228583285124653,0.6228583285124653,0.6689560841820726,32,GTCGCCTTGGTRRGCCGTTAC | ATCGCCTTGGTGRGCCRTTAC | RTCGCCTTGGTAGGCCWTTAC | GTAGCCTTGGTGRGCCRTTAC | GTCGCCTTGGTAGGCCSTYAC | WTCGCCTTGGTARGCCGTTAC | GTCGCCTTGGTGRGCCWTTAC | ATAGYCTTGGTAGGCCRTTAC
260,21,8,3,1,0.43469187130707626,0.43469187130707626,0.44410097971986867,8,RTCGCCTTGGTRRGCCGTTAC
260,21,8,3,2,0.5089290444645208,0.5089290444645208,0.5481126022141941,16,RTCGCCTTGGTRRGCCGTTAC | GTCGCCTTGGTRRGCCWTTAC
260,21,8,3,3,0.5688417091652439,0.5688417091652439,0.626792404262939,24,RTCGCCTTGGTRRGCCGTTAC | GTCGCCTTGGTRRGCCWTTAC | RTAGCCTTGGTGRGCCRTTAC
260,21,8,3,4,0.6249826769755215,0.6249826769755215,0.6686772044114955,32,RTCGCCTTGGTRRGCCGTTAC | GTCGCCTTGGTRRGCCWTTAC | RTAGCCTTGGTGRGCCRTTAC | ATCGYCTTGGTAGGCCWTYAC
260,21,8,3,5,0.6527269170515161,0.6527269170515161,0.6934505320303046,40,RTCGCCTTGGTRRGCCGTTAC | GTCGCCTTGGTRRGCCWTTAC | RTAGCCTTGGTGRGCCRTTAC | ATCGYCTTGGTAGGCCWTYAC | GTYGCCTTGGTAGGCYSTTAC
260,21,8,3,6,0.6840240951489919,0.6840240951489919,0.7172500860198424,48,RTCGCCTTGGTRRGCCGTTAC | GTCGCCTTGGTRRGCCWTTAC | RTAGCCTTGGTGRGCCRTTAC | ATCGYCTTGGTAGGCCWTYAC | GTYGCCTTGGTAGGCYSTTAC | WTCGCCTTGGTGRGCCKTTAC
260,21,8,3,7,0.7078723706426081,0.7078723706426081,0.7412694224858453,56,RTCGCCTTGGTRRGCCGTTAC | GTCGCCTTGGTRRGCCWTTAC | RTAGCCTTGGTGRGCCRTTAC | ATCGYCTTGGTAGGCCWTYAC | GTYGCCTTGGTAGGCYSTTAC | WTCGCCTTGGTGRGCCKTTAC | RTAGCCTTGGTARGCCRTTAC
260,21,16,4,1,0.5021008423230067,0.5021008423230067,0.5520345922228209,16,RTCGCCTTGGTRRGCCRTTAC
260,21,16,4,2,0.5745480408899638,0.5745480408899638,0.6448819953507161,32,RTCGCCTTGGTRRGCCRTTAC | GWAGCCTTGGTRRGCCRTTAC
260,21,16,4,3,0.6809007481425745,0.6809007481425745,0.7121279765348022,48,RTCGCCTTGGTRRGCCRTTAC | GWAGCCTTGGTRRGCCRTTAC | RTCGCCTTGGTRRGCYTTTAC
260,21,16,4,4,0.7121091047926119,0.7121091047926119,0.7374779534072724,64,RTCGCCTTGGTRRGCCRTTAC | GWAGCCTTGGTRRGCCRTTAC | RTCGCCTTGGTRRGCYTTTAC | ATYGYCTTGGTAGGCCRTYAC
260,21,16,4,5,0.7536363383030288,0.7536363383030288,0.7670797732194812,76,RTCGCCTTGGTRRGCCRTTAC | GWAGCCTTGGTRRGCCRTTAC | RTCGCCTTGGTRRGCYTTTAC | ATYGYCTTGGTAGGCCRTYAC | WTHGCCTTGGTGRGCCGTTAC
260,21,16,4,6,0.7756972329657591,0.7756972329657591,0.7825980848408797,92,RTCGCCTTGGTRRGCCRTTAC | GWAGCCTTGGTRRGCCRTTAC | RTCGCCTTGGTRRGCYTTTAC | ATYGYCTTGGTAGGCCRTYAC | WTHGCCTTGGTGRGCCGTTAC | ATMGCCTTGGTAGGCYWTTRC
260,21,16,4,7,0.7887831834049867,0.7887831834049867,0.7961562472570064,108,RTCGCCTTGGTRRGCCRTTAC | GWAGCCTTGGTRRGCCRTTAC | RTCGCCTTGGTRRGCYTTTAC | ATYGYCTTGGTAGGCCRTYAC | WTHGCCTTGGTGRGCCGTTAC | ATMGCCTTGGTAGGCYWTTRC | GTYGSCTYGGTGGGCCGTTRC
260,21,16,4,8,0.8064242687927456,0.8064242687927456,0.8081603035652064,124,RTCGCCTTGGTRRGCCRTTAC | GWAGCCTTGGTRRGCCRTTAC | RTCGCCTTGGTRRGCYTTTAC | ATYGYCTTGGTAGGCCRTYAC | WTHGCCTTGGTGRGCCGTTAC | ATMGCCTTGGTAGGCYWTTRC | GTYGSCTYGGTGGGCCGTTRC | GTYGCCTTGGTAGGCYWTTRC
261,19,4,2,1,0.47341150388835757,0.47341150388835757,0.49218802061192046,4,TCGCCTTGGTRRGCCGTTA
261,19,4,2,2,0.576928406855919,0.5921451081315411,0.576928406855919,8,TCGCCTTGGTRRGCCGTTA | TCGCCTTGGTAGGCYWTTA
261,19,4,2,3,0.6537054662526534,0.6537054662526534,0.6638994533677711,12,TCGCCTTGGTRRGCCGTTA | TCGCCTTGGTAGGCYWTTA | TAGCCTTGGTGRGCCRTTA
261,19,4,2,4,0.6817300835240654,0.6817300835240654,0.686723444605494,16,TCGCCTTGGTRRGCCGTTA | TCGCCTTGGTAGGCYWTTA | TAGCCTTGGTGRGCCRTTA | TMGCCTTGGTAGGCCATYA
261,19,4,2,5,0.7149092009424619,0.7149092009424619,0.7211378208770393,20,TCGCCTTGGTRRGCCGTTA | TCGCCTTGGTAGGCYWTTA | TAGCCTTGGTGRGCCRTTA | TMGCCTTGGTAGGCCATYA | TCGCCTTGGTGRGCCWTTA
261,19,4,2,6,0.7246734017427894,0.7246734017427894,0.7357527482741143,24,TCGCCTTGGTRRGCCGTTA | TCGCCTTGGTAGGCYWTTA | TAGCCTTGGTGRGCCRTTA | TMGCCTTGGTAGGCCATYA | TCGCCTTGGTGRGCCWTTA | TMGCCTTGGTAGGCCKTTA
261,19,4,2,7,0.7403555266551921,0.7403555266551921,0.7436849395004459,28,TCGCCTTGGTRRGCCGTTA | TCGCCTTGGTAGGCYWTTA | TAGCCTTGGTGRGCCRTTA | TMGCCTTGGTAGGCCATYA | TCGCCTTGGTGRGCCWTTA | TMGCCTTGGTAGGCCKTTA | TCGCCTTGGTGGGCYSTTA
261,19,4,2,8,0.7517249509024612,0.7517249509024612,0.758164440025105,32,TCGCCTTGGTRRGCCGTTA | TCGCCTTGGTAGGCYWTTA | TAGCCTTGGTGRGCCRTTA | TMGCCTTGGTAGGCCATYA | TCGCCTTGGTGRGCCWTTA | TMGCCTTGGTAGGCCKTTA | TCGCCTTGGTGGGCYSTTA | TYGCCTTGGTAGGCCRTTA
261,19,8,3,1,0.5420096846979457,0.5420096846979457,0.5954866520153353,8,TCGCCTTGGTRRGCCRTTA
261,19,8,3,2,0.6196807675713712,0.6196807675713712,0.6719596018474924,16,TCGCCTTGGTRRGCCRTTA | TAGCCTTGGTRRGCCRTTA
261,19,8,3,3,0.7327807593489329,0.7402195311901189,0.7327807593489329,24,TCGCCTTGGTRRGCCRTTA | TAGCCTTGGTRRGCCRTTA | TCGCCTTGGTRGGCYYTTA
261,19,8,3,4,0.753762371795114,0.764513938976191,0.753762371795114,32,TCGCCTTGGTRRGCCRTTA | TAGCCTTGGTRRGCCRTTA | TCGCCTTGGTRGGCYYTTA | TCGCCTTGGTGRGCCAYYA
261,19,8,3,5,0.801790235862902,0.8049390405332124,0.801790235862902,40,TCGCCTTGGTRRGCCRTTA | TAGCCTTGGTRRGCCRTTA | TCGCCTTGGTRGGCYYTTA | TCGCCTTGGTGRGCCAYYA | TTGCCTTGGTRRGCCRTTA
261,19,8,3,6,0.8171440374938769,0.8314959243862861,0.8171440374938769,48,TCGCCTTGGTRRGCCRTTA | TAGCCTTGGTRRGCCRTTA | TCGCCTTGGTRGGCYYTTA | TCGCCTTGGTGRGCCAYYA | TTGCCTTGGTRRGCCRTTA | TWGCCTTGGTAGGCYKTTA
261,19,8,3,7,0.8362428862538218,0.8501983734567903,0.8362428862538218,56,TCGCCTTGGTRRGCCRTTA | TAGCCTTGGTRRGCCRTTA | TCGCCTTGGTRGGCYYTTA | TCGCCTTGGTGRGCCAYYA | TTGCCTTGGTRRGCCRTTA | TWGCCTTGGTAGGCYKTTA | WMGSCTTGGTGGGCCGTTA
261,19,8,3,8,0.8490595945725538,0.855380215933201,0.8490595945725538,64,TCGCCTTGGTRRGCCRTTA | TAGCCTTGGTRRGCCRTTA | TCGCCTTGGTRGGCYYTTA | TCGCCTTGGTGRGCCAYYA | TTGCCTTGGTRRGCCRTTA | TWGCCTTGGTAGGCYKTTA | WMGSCTTGGTGGGCCGTTA | TCGCCTTGGTAGGCYATYR
261,19,16,4,1,0.6196807675713712,0.6196807675713712,0.6719596018474924,16,TMGCCTTGGTRRGCCRTTA
261,19,16,4,2,0.7544792550585869,0.7587052669864192,0.7544792550585869,32,TMGCCTTGGTRRGCCRTTA | TCGCCTTGGTRRGCYYTTA
261,19,16,4,3,0.7874679641324294,0.7909727208255397,0.7874679641324294,48,TMGCCTTGGTRRGCCRTTA | TCGCCTTGGTRRGCYYTTA | TYGCCTTGGTRGGCCAYYA
261,19,16,4,4,0.8262665643418726,0.835775357983651,0.8262665643418726,64,TMGCCTTGGTRRGCCRTTA | TCGCCTTGGTRRGCYYTTA | TYGCCTTGGTRGGCCAYYA | WWGCCTTGGTRRGCCGTTA
261,19,16,4,5,0.8416877215433267,0.8658642336517884,0.8416877215433267,80,TMGCCTTGGTRRGCCRTTA | TCGCCTTGGTRRGCYYTTA | TYGCCTTGGTRGGCCAYYA | WWGCCTTGGTRRGCCGTTA | TWGCCTTGGTARGCYWTTA
261,19,16,4,6,0.8595024880626699,0.8705822475637325,0.8595024880626699,96,TMGCCTTGGTRRGCCRTTA | TCGCCTTGGTRRGCYYTTA | TYGCCTTGGTRGGCCAYYA | WWGCCTTGGTRRGCCGTTA | TWGCCTTGGTARGCYWTTA | TYGCCTTGGTGRGCYATTR
261,19,16,4,7,0.8746401392363765,0.8869109069006793,0.8746401392363765,112,TMGCCTTGGTRRGCCRTTA | TCGCCTTGGTRRGCYYTTA | TYGCCTTGGTRGGCCAYYA | WWGCCTTGGTRRGCCGTTA | TWGCCTTGGTARGCYWTTA | TYGCCTTGGTGRGCYATTR | YMGSCTYGGTGGGCCGTTA
261,19,16,4,8,0.8809689175913756,0.8917065357928715,0.8809689175913756,128,TMGCCTTGGTRRGCCRTTA | TCGCCTTGGTRRGCYYTTA | TYGCCTTGGTRGGCCAYYA | WWGCCTTGGTRRGCCGTTA | TWGCCTTGGTARGCYWTTA | TYGCCTTGGTGRGCYATTR | YMGSCTYGGTGGGCCGTTA | YCGYCTTGGTAGGCYRTTA
260,23,4,2,1,0.3271212593188689,0.3271212593188689,0.3537292410176789,4,TCGTCGCCTTGGTRRGCCGTTAC
260,23,4,2,2,0.41138728848923267,0.41138728848923267,0.4433250320878266,8,TCGTCGCCTTGGTRRGCCGTTAC | TCATCGCCTTGGTGRGCCRTTAC
260,23,4,2,3,0.47762505966705254,0.47762505966705254,0.5086967775006367,12,TCGTCGCCTTGGTRRGCCGTTAC | TCATCGCCTTGGTGRGCCRTTAC | TCRTCGCCTTGGTAGGCCWTTAC
260,23,4,2,4,0.5142740335907002,0.5142740335907002,0.5838659968875143,16,TCGTCGCCTTGGTRRGCCGTTAC | TCATCGCCTTGGTGRGCCRTTAC | TCRTCGCCTTGGTAGGCCWTTAC | TCGTAGCCTTGGTGRGCCRTTAC
260,23,4,2,5,0.5333513248043625,0.5333513248043625,0.6014899375777004,20,TCGTCGCCTTGGTRRGCCGTTAC | TCATCGCCTTGGTGRGCCRTTAC | TCRTCGCCTTGGTAGGCCWTTAC | TCGTAGCCTTGGTGRGCCRTTAC | TCGTCGCCTTGGTAGGCCSTYAC
260,23,4,2,6,0.5632348488689444,0.5632348488689444,0.623839115382489,24,TCGTCGCCTTGGTRRGCCGTTAC | TCATCGCCTTGGTGRGCCRTTAC | TCRTCGCCTTGGTAGGCCWTTAC | TCGTAGCCTTGGTGRGCCRTTAC | TCGTCGCCTTGGTAGGCCSTYAC | TCWTCGCCTTGGTARGCCGTTAC
260,23,4,2,7,0.5881209231185442,0.5881209231185442,0.6517933553316186,28,TCGTCGCCTTGGTRRGCCGTTAC | TCATCGCCTTGGTGRGCCRTTAC | TCRTCGCCTTGGTAGGCCWTTAC | TCGTAGCCTTGGTGRGCCRTTAC | TCGTCGCCTTGGTAGGCCSTYAC | TCWTCGCCTTGGTARGCCGTTAC | TCGTCGCCTTGGTGRGCCWTTAC
260,23,4,2,8,0.6167875199438405,0.6167875199438405,0.6644832738864168,32,TCGTCGCCTTGGTRRGCCGTTAC | TCATCGCCTTGGTGRGCCRTTAC | TCRTCGCCTTGGTAGGCCWTTAC | TCGTAGCCTTGGTGRGCCRTTAC | TCGTCGCCTTGGTAGGCCSTYAC | TCWTCGCCTTGGTARGCCGTTAC | TCGTCGCCTTGGTGRGCCWTTAC | TCATAGYCTTGGTAGGCCRTTAC
260,23,8,3,1,0.4318686134047322,0.4318686134047322,0.4417376939565553,8,TCRTCGCCTTGGTRRGCCGTTAC
260,23,8,3,2,0.5013296710053275,0.5013296710053275,0.5439877879744165,16,TCRTCGCCTTGGTRRGCCGTTAC | TCGTCGCCTTGGTRRGCCWTTAC
260,23,8,3,3,0.5612483779357432,0.5612483779357432,0.6221079853742714,24,TCRTCGCCTTGGTRRGCCGTTAC | TCGTCGCCTTGGTRRGCCWTTAC | TCRTAGCCTTGGTGRGCCRTTAC
260,23,8,3,4,0.6174184583072669,0.6174184583072669,0.6639942603257009,32,TCRTCGCCTTGGTRRGCCGTTAC | TCGTCGCCTTGGTRRGCCWTTAC | TCRTAGCCTTGGTGRGCCRTTAC | TCATCGYCTTGGTAGGCCWTYAC
260,23,8,3,5,0.6452030926311206,0.6452030926311206,0.6884605253946837,40,TCRTCGCCTTGGTRRGCCGTTAC | TCGTCGCCTTGGTRRGCCWTTAC | TCRTAGCCTTGGTGRGCCRTTAC | TCATCGYCTTGGTAGGCCWTYAC | TCGTYGCCTTGGTAGGCYSTTAC
260,23,8,3,6,0.6765002707285966,0.6765002707285966,0.7122092638128609,48,TCRTCGCCTTGGTRRGCCGTTAC | TCGTCGCCTTGGTRRGCCWTTAC | TCRTAGCCTTGGTGRGCCRTTAC | TCATCGYCTTGGTAGGCCWTYAC | TCGTYGCCTTGGTAGGCYSTTAC | TCWTCGCCTTGGTGRGCCKTTAC
260,23,8,3,7,0.6960721975590106,0.6960721975590106,0.7395470288569439,56,TCRTCGCCTTGGTRRGCCGTTAC | TCGTCGCCTTGGTRRGCCWTTAC | TCRTAGCCTTGGTGRGCCRTTAC | TCATCGYCTTGGTAGGCCWTYAC | TCGTYGCCTTGGTAGGCYSTTAC | TCWTCGCCTTGGTGRGCCKTTAC | TCGTWGCCTTGGTARGCCRTTAC
260,23,16,4,1,0.4994039789417355,0.4994039789417355,0.547857931565258,16,TCRTCGCCTTGGTRRGCCRTTAC
260,23,16,4,2,0.5718272620690861,0.5718272620690861,0.6408508682177838,32,TCRTCGCCTTGGTRRGCCRTTAC | TCGWAGCCTTGGTRRGCCRTTAC
260,23,16,4,3,0.6781362646563314,0.6781362646563314,0.7081557019187765,48,TCRTCGCCTTGGTRRGCCRTTAC | TCGWAGCCTTGGTRRGCCRTTAC | TCRTCGCCTTGGTRRGCYTTTAC
260,23,16,4,4,0.7092010021954073,0.7092010021954073,0.7336125125237946,64,TCRTCGCCTTGGTRRGCCRTTAC | TCGWAGCCTTGGTRRGCCRTTAC | TCRTCGCCTTGGTRRGCYTTTAC | TCATYGYCTTGGTAGGCCRTYAC
260,23,16,4,5,0.7507282357058239,0.7507282357058239,0.762857915817691,76,TCRTCGCCTTGGTRRGCCRTTAC | TCGWAGCCTTGGTRRGCCRTTAC | TCRTCGCCTTGGTRRGCYTTTAC | TCATYGYCTTGGTAGGCCRTYAC | TCWTHGCCTTGGTGRGCCGTTAC
260,23,16,4,6,0.7727891303685545,0.7727891303685545,0.7783764883388811,92,TCRTCGCCTTGGTRRGCCRTTAC | TCGWAGCCTTGGTRRGCCRTTAC | TCRTCGCCTTGGTRRGCYTTTAC | TCATYGYCTTGGTAGGCCRTYAC | TCWTHGCCTTGGTGRGCCGTTAC | TCATMGCCTTGGTAGGCYWTTRC
260,23,16,4,7,0.7858756301013904,0.7858756301013904,0.7917340286924244,108,TCRTCGCCTTGGTRRGCCRTTAC | TCGWAGCCTTGGTRRGCCRTTAC | TCRTCGCCTTGGTRRGCYTTTAC | TCATYGYCTTGGTAGGCCRTYAC | TCWTHGCCTTGGTGRGCCGTTAC | TCATMGCCTTGGTAGGCYWTTRC | TCGTYGSCTYGGTGGGCCGTTRC
260,23,16,4,8,0.8035637159161655,0.8035637159161655,0.8037719816694672,124,TCRTCGCCTTGGTRRGCCRTTAC | TCGWAGCCTTGGTRRGCCRTTAC | TCRTCGCCTTGGTRRGCYTTTAC | TCATYGYCTTGGTAGGCCRTYAC | TCWTHGCCTTGGTGRGCCGTTAC | TCATMGCCTTGGTAGGCYWTTRC | TCGTYGSCTYGGTGGGCCGTTRC | TCGTYGCCTTGGTAGGCYWTTRC
261,21,4,2,1,0.329176095250965,0.329176095250965,0.35494839669590156,4,CGTCGCCTTGGTRRGCCGTTA
261,21,4,2,2,0.4133351802351343,0.4133351802351343,0.4469851029100058,8,CGTCGCCTTGGTRRGCCGTTA | CATCGCCTTGGTGRGCCRTTA
261,21,4,2,3,0.47723612776460844,0.47723612776460844,0.5097501386207055,12,CGTCGCCTTGGTRRGCCGTTA | CATCGCCTTGGTGRGCCRTTA | CRTCGCCTTGGTAGGCCWTTA
261,21,4,2,4,0.5133688314058186,0.5133688314058186,0.5859342949938492,16,CGTCGCCTTGGTRRGCCGTTA | CATCGCCTTGGTGRGCCRTTA | CRTCGCCTTGGTAGGCCWTTA | CGTAGCCTTGGTGRGCCRTTA
261,21,4,2,5,0.532424150875144,0.532424150875144,0.6035331809964535,20,CGTCGCCTTGGTRRGCCGTTA | CATCGCCTTGGTGRGCCRTTA | CRTCGCCTTGGTAGGCCWTTA | CGTAGCCTTGGTGRGCCRTTA | CGTCGCCTTGGTAGGCCSTYA
261,21,4,2,6,0.5623060270589004,0.5623060270589004,0.6254734078927539,24,CGTCGCCTTGGTRRGCCGTTA | CATCGCCTTGGTGRGCCRTTA | CRTCGCCTTGGTAGGCCWTTA | CGTAGCCTTGGTGRGCCRTTA | CGTCGCCTTGGTAGGCCSTYA | CWTCGCCTTGGTARGCCGTTA
261,21,4,2,7,0.584708796616567,0.584708796616567,0.6512701075921278,28,CGTCGCCTTGGTRRGCCGTTA | CATCGCCTTGGTGRGCCRTTA | CRTCGCCTTGGTAGGCCWTTA | CGTAGCCTTGGTGRGCCRTTA | CGTCGCCTTGGTAGGCCSTYA | CWTCGCCTTGGTARGCCGTTA | CGTCGCCTTGGTGRGCCWTTA
261,21,4,2,8,0.6133742948546467,0.6133742948546467,0.6647889514647757,32,CGTCGCCTTGGTRRGCCGTTA | CATCGCCTTGGTGRGCCRTTA | CRTCGCCTTGGTAGGCCWTTA | CGTAGCCTTGGTGRGCCRTTA | CGTCGCCTTGGTAGGCCSTYA | CWTCGCCTTGGTARGCCGTTA | CGTCGCCTTGGTGRGCCWTTA | CATAGYCTTGGTAGGCCRTTA
261,21,8,3,1,0.43395944923582,0.43395944923582,0.442873423906351,8,CRTCGCCTTGGTRRGCCGTTA
261,21,8,3,2,0.4960476089051571,0.4960476089051571,0.5456912810025626,16,CRTCGCCTTGGTRRGCCGTTA | CGTMGCCTTGGTRRGCCATTA
261,21,8,3,3,0.538016378679914,0.538016378679914,0.6047075909281945,24,CRTCGCCTTGGTRRGCCGTTA | CGTMGCCTTGGTRRGCCATTA | CGTMGCCTTGGTGRGCCKTTA
261,21,8,3,4,0.5940417421012502,0.5940417421012502,0.6503790066184396,32,CRTCGCCTTGGTRRGCCGTTA | CGTMGCCTTGGTRRGCCATTA | CGTMGCCTTGGTGRGCCKTTA | CATCGCCTTGGTAGGCYWTYA
261,21,8,3,5,0.617004633867567,0.617004633867567,0.6676740811036276,38,CRTCGCCTTGGTRRGCCGTTA | CGTMGCCTTGGTRRGCCATTA | CGTMGCCTTGGTGRGCCKTTA | CATCGCCTTGGTAGGCYWTYA | CATHGCCTTGGTAGGCCRTTA
261,21,8,3,6,0.6355198508799481,0.6355198508799481,0.6872112310130222,46,CRTCGCCTTGGTRRGCCGTTA | CGTMGCCTTGGTRRGCCATTA | CGTMGCCTTGGTGRGCCKTTA | CATCGCCTTGGTAGGCYWTYA | CATHGCCTTGGTAGGCCRTTA | CGTYGSCTTGGTGRGCCGTTA
261,21,16,4,1,0.49617090406131187,0.49617090406131187,0.5468153246151656,16,CRTCGCCTTGGTRRGCCRTTA
261,21,16,4,2,0.5667854290456135,0.5667854290456135,0.6406752476840627,32,CRTCGCCTTGGTRRGCCRTTA | CGWAGCCTTGGTRRGCCRTTA
261,21,16,4,3,0.6755955739732014,0.6755955739732014,0.7092948428237982,48,CRTCGCCTTGGTRRGCCRTTA | CGWAGCCTTGGTRRGCCRTTA | CRTCGCCTTGGTRRGCYTTTA
261,21,16,4,4,0.7062096775946595,0.7062096775946595,0.734839434346276,64,CRTCGCCTTGGTRRGCCRTTA | CGWAGCCTTGGTRRGCCRTTA | CRTCGCCTTGGTRRGCYTTTA | CATYGYCTTGGTAGGCCRTYA
261,21,16,4,5,0.7477369111050763,0.7477369111050763,0.7640847316695109,76,CRTCGCCTTGGTRRGCCRTTA | CGWAGCCTTGGTRRGCCRTTA | CRTCGCCTTGGTRRGCYTTTA | CATYGYCTTGGTAGGCCRTYA | CWTHGCCTTGGTGRGCCGTTA
261,21,16,4,6,0.7553321253727846,0.7553321253727846,0.7815308454713955,92,CRTCGCCTTGGTRRGCCRTTA | CGWAGCCTTGGTRRGCCRTTA | CRTCGCCTTGGTRRGCYTTTA | CATYGYCTTGGTAGGCCRTYA | CWTHGCCTTGGTGRGCCGTTA | CGTCGCCTTGGTARGCYAYTR
261,21,16,4,7,0.7826861109197242,0.7826861109197242,0.7943848163523484,104,CRTCGCCTTGGTRRGCCRTTA | CGWAGCCTTGGTRRGCCRTTA | CRTCGCCTTGGTRRGCYTTTA | CATYGYCTTGGTAGGCCRTYA | CWTHGCCTTGGTGRGCCGTTA | CGTCGCCTTGGTARGCYAYTR | CATAGCCTTGGTARGCYDTTA
261,21,16,4,8,0.7959114147591747,0.7959114147591747,0.8077917836810814,120,CRTCGCCTTGGTRRGCCRTTA | CGWAGCCTTGGTRRGCCRTTA | CRTCGCCTTGGTRRGCYTTTA | CATYGYCTTGGTAGGCCRTYA | CWTHGCCTTGGTGRGCCGTTA | CGTCGCCTTGGTARGCYAYTR | CATAGCCTTGGTARGCYDTTA | CGTYGSCTYGGTGGGCCGTTR
262,17,4,2,1,0.43162503743750746,0.43162503743750746,0.5068391144585725,4,CGCCTTGGTGRGCCRTT
262,17,4,2,2,0.5839650968838218,0.5839650968838218,0.6557465420828456,8,CGCCTTGGTGRGCCRTT | CGCCTTGGTARGCCWTT
262,17,4,2,3,0.6651529251242941,0.6651529251242941,0.7286391071684254,12,CGCCTTGGTGRGCCRTT | CGCCTTGGTARGCCWTT | CGCCTTGGTARGCCSTT
262,17,4,2,4,0.7060172380491635,0.7060172380491635,0.7588485798110192,16,CGCCTTGGTGRGCCRTT | CGCCTTGGTARGCCWTT | CGCCTTGGTARGCCSTT | CGCCTTGGTGRGCCYTT
262,17,4,2,5,0.7395131286476749,0.7395131286476749,0.7852902401339891,20,CGCCTTGGTGRGCCRTT | CGCCTTGGTARGCCWTT | CGCCTTGGTARGCCSTT | CGCCTTGGTGRGCCYTT | AGCCTTGGTAGGCCAYY
262,17,4,2,6,0.77747669480152,0.77747669480152,0.8148682617104481,24,CGCCTTGGTGRGCCRTT | CGCCTTGGTARGCCWTT | CGCCTTGGTARGCCSTT | CGCCTTGGTGRGCCYTT | AGCCTTGGTAGGCCAYY | WGCCTTGGTGRGCCGTT
262,17,4,2,7,0.8305775420567637,0.8310126661402321,0.8305775420567637,28,CGCCTTGGTGRGCCRTT | CGCCTTGGTARGCCWTT | CGCCTTGGTARGCCSTT | CGCCTTGGTGRGCCYTT | AGCCTTGGTAGGCCAYY | WGCCTTGGTGRGCCGTT | CGYCTTGGTAGGCYTTT
262,17,4,2,8,0.8386544444606027,0.8416836562646463,0.8386544444606027,32,CGCCTTGGTGRGCCRTT | CGCCTTGGTARGCCWTT | CGCCTTGGTARGCCSTT | CGCCTTGGTGRGCCYTT | AGCCTTGGTAGGCCAYY | WGCCTTGGTGRGCCGTT | CGYCTTGGTAGGCYTTT | YGCCTTGGTAGGCCRTT
262,17,8,3,1,0.523407740736264,0.523407740736264,0.6236170599970962,8,CGCCTTGGTRRGCCRTT
262,17,8,3,2,0.7417273375120262,0.7417273375120262,0.7610491972819248,16,CGCCTTGGTRRGCCRTT | CGCCTTGGTRGGCYYTT
262,17,8,3,3,0.7942433681809176,0.7942433681809176,0.8055674066502517,24,CGCCTTGGTRRGCCRTT | CGCCTTGGTRGGCYYTT | AGCCTTGGTRGGCCRTY
262,17,8,3,4,0.8389052914092493,0.8389052914092493,0.8448788882100562,32,CGCCTTGGTRRGCCRTT | CGCCTTGGTRGGCYYTT | AGCCTTGGTRGGCCRTY | WGCCTTGGTGRGCCKTT
262,17,8,3,5,0.8552590697706669,0.8552590697706669,0.8616453366370717,40,CGCCTTGGTRRGCCRTT | CGCCTTGGTRGGCYYTT | AGCCTTGGTRGGCCRTY | WGCCTTGGTGRGCCKTT | YGCCTTGGTARGCCAYT
262,17,8,3,6,0.8591543080547703,0.8591543080547703,0.8653534177727535,48,CGCCTTGGTRRGCCRTT | CGCCTTGGTRGGCYYTT | AGCCTTGGTRGGCCRTY | WGCCTTGGTGRGCCKTT | YGCCTTGGTARGCCAYT | SGCCTTGGTAGGCYRTT
262,17,8,3,7,0.8720041083744804,0.8720041083744804,0.8742237961561575,56,CGCCTTGGTRRGCCRTT | CGCCTTGGTRGGCYYTT | AGCCTTGGTRGGCCRTY | WGCCTTGGTGRGCCKTT | YGCCTTGGTARGCCAYT | SGCCTTGGTAGGCYRTT | YGCCTTGGTARGCCKTT
262,17,16,4,1,0.6618403212076895,0.6618403212076895,0.7361090301796254,12,CGCCTTGGTRRGCCDTT
262,17,16,4,2,0.7577310379941502,0.7577310379941502,0.7891495446142391,24,CGCCTTGGTRRGCCDTT | CGCCTTGGTAGGCYHTY
262,17,16,4,3,0.8430819985162682,0.8430819985162682,0.8571849741981964,40,CGCCTTGGTRRGCCDTT | CGCCTTGGTAGGCYHTY | WGCCTTGGTRRGCCRTT
262,17,16,4,4,0.8822694128254597,0.882726251200991,0.8822694128254597,56,CGCCTTGGTRRGCCDTT | CGCCTTGGTAGGCYHTY | WGCCTTGGTRRGCCRTT | CGSCTTGGTGRGCYYTT
262,17,16,4,5,0.8972835676595894,0.90154111789554,0.8972835676595894,72,CGCCTTGGTRRGCCDTT | CGCCTTGGTAGGCYHTY | WGCCTTGGTRRGCCRTT | CGSCTTGGTGRGCYYTT | CGCCTTGGTARGCCWYY
262,17,16,4,6,0.9094914565348083,0.9110769409628849,0.9094914565348083,88,CGCCTTGGTRRGCCDTT | CGCCTTGGTAGGCYHTY | WGCCTTGGTRRGCCRTT | CGSCTTGGTGRGCYYTT | CGCCTTGGTARGCCWYY | CGSCTTGGTRGGCCGYY
262,17,16,4,7,0.9184525244969922,0.9374460108874322,0.9184525244969922,104,CGCCTTGGTRRGCCDTT | CGCCTTGGTAGGCYHTY | WGCCTTGGTRRGCCRTT | CGSCTTGGTGRGCYYTT | CGCCTTGGTARGCCWYY | CGSCTTGGTRGGCCGYY | AGYCTTGGTARGCYWTT
262,17,16,4,8,0.918659407945161,0.9381272359174271,0.918659407945161,116,CGCCTTGGTRRGCCDTT | CGCCTTGGTAGGCYHTY | WGCCTTGGTRRGCCRTT | CGSCTTGGTGRGCYYTT | CGCCTTGGTARGCCWYY | CGSCTTGGTRGGCCGYY | AGYCTTGGTARGCYWTT | CRCCATGGTAGGCCWHT
262,19,4,2,1,0.2661728470870838,0.2661728470870838,0.31888262657507743,4,GTCGCCTTGGTGRGCCRTT
262,19,4,2,2,0.37951796385060255,0.37951796385060255,0.4181977694703074,7,GTCGCCTTGGTGRGCCRTT | GTCGCCTTGGTAGGCCDTT
262,19,4,2,3,0.46176580283211566,0.46176580283211566,0.506741255636158,11,GTCGCCTTGGTGRGCCRTT | GTCGCCTTGGTAGGCCDTT | ATMGCCTTGGTGRGCCGTT
262,19,4,2,4,0.49831199225174133,0.49831199225174133,0.5407395898215016,15,GTCGCCTTGGTGRGCCRTT | GTCGCCTTGGTAGGCCDTT | ATMGCCTTGGTGRGCCGTT | RTCGCCTTGGTAGGCCWTT
262,19,4,2,5,0.5282784357174343,0.5282784357174343,0.5674873522114706,19,GTCGCCTTGGTGRGCCRTT | GTCGCCTTGGTAGGCCDTT | ATMGCCTTGGTGRGCCGTT | RTCGCCTTGGTAGGCCWTT | GTCGCCTTGGTGRGCCWTT
262,19,4,2,6,0.5586779405934134,0.5586779405934134,0.5946201840403279,23,GTCGCCTTGGTGRGCCRTT | GTCGCCTTGGTAGGCCDTT | ATMGCCTTGGTGRGCCGTT | RTCGCCTTGGTAGGCCWTT | GTCGCCTTGGTGRGCCWTT | RTAGCCTTGGTAGGCCATY
262,19,4,2,7,0.5930090546716912,0.5930090546716912,0.6118392852809421,27,GTCGCCTTGGTGRGCCRTT | GTCGCCTTGGTAGGCCDTT | ATMGCCTTGGTGRGCCGTT | RTCGCCTTGGTAGGCCWTT | GTCGCCTTGGTGRGCCWTT | RTAGCCTTGGTAGGCCATY | GTCGCCTTGGTGGGCYSTT
262,19,4,2,8,0.6169253746105471,0.6169253746105471,0.6523920470159872,31,GTCGCCTTGGTGRGCCRTT | GTCGCCTTGGTAGGCCDTT | ATMGCCTTGGTGRGCCGTT | RTCGCCTTGGTAGGCCWTT | GTCGCCTTGGTGRGCCWTT | RTAGCCTTGGTAGGCCATY | GTCGCCTTGGTGGGCYSTT | GTAGCCTTGGTGRGCCRTT
262,19,8,3,1,0.3486692515602021,0.3486692515602021,0.4056111397488398,8,GTCGCCTTGGTRRGCCRTT
262,19,8,3,2,0.48833711335660857,0.48833711335660857,0.5369295332259295,16,GTCGCCTTGGTRRGCCRTT | ATCGCCTTGGTRRGCCKTT
262,19,8,3,3,0.5456458874129005,0.5456458874129005,0.6187672997653006,24,GTCGCCTTGGTRRGCCRTT | ATCGCCTTGGTRRGCCKTT | GWAGCCTTGGTGRGCCRTT
262,19,8,3,4,0.58442157512641,0.58442157512641,0.6492507887947386,30,GTCGCCTTGGTRRGCCRTT | ATCGCCTTGGTRRGCCKTT | GWAGCCTTGGTGRGCCRTT | GTCGCCTTGGTAGGCCHTY
262,19,8,3,5,0.6357670400432934,0.6357670400432934,0.6860407211837956,38,GTCGCCTTGGTRRGCCRTT | ATCGCCTTGGTRRGCCKTT | GWAGCCTTGGTGRGCCRTT | GTCGCCTTGGTAGGCCHTY | ATYGCCTTGGTAGGCYWTT
262,19,8,3,6,0.6629534276420488,0.6629534276420488,0.7022464084117092,44,GTCGCCTTGGTRRGCCRTT | ATCGCCTTGGTRRGCCKTT | GWAGCCTTGGTGRGCCRTT | GTCGCCTTGGTAGGCCHTY | ATYGCCTTGGTAGGCYWTT | GTCGCCTTGGTGGGCYBTT
262,19,8,3,7,0.6901925703531218,0.6901925703531218,0.7229772143387142,50,GTCGCCTTGGTRRGCCRTT | ATCGCCTTGGTRRGCCKTT | GWAGCCTTGGTGRGCCRTT | GTCGCCTTGGTAGGCCHTY | ATYGCCTTGGTAGGCYWTT | GTCGCCTTGGTGGGCYBTT | RTAGCCTTGGTAGGCCDTT
262,19,8,3,8,0.7210596629321259,0.7210596629321259,0.7453840593409775,58,GTCGCCTTGGTRRGCCRTT | ATCGCCTTGGTRRGCCKTT | GWAGCCTTGGTGRGCCRTT | GTCGCCTTGGTAGGCCHTY | ATYGCCTTGGTAGGCYWTT | GTCGCCTTGGTGGGCYBTT | RTAGCCTTGGTAGGCCDTT | WTYGCCTTGGTGRGCCGTT
262,19,16,4,1,0.4433188997135969,0.4433188997135969,0.488559800697109,12,GTCGCCTTGGTRRGCCDTT
262,19,16,4,2,0.574753004756043,0.574753004756043,0.6330216164029175,28,GTCGCCTTGGTRRGCCDTT | ATMGCCTTGGTRRGCCRTT
262,19,16,4,3,0.6484342350039622,0.6484342350039622,0.6725985832854641,40,GTCGCCTTGGTRRGCCDTT | ATMGCCTTGGTRRGCCRTT | RTCGCCTTGGTAGGCYBTT
262,19,16,4,4,0.7008797886952215,0.7008797886952215,0.7466821562980407,56,GTCGCCTTGGTRRGCCDTT | ATMGCCTTGGTRRGCCRTT | RTCGCCTTGGTAGGCYBTT | GTWGCCTTGGTRRGCCRTT
262,19,16,4,5,0.7395708258412323,0.7395708258412323,0.7765107889672161,72,GTCGCCTTGGTRRGCCDTT | ATMGCCTTGGTRRGCCRTT | RTCGCCTTGGTAGGCYBTT | GTWGCCTTGGTRRGCCRTT | WTYGCCTTGGTGRGCCKTT
262,19,16,4,6,0.7571187064635284,0.7571187064635284,0.7962737645810885,88,GTCGCCTTGGTRRGCCDTT | ATMGCCTTGGTRRGCCRTT | RTCGCCTTGGTAGGCYBTT | GTWGCCTTGGTRRGCCRTT | WTYGCCTTGGTGRGCCKTT | GTCGCCTTGGTARGCCRYY
262,19,16,4,7,0.7870784696963266,0.7870784696963266,0.8111172873584956,104,GTCGCCTTGGTRRGCCDTT | ATMGCCTTGGTRRGCCRTT | RTCGCCTTGGTAGGCYBTT | GTWGCCTTGGTRRGCCRTT | WTYGCCTTGGTGRGCCKTT | GTCGCCTTGGTARGCCRYY | WTAGCCTTGGTRGGCYKTT
261,23,4,2,1,0.28061894649348534,0.28061894649348534,0.29840418164031646,4,ATCGTCGCCTTGGTRRGCCGTTA
261,23,4,2,2,0.33959852343613606,0.33959852343613606,0.37446001817795965,8,ATCGTCGCCTTGGTRRGCCGTTA | ATCATCGCCTTGGTGRGCCRTTA
261,23,4,2,3,0.3909328789519038,0.3909328789519038,0.435992473780328,12,ATCGTCGCCTTGGTRRGCCGTTA | ATCATCGCCTTGGTGRGCCRTTA | RTCGTCGCCTTGGTARGCCATTA
261,23,4,2,4,0.4072609024070941,0.4072609024070941,0.45652853445403535,16,ATCGTCGCCTTGGTRRGCCGTTA | ATCATCGCCTTGGTGRGCCRTTA | RTCGTCGCCTTGGTARGCCATTA | ATCGTMGCCTTGGTGRGCCGTTA
261,23,4,2,5,0.41814821499703886,0.41814821499703886,0.4712109041271538,20,ATCGTCGCCTTGGTRRGCCGTTA | ATCATCGCCTTGGTGRGCCRTTA | RTCGTCGCCTTGGTARGCCATTA | ATCGTMGCCTTGGTGRGCCGTTA | ATCGTCGCCTTGGTGGGCYKTTA
261,23,4,2,6,0.4516215189633157,0.4516215189633157,0.5049800660887064,24,ATCGTCGCCTTGGTRRGCCGTTA | ATCATCGCCTTGGTGRGCCRTTA | RTCGTCGCCTTGGTARGCCATTA | ATCGTMGCCTTGGTGRGCCGTTA | ATCGTCGCCTTGGTGGGCYKTTA | ATCATCGYCTTGGTAGGCCKTTA
261,23,4,2,7,0.4590799674024168,0.4590799674024168,0.5237701755401466,28,ATCGTCGCCTTGGTRRGCCGTTA | ATCATCGCCTTGGTGRGCCRTTA | RTCGTCGCCTTGGTARGCCATTA | ATCGTMGCCTTGGTGRGCCGTTA | ATCGTCGCCTTGGTGGGCYKTTA | ATCATCGYCTTGGTAGGCCKTTA | ATCGTCGCCTTGGTGRGCCRTTA
261,23,4,2,8,0.47582817361840424,0.47582817361840424,0.541073670196248,32,ATCGTCGCCTTGGTRRGCCGTTA | ATCATCGCCTTGGTGRGCCRTTA | RTCGTCGCCTTGGTARGCCATTA | ATCGTMGCCTTGGTGRGCCGTTA | ATCGTCGCCTTGGTGGGCYKTTA | ATCATCGYCTTGGTAGGCCKTTA | ATCGTCGCCTTGGTGRGCCRTTA | RTCGTAGCCTTGGTRGGCCGTTA
261,23,8,3,1,0.34640347572003144,0.34640347572003144,0.37697808877161587,8,ATCGTCGCCTTGGTRRGCCRTTA
261,23,8,3,2,0.45233800900989746,0.45233800900989746,0.4961799737985014,16,ATCGTCGCCTTGGTRRGCCRTTA | RTCATMGCCTTGGTGRGCCGTTA
261,23,8,3,3,0.5309623952101185,0.5309623952101185,0.5523650836327273,24,ATCGTCGCCTTGGTRRGCCRTTA | RTCATMGCCTTGGTGRGCCGTTA | ATCRTCGCCTTGGTAGGCYWTTA
261,23,8,3,4,0.5500634252591237,0.5500634252591237,0.5780938440263198,32,ATCGTCGCCTTGGTRRGCCRTTA | RTCATMGCCTTGGTGRGCCGTTA | ATCRTCGCCTTGGTAGGCYWTTA | ATCGTYGCCTTGGTGRGCCWTTA
261,23,8,3,5,0.57450945530387,0.57450945530387,0.6071102872401699,40,ATCGTCGCCTTGGTRRGCCRTTA | RTCATMGCCTTGGTGRGCCGTTA | ATCRTCGCCTTGGTAGGCYWTTA | ATCGTYGCCTTGGTGRGCCWTTA | RTCGTYGCCTTGGTAGGCCATYA
261,23,8,3,6,0.5993132311592237,0.5993132311592237,0.6443818737586978,48,ATCGTCGCCTTGGTRRGCCRTTA | RTCATMGCCTTGGTGRGCCGTTA | ATCRTCGCCTTGGTAGGCYWTTA | ATCGTYGCCTTGGTGRGCCWTTA | RTCGTYGCCTTGGTAGGCCATYA | RTCGTAGCCTTGGTGRGCCRTTA
261,23,8,3,7,0.6233702443203857,0.6233702443203857,0.6624749665818804,56,ATCGTCGCCTTGGTRRGCCRTTA | RTCATMGCCTTGGTGRGCCGTTA | ATCRTCGCCTTGGTAGGCYWTTA | ATCGTYGCCTTGGTGRGCCWTTA | RTCGTYGCCTTGGTAGGCCATYA | RTCGTAGCCTTGGTGRGCCRTTA | RTCATYGCCTTGGTAGGCCRTTA
261,23,8,3,8,0.6426102806886949,0.6426102806886949,0.67537218297391,64,ATCGTCGCCTTGGTRRGCCRTTA | RTCATMGCCTTGGTGRGCCGTTA | ATCRTCGCCTTGGTAGGCYWTTA | ATCGTYGCCTTGGTGRGCCWTTA | RTCGTYGCCTTGGTAGGCCATYA | RTCGTAGCCTTGGTGRGCCRTTA | RTCATYGCCTTGGTAGGCCRTTA | ATCWTCGCCTTGGTGRGCCRTTA
261,23,16,4,1,0.41974340848746916,0.41974340848746916,0.47234212325681235,16,ATCRTCGCCTTGGTRRGCCRTTA
261,23,16,4,2,0.49268313089534804,0.49268313089534804,0.5586835246725956,32,ATCRTCGCCTTGGTRRGCCRTTA | RTCGWMGCCTTGGTGRGCCGTTA
261,23,16,4,3,0.5565601720133139,0.5565601720133139,0.6085128098952645,48,ATCRTCGCCTTGGTRRGCCRTTA | RTCGWMGCCTTGGTGRGCCGTTA | ATCGTYGCCTTGGTAGGCYWTYA
261,23,16,4,4,0.6223166443961488,0.6223166443961488,0.6432897618906123,64,ATCRTCGCCTTGGTRRGCCRTTA | RTCGWMGCCTTGGTGRGCCGTTA | ATCGTYGCCTTGGTAGGCYWTYA | RTCATMGCCTTGGTAGGCYKTTA
261,23,16,4,5,0.6501242556470859,0.6501242556470859,0.6671674609113415,76,ATCRTCGCCTTGGTRRGCCRTTA | RTCGWMGCCTTGGTGRGCCGTTA | ATCGTYGCCTTGGTAGGCYWTYA | RTCATMGCCTTGGTAGGCYKTTA | ATCGTCGCCTTGGTGRGCYHTTA
261,23,16,4,6,0.6689450002539351,0.6689450002539351,0.6928800163946991,92,ATCRTCGCCTTGGTRRGCCRTTA | RTCGWMGCCTTGGTGRGCCGTTA | ATCGTYGCCTTGGTAGGCYWTYA | RTCATMGCCTTGGTAGGCYKTTA | ATCGTCGCCTTGGTGRGCYHTTA | RTCATYGCCTTGGTGRGCCWTTA
261,23,16,4,7,0.685087362691441,0.685087362691441,0.710218184899582,108,ATCRTCGCCTTGGTRRGCCRTTA | RTCGWMGCCTTGGTGRGCCGTTA | ATCGTYGCCTTGGTAGGCYWTYA | RTCATMGCCTTGGTAGGCYKTTA | ATCGTCGCCTTGGTGRGCYHTTA | RTCATYGCCTTGGTGRGCCWTTA | ATCGTYGCCTTGGTRRGCCGTTR
261,23,16,4,8,0.7181308911035867,0.7181308911035867,0.733130668709966,124,ATCRTCGCCTTGGTRRGCCRTTA | RTCGWMGCCTTGGTGRGCCGTTA | ATCGTYGCCTTGGTAGGCYWTYA | RTCATMGCCTTGGTAGGCYKTTA | ATCGTCGCCTTGGTGRGCYHTTA | RTCATYGCCTTGGTGRGCCWTTA | ATCGTYGCCTTGGTRRGCCGTTR | RTCRTMGYCTTGGTAGGCCATTA
263,17,4,2,1,0.39317750027594406,0.39317750027594406,0.4390289210423233,4,TCGCCTTGGTGRGCCRT
263,17,4,2,2,0.5544216529623961,0.5544216529623961,0.5682249411316588,8,TCGCCTTGGTGRGCCRT | TCGCCTTGGTAGGCYWT
263,17,4,2,3,0.6382914568093266,0.6382914568093266,0.6391778211236333,12,TCGCCTTGGTGRGCCRT | TCGCCTTGGTAGGCYWT | TAGCCTTGGTGRGCCKT
263,17,4,2,4,0.6701811815417605,0.6701811815417605,0.6906919882835276,16,TCGCCTTGGTGRGCCRT | TCGCCTTGGTAGGCYWT | TAGCCTTGGTGRGCCKT | TCGCCTTGGTARGCYGT
263,17,4,2,5,0.7050346268225326,0.7050346268225326,0.7238727251798318,20,TCGCCTTGGTGRGCCRT | TCGCCTTGGTAGGCYWT | TAGCCTTGGTGRGCCKT | TCGCCTTGGTARGCYGT | TWGCCTTGGTAGGCCWT
263,17,4,2,6,0.7430987427041211,0.7430987427041211,0.7448805662248752,24,TCGCCTTGGTGRGCCRT | TCGCCTTGGTAGGCYWT | TAGCCTTGGTGRGCCKT | TCGCCTTGGTARGCYGT | TWGCCTTGGTAGGCCWT | TCGCCTTGGTGGGCYST
263,17,4,2,7,0.7587793321224329,0.7587793321224329,0.768140463244703,28,TCGCCTTGGTGRGCCRT | TCGCCTTGGTAGGCYWT | TAGCCTTGGTGRGCCKT | TCGCCTTGGTARGCYGT | TWGCCTTGGTAGGCCWT | TCGCCTTGGTGGGCYST | WAGCCTTGGTGGGCCRT
263,17,4,2,8,0.7689006761601709,0.7689006761601709,0.7754618440843138,32,TCGCCTTGGTGRGCCRT | TCGCCTTGGTAGGCYWT | TAGCCTTGGTGRGCCKT | TCGCCTTGGTARGCYGT | TWGCCTTGGTAGGCCWT | TCGCCTTGGTGGGCYST | WAGCCTTGGTGGGCCRT | TCGCCTTGGTGGGCYKT
263,17,8,3,1,0.4814204649769313,0.4814204649769313,0.5350024416214297,8,TCGCCTTGGTRRGCCRT
263,17,8,3,2,0.6609705009740087,0.6890043426393787,0.6609705009740087,16,TCGCCTTGGTRRGCCRT | TCGCCTTGGTRGGCYYT
263,17,8,3,3,0.7314986062218599,0.7582062202475316,0.7314986062218599,24,TCGCCTTGGTRRGCCRT | TCGCCTTGGTRGGCYYT | TAGCCTTGGTRRGCCRT
263,17,8,3,4,0.76981639671854,0.7706577823944344,0.76981639671854,32,TCGCCTTGGTRRGCCRT | TCGCCTTGGTRGGCYYT | TAGCCTTGGTRRGCCRT | TCGCCTTGGTRGGCYRT
263,17,8,3,5,0.8093417708125964,0.8096595318171825,0.8093417708125964,40,TCGCCTTGGTRRGCCRT | TCGCCTTGGTRGGCYYT | TAGCCTTGGTRRGCCRT | TCGCCTTGGTRGGCYRT | TTGCCTTGGTRRGCCKT
263,17,8,3,6,0.8230299454226545,0.8275215248267488,0.8230299454226545,48,TCGCCTTGGTRRGCCRT | TCGCCTTGGTRGGCYYT | TAGCCTTGGTRRGCCRT | TCGCCTTGGTRGGCYRT | TTGCCTTGGTRRGCCKT | TAGCCTTGGTRGGCYWT
263,17,8,3,7,0.8353509938177505,0.8388387181960671,0.8353509938177505,56,TCGCCTTGGTRRGCCRT | TCGCCTTGGTRGGCYYT | TAGCCTTGGTRRGCCRT | TCGCCTTGGTRGGCYRT | TTGCCTTGGTRRGCCKT | TAGCCTTGGTRGGCYWT | TCGCCTTGGTGRGCCWY
263,17,8,3,8,0.8523681102572963,0.857591518665277,0.8523681102572963,64,TCGCCTTGGTRRGCCRT | TCGCCTTGGTRGGCYYT | TAGCCTTGGTRRGCCRT | TCGCCTTGGTRGGCYRT | TTGCCTTGGTRRGCCKT | TAGCCTTGGTRGGCYWT | TCGCCTTGGTGRGCCWY | WAGSCTWGGTGGGCCGT
263,17,16,4,1,0.5968023571955127,0.5968023571955127,0.6260378475066674,12,TCGCCTTGGTRRGCCDT
263,17,16,4,2,0.7004940381884434,0.7004940381884434,0.7338683684833271,28,TCGCCTTGGTRRGCCDT | TWGCCTTGGTRRGCCRT
263,17,16,4,3,0.8055737803404975,0.8124122699792471,0.8055737803404975,40,TCGCCTTGGTRRGCCDT | TWGCCTTGGTRRGCCRT | TCGCCTTGGTRGGCYBT
263,17,16,4,4,0.8393993660970139,0.845010259428486,0.8393993660970139,56,TCGCCTTGGTRRGCCDT | TWGCCTTGGTRRGCCRT | TCGCCTTGGTRGGCYBT | TAGCCTTGGTRRGCYWT
263,17,16,4,5,0.8625819408248699,0.8692171670664073,0.8625819408248699,72,TCGCCTTGGTRRGCCDT | TWGCCTTGGTRRGCCRT | TCGCCTTGGTRGGCYBT | TAGCCTTGGTRRGCYWT | WMGSCTYGGTGGGCCGT
263,17,16,4,6,0.8759720147568234,0.8800282366500533,0.8759720147568234,88,TCGCCTTGGTRRGCCDT | TWGCCTTGGTRRGCCRT | TCGCCTTGGTRGGCYBT | TAGCCTTGGTRRGCYWT | WMGSCTYGGTGGGCCGT | TCGCCTTGGTARGCYWY
263,17,16,4,7,0.8835021815283476,0.8882291682924905,0.8835021815283476,104,TCGCCTTGGTRRGCCDT | TWGCCTTGGTRRGCCRT | TCGCCTTGGTRGGCYBT | TAGCCTTGGTRRGCYWT | WMGSCTYGGTGGGCCGT | TCGCCTTGGTARGCYWY | TWGYCTTGGTAGGCMWT
263,17,16,4,8,0.8913772340075025,0.8916088419514745,0.8913772340075025,116,TCGCCTTGGTRRGCCDT | TWGCCTTGGTRRGCCRT | TCGCCTTGGTRGGCYBT | TAGCCTTGGTRRGCYWT | WMGSCTYGGTGGGCCGT | TCGCCTTGGTARGCYWY | TWGYCTTGGTAGGCMWT | HAGCCTTGGTAGGCCRY
262,21,4,2,1,0.26393667292734596,0.26393667292734596,0.3154373944574844,4,TCGTCGCCTTGGTGRGCCRTT
262,21,4,2,2,0.3730966905244879,0.3730966905244879,0.41402854798692124,7,TCGTCGCCTTGGTGRGCCRTT | TCGTCGCCTTGGTAGGCCDTT
262,21,4,2,3,0.4553450787996094,0.4553450787996094,0.5023946182810183,11,TCGTCGCCTTGGTGRGCCRTT | TCGTCGCCTTGGTAGGCCDTT | TCATMGCCTTGGTGRGCCGTT
262,21,4,2,4,0.4918912682192351,0.4918912682192351,0.5363939138433224,15,TCGTCGCCTTGGTGRGCCRTT | TCGTCGCCTTGGTAGGCCDTT | TCATMGCCTTGGTGRGCCGTT | TCRTCGCCTTGGTAGGCCWTT
262,21,4,2,5,0.5217376862411373,0.5217376862411373,0.5631005003897922,19,TCGTCGCCTTGGTGRGCCRTT | TCGTCGCCTTGGTAGGCCDTT | TCATMGCCTTGGTGRGCCGTT | TCRTCGCCTTGGTAGGCCWTT | TCGTCGCCTTGGTGRGCCWTT
262,21,4,2,6,0.5477537211618596,0.5477537211618596,0.5833105607427935,23,TCGTCGCCTTGGTGRGCCRTT | TCGTCGCCTTGGTAGGCCDTT | TCATMGCCTTGGTGRGCCGTT | TCRTCGCCTTGGTAGGCCWTT | TCGTCGCCTTGGTGRGCCWTT | TCGTCGCCTTGGTAGGCCMTY
262,21,4,2,7,0.5725805834108948,0.5725805834108948,0.623467434437922,27,TCGTCGCCTTGGTGRGCCRTT | TCGTCGCCTTGGTAGGCCDTT | TCATMGCCTTGGTGRGCCGTT | TCRTCGCCTTGGTAGGCCWTT | TCGTCGCCTTGGTGRGCCWTT | TCGTCGCCTTGGTAGGCCMTY | TCGTWGCCTTGGTAGGCCRTT
262,21,4,2,8,0.593158946617734,0.593158946617734,0.6432702270647283,31,TCGTCGCCTTGGTGRGCCRTT | TCGTCGCCTTGGTAGGCCDTT | TCATMGCCTTGGTGRGCCGTT | TCRTCGCCTTGGTAGGCCWTT | TCGTCGCCTTGGTGRGCCWTT | TCGTCGCCTTGGTAGGCCMTY | TCGTWGCCTTGGTAGGCCRTT | TCATAGCCTTGGTRGGCCRTT
262,21,8,3,1,0.3458035526985029,0.3458035526985029,0.4018353229946696,8,TCGTCGCCTTGGTRRGCCRTT
262,21,8,3,2,0.4857473859353741,0.4857473859353741,0.5329167091020265,16,TCGTCGCCTTGGTRRGCCRTT | TCATCGCCTTGGTRRGCCKTT
262,21,8,3,3,0.5430671458638345,0.5430671458638345,0.6144603235585447,24,TCGTCGCCTTGGTRRGCCRTT | TCATCGCCTTGGTRRGCCKTT | TCGWAGCCTTGGTGRGCCRTT
262,21,8,3,4,0.5860968554976265,0.5860968554976265,0.6500725699914925,32,TCGTCGCCTTGGTRRGCCRTT | TCATCGCCTTGGTRRGCCKTT | TCGWAGCCTTGGTGRGCCRTT | TCRTCGCCTTGGTAGGCCMTY
262,21,8,3,5,0.6320723064262879,0.6320723064262879,0.6811607861546071,40,TCGTCGCCTTGGTRRGCCRTT | TCATCGCCTTGGTRRGCCKTT | TCGWAGCCTTGGTGRGCCRTT | TCRTCGCCTTGGTAGGCCMTY | TCGTYGCCTTGGTAGGCYKTT
262,21,8,3,6,0.6591687901315172,0.6591687901315172,0.7077543319563114,48,TCGTCGCCTTGGTRRGCCRTT | TCATCGCCTTGGTRRGCCKTT | TCGWAGCCTTGGTGRGCCRTT | TCRTCGCCTTGGTAGGCCMTY | TCGTYGCCTTGGTAGGCYKTT | TCATCGCCTTGGTGRGCYMTT
262,21,8,3,7,0.6963821594622743,0.6963821594622743,0.7225923011642253,54,TCGTCGCCTTGGTRRGCCRTT | TCATCGCCTTGGTRRGCCKTT | TCGWAGCCTTGGTGRGCCRTT | TCRTCGCCTTGGTAGGCCMTY | TCGTYGCCTTGGTAGGCYKTT | TCATCGCCTTGGTGRGCYMTT | TCATAGYCTTGGTAGGCCDTT
262,21,8,3,8,0.7197146277983121,0.7197146277983121,0.7399326550185918,62,TCGTCGCCTTGGTRRGCCRTT | TCATCGCCTTGGTRRGCCKTT | TCGWAGCCTTGGTGRGCCRTT | TCRTCGCCTTGGTAGGCCMTY | TCGTYGCCTTGGTAGGCYKTT | TCATCGCCTTGGTGRGCYMTT | TCATAGYCTTGGTAGGCCDTT | TCKTCGSCTTGGTGRGCCGTT
262,21,16,4,1,0.4351037886321927,0.4351037886321927,0.4840520730261972,12,TCGTCGCCTTGGTRRGCCDTT
262,21,16,4,2,0.5668894383904597,0.5668894383904597,0.6279598023960701,28,TCGTCGCCTTGGTRRGCCDTT | TCATMGCCTTGGTRRGCCRTT
262,21,16,4,3,0.6323296743534489,0.6323296743534489,0.6689511701841191,40,TCGTCGCCTTGGTRRGCCDTT | TCATMGCCTTGGTRRGCCRTT | TCGTYGCCTTGGTAGGCYBTT
262,21,16,4,4,0.6790602289252684,0.6790602289252684,0.7370027715870421,56,TCGTCGCCTTGGTRRGCCDTT | TCATMGCCTTGGTRRGCCRTT | TCGTYGCCTTGGTAGGCYBTT | TCGTWGCCTTGGTRRGCCRTT
262,21,16,4,5,0.7212782258672955,0.7212782258672955,0.7579575973771369,72,TCGTCGCCTTGGTRRGCCDTT | TCATMGCCTTGGTRRGCCRTT | TCGTYGCCTTGGTAGGCYBTT | TCGTWGCCTTGGTRRGCCRTT | TCATMGCCTTGGTRGGCYKTT
262,21,16,4,6,0.7546049041963102,0.7546049041963102,0.7856890417992343,88,TCGTCGCCTTGGTRRGCCDTT | TCATMGCCTTGGTRRGCCRTT | TCGTYGCCTTGGTAGGCYBTT | TCGTWGCCTTGGTRRGCCRTT | TCATMGCCTTGGTRGGCYKTT | TCWTYGCCTTGGTGRGCCKTT
262,21,16,4,7,0.7756358028301146,0.7756358028301146,0.8060575818347894,100,TCGTCGCCTTGGTRRGCCDTT | TCATMGCCTTGGTRRGCCRTT | TCGTYGCCTTGGTAGGCYBTT | TCGTWGCCTTGGTRRGCCRTT | TCATMGCCTTGGTRGGCYKTT | TCWTYGCCTTGGTGRGCCKTT | TCGTCGCCTTGGTGGGCCVYY
262,21,16,4,8,0.7957695795191247,0.7957695795191247,0.8168073733874518,116,TCGTCGCCTTGGTRRGCCDTT | TCATMGCCTTGGTRRGCCRTT | TCGTYGCCTTGGTAGGCYBTT | TCGTWGCCTTGGTRRGCCRTT | TCATMGCCTTGGTRGGCYKTT | TCWTYGCCTTGGTGRGCCKTT | TCGTCGCCTTGGTGGGCCVYY | TCATYGCCTTGGTGRGCYMTT
262,23,4,2,1,0.16092576992338817,0.16092576992338817,0.1786749514085583,4,CATCGTCGCCTTGGTGRGCCRTT
262,23,4,2,2,0.2300012729180313,0.2300012729180313,0.2461705351339738,8,CATCGTCGCCTTGGTGRGCCRTT | SATCGTCGCCTTGGTGGGCCKTT
262,23,4,2,3,0.282864776770612,0.282864776770612,0.3094130106174024,12,CATCGTCGCCTTGGTGRGCCRTT | SATCGTCGCCTTGGTGGGCCKTT | SATCGTCGCCTTGGTAGGCCRTT
262,23,4,2,4,0.3280437088648703,0.3280437088648703,0.37299992706690915,16,CATCGTCGCCTTGGTGRGCCRTT | SATCGTCGCCTTGGTGGGCCKTT | SATCGTCGCCTTGGTAGGCCRTT | CRTCATCGCCTTGGTGRGCCGTT
262,23,4,2,5,0.3411915545521216,0.3411915545521216,0.38586877419129323,20,CATCGTCGCCTTGGTGRGCCRTT | SATCGTCGCCTTGGTGGGCCKTT | SATCGTCGCCTTGGTAGGCCRTT | CRTCATCGCCTTGGTGRGCCGTT | CATCGTMGCCTTGGTGRGCCGTT
262,23,4,2,6,0.36835174577875995,0.36835174577875995,0.4081606808244611,24,CATCGTCGCCTTGGTGRGCCRTT | SATCGTCGCCTTGGTGGGCCKTT | SATCGTCGCCTTGGTAGGCCRTT | CRTCATCGCCTTGGTGRGCCGTT | CATCGTMGCCTTGGTGRGCCGTT | CRTCGTCGCCTTGGTAGGCCATY
262,23,8,3,1,0.21351486604451156,0.21351486604451156,0.24634955621683216,8,CATCGTCGCCTTGGTRRGCCRTT
262,23,8,3,2,0.3078602373711077,0.3078602373711077,0.3318964675509363,16,CATCGTCGCCTTGGTRRGCCRTT | SATCGTCGCCTTGGTGRGCCKTT
262,23,8,3,3,0.3876410442390689,0.3876410442390689,0.431263877093425,24,CATCGTCGCCTTGGTRRGCCRTT | SATCGTCGCCTTGGTGRGCCKTT | CRTCATMGCCTTGGTGRGCCGTT
262,23,8,3,4,0.4271193910087816,0.4271193910087816,0.4692334853354865,32,CATCGTCGCCTTGGTRRGCCRTT | SATCGTCGCCTTGGTGRGCCKTT | CRTCATMGCCTTGGTGRGCCGTT | CRTCRTCGCCTTGGTAGGCCATY
262,23,8,3,5,0.4608407866513051,0.4608407866513051,0.49993357886494044,40,CATCGTCGCCTTGGTRRGCCRTT | SATCGTCGCCTTGGTGRGCCKTT | CRTCATMGCCTTGGTGRGCCGTT | CRTCRTCGCCTTGGTAGGCCATY | SATCRTCGCCTTGGTAGGCCWTT
262,23,8,3,6,0.4833514088748587,0.4833514088748587,0.5163934733351634,48,CATCGTCGCCTTGGTRRGCCRTT | SATCGTCGCCTTGGTGRGCCKTT | CRTCATMGCCTTGGTGRGCCGTT | CRTCRTCGCCTTGGTAGGCCATY | SATCRTCGCCTTGGTAGGCCWTT | CATCGTCGCCTTGGTRGGCYSTT
262,23,8,3,7,0.49440708002148476,0.49440708002148476,0.5326801698249946,56,CATCGTCGCCTTGGTRRGCCRTT | SATCGTCGCCTTGGTGRGCCKTT | CRTCATMGCCTTGGTGRGCCGTT | CRTCRTCGCCTTGGTAGGCCATY | SATCRTCGCCTTGGTAGGCCWTT | CATCGTCGCCTTGGTRGGCYSTT | CATCGTYGCCTTGGTGRGCCRTT
262,23,16,4,1,0.294095711230527,0.294095711230527,0.3257236211227129,16,CATCRTCGCCTTGGTRRGCCRTT
262,23,16,4,2,0.39686718670252924,0.39686718670252924,0.4363570895760229,32,CATCRTCGCCTTGGTRRGCCRTT | SATCGTCGCCTTGGTRRGCCKTT
262,23,16,4,3,0.4257375798187269,0.4257375798187269,0.4603403118877758,48,CATCRTCGCCTTGGTRRGCCRTT | SATCGTCGCCTTGGTRRGCCKTT | CATCGTMGCCTTGGTRGGCYSTT
262,23,16,4,4,0.4946283314971132,0.4946283314971132,0.5212231655194272,64,CATCRTCGCCTTGGTRRGCCRTT | SATCGTCGCCTTGGTRRGCCKTT | CATCGTMGCCTTGGTRGGCYSTT | CRTCATMGCCTTGGTGRGCCKTT
262,23,16,4,5,0.5305718378840322,0.5305718378840322,0.563358190710226,80,CATCRTCGCCTTGGTRRGCCRTT | SATCGTCGCCTTGGTRRGCCKTT | CATCGTMGCCTTGGTRGGCYSTT | CRTCATMGCCTTGGTGRGCCKTT | CRTCGTYGCCTTGGTAGGCCRTY
262,23,16,4,6,0.5554990679680614,0.5554990679680614,0.6093030299766897,96,CATCRTCGCCTTGGTRRGCCRTT | SATCGTCGCCTTGGTRRGCCKTT | CATCGTMGCCTTGGTRGGCYSTT | CRTCATMGCCTTGGTGRGCCKTT | CRTCGTYGCCTTGGTAGGCCRTY | SRTCGTMGCCTTGGTGRGCCATT
262,23,16,4,7,0.5883717573953806,0.5883717573953806,0.6303698541532037,108,CATCRTCGCCTTGGTRRGCCRTT | SATCGTCGCCTTGGTRRGCCKTT | CATCGTMGCCTTGGTRGGCYSTT | CRTCATMGCCTTGGTGRGCCKTT | CRTCGTYGCCTTGGTAGGCCRTY | SRTCGTMGCCTTGGTGRGCCATT | CATCATMGCCTTGGTAGGCYDTT
263,19,4,2,1,0.2745407629321562,0.2745407629321562,0.3269209343587435,4,CGTCGCCTTGGTGRGCCRT
263,19,4,2,2,0.3827066053271943,0.3827066053271943,0.42134278686585364,7,CGTCGCCTTGGTGRGCCRT | CGTCGCCTTGGTAGGCCDT
263,19,4,2,3,0.46533370415088277,0.46533370415088277,0.49633326471460065,11,CGTCGCCTTGGTGRGCCRT | CGTCGCCTTGGTAGGCCDT | CATMGCCTTGGTGRGCCGT
263,19,4,2,4,0.5222517292713768,0.5222517292713768,0.5514530669201424,15,CGTCGCCTTGGTGRGCCRT | CGTCGCCTTGGTAGGCCDT | CATMGCCTTGGTGRGCCGT | CATCGCCTTGGTAGGCYWT
263,19,4,2,5,0.5528368563337233,0.5528368563337233,0.5744245412942381,19,CGTCGCCTTGGTGRGCCRT | CGTCGCCTTGGTAGGCCDT | CATMGCCTTGGTGRGCCGT | CATCGCCTTGGTAGGCYWT | CGTCGCCTTGGTGRGCCKT
263,19,4,2,6,0.5779333610277599,0.5779333610277599,0.6194855720981204,23,CGTCGCCTTGGTGRGCCRT | CGTCGCCTTGGTAGGCCDT | CATMGCCTTGGTGRGCCGT | CATCGCCTTGGTAGGCYWT | CGTCGCCTTGGTGRGCCKT | CGTAGCCTTGGTGRGCCRT
263,19,4,2,7,0.5941158466963822,0.5941158466963822,0.6405834322087904,27,CGTCGCCTTGGTGRGCCRT | CGTCGCCTTGGTAGGCCDT | CATMGCCTTGGTGRGCCGT | CATCGCCTTGGTAGGCYWT | CGTCGCCTTGGTGRGCCKT | CGTAGCCTTGGTGRGCCRT | CGTYGCCTTGGTAGGCCRT
263,19,4,2,8,0.6052855674949517,0.6052855674949517,0.6596451657654293,31,CGTCGCCTTGGTGRGCCRT | CGTCGCCTTGGTAGGCCDT | CATMGCCTTGGTGRGCCGT | CATCGCCTTGGTAGGCYWT | CGTCGCCTTGGTGRGCCKT | CGTAGCCTTGGTGRGCCRT | CGTYGCCTTGGTAGGCCRT | CATCGCCTTGGTGGGCYKT
263,19,8,3,1,0.3573626510054191,0.3573626510054191,0.4119544004920632,8,CGTCGCCTTGGTRRGCCRT
263,19,8,3,2,0.500651353445935,0.500651353445935,0.5262055647013659,16,CGTCGCCTTGGTRRGCCRT | CATCGCCTTGGTRRGCCKT
263,19,8,3,3,0.55861731496424,0.55861731496424,0.6070705779189572,24,CGTCGCCTTGGTRRGCCRT | CATCGCCTTGGTRRGCCKT | CGWAGCCTTGGTGRGCCRT
263,19,8,3,4,0.5915076210807216,0.5915076210807216,0.6435573475834087,32,CGTCGCCTTGGTRRGCCRT | CATCGCCTTGGTRRGCCKT | CGWAGCCTTGGTGRGCCRT | CATYGCCTTGGTAGGCYRT
263,19,8,3,5,0.644018235982504,0.644018235982504,0.6825875896451583,38,CGTCGCCTTGGTRRGCCRT | CATCGCCTTGGTRRGCCKT | CGWAGCCTTGGTGRGCCRT | CATYGCCTTGGTAGGCYRT | CGTCGCCTTGGTAGGCYBT
263,19,8,3,6,0.6625857155012062,0.6625857155012062,0.7117869878541766,46,CGTCGCCTTGGTRRGCCRT | CATCGCCTTGGTRRGCCKT | CGWAGCCTTGGTGRGCCRT | CATYGCCTTGGTAGGCYRT | CGTCGCCTTGGTAGGCYBT | CWTCGCCTTGGTGRGCYGT
263,19,8,3,7,0.6994642253414404,0.6994642253414404,0.7322103045890525,54,CGTCGCCTTGGTRRGCCRT | CATCGCCTTGGTRRGCCKT | CGWAGCCTTGGTGRGCCRT | CATYGCCTTGGTAGGCYRT | CGTCGCCTTGGTAGGCYBT | CWTCGCCTTGGTGRGCYGT | CATAGCCTTGGTRRGCCWT
263,19,8,3,8,0.7220083111057963,0.7220083111057963,0.7458089102113186,60,CGTCGCCTTGGTRRGCCRT | CATCGCCTTGGTRRGCCKT | CGWAGCCTTGGTGRGCCRT | CATYGCCTTGGTAGGCYRT | CGTCGCCTTGGTAGGCYBT | CWTCGCCTTGGTGRGCYGT | CATAGCCTTGGTRRGCCWT | CGTCGCCTTGGTGGGCYBT
263,19,16,4,1,0.444995042337974,0.444995042337974,0.48537096281377884,12,CGTCGCCTTGGTRRGCCDT
263,19,16,4,2,0.5721301313231201,0.5721301313231201,0.6128958470693424,28,CGTCGCCTTGGTRRGCCDT | CRTAGCCTTGGTRRGCCRT
263,19,16,4,3,0.6446072690713885,0.6446072690713885,0.6833089003599208,44,CGTCGCCTTGGTRRGCCDT | CRTAGCCTTGGTRRGCCRT | CATCGCCTTGGTRRGCYKT
263,19,16,4,4,0.6996653108145908,0.6996653108145908,0.7191225459318907,60,CGTCGCCTTGGTRRGCCDT | CRTAGCCTTGGTRRGCCRT | CATCGCCTTGGTRRGCYKT | CGTYGCCTTGGTRGGCYST
263,19,16,4,5,0.7312538954489399,0.7312538954489399,0.761840379708769,76,CGTCGCCTTGGTRRGCCDT | CRTAGCCTTGGTRRGCCRT | CATCGCCTTGGTRRGCYKT | CGTYGCCTTGGTRGGCYST | CATYGCCTTGGTRRGCYAT
263,19,16,4,6,0.7643193230398927,0.7643193230398927,0.7859296841107705,92,CGTCGCCTTGGTRRGCCDT | CRTAGCCTTGGTRRGCCRT | CATCGCCTTGGTRRGCYKT | CGTYGCCTTGGTRGGCYST | CATYGCCTTGGTRRGCYAT | CKTMGSCTTGGTGRGCCGT
263,19,16,4,7,0.7996135802692678,0.7996135802692678,0.805965493509479,108,CGTCGCCTTGGTRRGCCDT | CRTAGCCTTGGTRRGCCRT | CATCGCCTTGGTRRGCYKT | CGTYGCCTTGGTRGGCYST | CATYGCCTTGGTRRGCYAT | CKTMGSCTTGGTGRGCCGT | CGTWGYCTTGGTAGGCYWT
263,23,4,2,1,0.09648043459088736,0.09648043459088736,0.11324754396560342,4,CCATCGTCGCCTTGGTGRGCCRT
263,23,4,2,2,0.12752787338210325,0.12752787338210325,0.15259501236716574,8,CCATCGTCGCCTTGGTGRGCCRT | CSATCGTCGCCTTGGTGGGCCKT
263,23,4,2,3,0.1575658461209334,0.1575658461209334,0.18485462235480102,12,CCATCGTCGCCTTGGTGRGCCRT | CSATCGTCGCCTTGGTGGGCCKT | CCRTCRTCGCCTTGGTGGGCCGT
263,23,4,2,4,0.19157398015598062,0.19157398015598062,0.21344189569342567,16,CCATCGTCGCCTTGGTGRGCCRT | CSATCGTCGCCTTGGTGGGCCKT | CCRTCRTCGCCTTGGTGGGCCGT | CCATCGTCGCCTTGGTRGGCCRT
263,23,8,3,1,0.136516717880509,0.136516717880509,0.16924984644810714,8,CCRTCGTCGCCTTGGTGRGCCRT
263,23,8,3,2,0.2068188975563651,0.2068188975563651,0.2468307613134604,16,CCRTCGTCGCCTTGGTGRGCCRT | CSATCGTCGCCTTGGTRGGCCKT
263,23,8,3,3,0.220173434451295,0.220173434451295,0.2844241546308042,24,CCRTCGTCGCCTTGGTGRGCCRT | CSATCGTCGCCTTGGTRGGCCKT | CCATCRTCGCCTTGGTGRGCYGT
263,23,16,4,1,0.20275752936273325,0.20275752936273325,0.21723393151329773,16,CCRTCRTCGCCTTGGTGRGCCRT
263,23,16,4,2,0.3000348021415347,0.3000348021415347,0.32629357586622043,32,CCRTCRTCGCCTTGGTGRGCCRT | CSATCGTCGCCTTGGTRRGCCKT
264,17,4,2,1,0.28263412750731026,0.28263412750731026,0.33562897900793215,4,GTCGCCTTGGTGRGCCR
264,17,4,2,2,0.4014917025814624,0.4014917025814624,0.4315121288924473,8,GTCGCCTTGGTGRGCCR | RTCGCCTTGGTAGGCCK
264,17,4,2,3,0.45611613926151007,0.45611613926151007,0.4920669648156533,12,GTCGCCTTGGTGRGCCR | RTCGCCTTGGTAGGCCK | ATCGCCTTGGTGRGCCR
264,17,4,2,4,0.4833372884908666,0.4833372884908666,0.5192176602445807,16,GTCGCCTTGGTGRGCCR | RTCGCCTTGGTAGGCCK | ATCGCCTTGGTGRGCCR | GTCGCCTTGGTGGGCYK
264,17,4,2,5,0.5215764221610065,0.5215764221610065,0.5703338423248819,20,GTCGCCTTGGTGRGCCR | RTCGCCTTGGTAGGCCK | ATCGCCTTGGTGRGCCR | GTCGCCTTGGTGGGCYK | GTWGCCTTGGTAGGCCR
264,17,4,2,6,0.5447755459572555,0.5447755459572555,0.5924189289739676,24,GTCGCCTTGGTGRGCCR | RTCGCCTTGGTAGGCCK | ATCGCCTTGGTGRGCCR | GTCGCCTTGGTGGGCYK | GTWGCCTTGGTAGGCCR | ATCGCCTTGGTGGGCYK
264,17,4,2,7,0.5772538222105695,0.5772538222105695,0.6469242298358486,28,GTCGCCTTGGTGRGCCR | RTCGCCTTGGTAGGCCK | ATCGCCTTGGTGRGCCR | GTCGCCTTGGTGGGCYK | GTWGCCTTGGTAGGCCR | ATCGCCTTGGTGGGCYK | GTAGCCTTGGTGRGCCR
264,17,4,2,8,0.6109641121933518,0.6109641121933518,0.6695369117735216,32,GTCGCCTTGGTGRGCCR | RTCGCCTTGGTAGGCCK | ATCGCCTTGGTGRGCCR | GTCGCCTTGGTGGGCYK | GTWGCCTTGGTAGGCCR | ATCGCCTTGGTGGGCYK | GTAGCCTTGGTGRGCCR | ATMGCCTTGGTAGGCCR
264,17,8,3,1,0.3670468954120629,0.3670468954120629,0.422637691176087,8,GTCGCCTTGGTRRGCCR
264,17,8,3,2,0.5118720979260086,0.5118720979260086,0.5403681665205992,16,GTCGCCTTGGTRRGCCR | ATCGCCTTGGTRRGCCK
264,17,8,3,3,0.5727472932482144,0.5727472932482144,0.618963833439873,24,GTCGCCTTGGTRRGCCR | ATCGCCTTGGTRRGCCK | RTAGCCTTGGTGRGCCR
264,17,8,3,4,0.5944559092189422,0.5944559092189422,0.6665786533594433,32,GTCGCCTTGGTRRGCCR | ATCGCCTTGGTRRGCCK | RTAGCCTTGGTGRGCCR | ATCGCCTTGGTRGGCYR
264,17,8,3,5,0.6480157732518149,0.6480157732518149,0.7042953459124136,38,GTCGCCTTGGTRRGCCR | ATCGCCTTGGTRRGCCK | RTAGCCTTGGTGRGCCR | ATCGCCTTGGTRGGCYR | GTCGCCTTGGTAGGCYB
264,17,8,3,6,0.6840730624127622,0.6840730624127622,0.7364452661741923,46,GTCGCCTTGGTRRGCCR | ATCGCCTTGGTRRGCCK | RTAGCCTTGGTGRGCCR | ATCGCCTTGGTRGGCYR | GTCGCCTTGGTAGGCYB | RTWGCCTTGGTAGGCCR
264,17,8,3,7,0.7111027397995963,0.7111027397995963,0.756994941332057,54,GTCGCCTTGGTRRGCCR | ATCGCCTTGGTRRGCCK | RTAGCCTTGGTGRGCCR | ATCGCCTTGGTRGGCYR | GTCGCCTTGGTAGGCYB | RTWGCCTTGGTAGGCCR | WTYGCCTTGGTGRGCCG
264,17,8,3,8,0.738551400257983,0.738551400257983,0.7741511850758709,62,GTCGCCTTGGTRRGCCR | ATCGCCTTGGTRRGCCK | RTAGCCTTGGTGRGCCR | ATCGCCTTGGTRGGCYR | GTCGCCTTGGTAGGCYB | RTWGCCTTGGTAGGCCR | WTYGCCTTGGTGRGCCG | GTAGCCTTGGTGRGCYY
264,17,16,4,1,0.4560450484187341,0.4560450484187341,0.4993927379875373,12,GTCGCCTTGGTRRGCCD
264,17,16,4,2,0.5924152394650126,0.5924152394650126,0.6275909927349859,28,GTCGCCTTGGTRRGCCD | ATMGCCTTGGTRRGCCR
264,17,16,4,3,0.6420220380281101,0.6420220380281101,0.6847543993812969,44,GTCGCCTTGGTRRGCCD | ATMGCCTTGGTRRGCCR | GTMGCCTTGGTGRGCYS
264,17,16,4,4,0.6661390122203624,0.6661390122203624,0.7119963066064292,53,GTCGCCTTGGTRRGCCD | ATMGCCTTGGTRRGCCR | GTMGCCTTGGTGRGCYS | GTHGCCTTGGTAGGCCD
264,17,16,4,5,0.7137901805015314,0.7137901805015314,0.7476344635678438,69,GTCGCCTTGGTRRGCCD | ATMGCCTTGGTRRGCCR | GTMGCCTTGGTGRGCYS | GTHGCCTTGGTAGGCCD | WTCGCCTTGGTGRGCYK
264,17,16,4,6,0.762734648878181,0.762734648878181,0.7779453028991452,81,GTCGCCTTGGTRRGCCD | ATMGCCTTGGTRRGCCR | GTMGCCTTGGTGRGCYS | GTHGCCTTGGTAGGCCD | WTCGCCTTGGTGRGCYK | ATCGYCTTGGTAGGCYD
264,17,16,4,7,0.7874738363937931,0.7874738363937931,0.8101661656662653,97,GTCGCCTTGGTRRGCCD | ATMGCCTTGGTRRGCCR | GTMGCCTTGGTGRGCYS | GTHGCCTTGGTAGGCCD | WTCGCCTTGGTGRGCYK | ATCGYCTTGGTAGGCYD | GTWGSCTTGGTGRGCCR
263,21,4,2,1,0.23009887180002978,0.23009887180002978,0.2676027811273724,4,ATCGTCGCCTTGGTGRGCCRT
263,21,4,2,2,0.33177198721461004,0.33177198721461004,0.3616868515147577,7,ATCGTCGCCTTGGTGRGCCRT | ATCGTCGCCTTGGTAGGCCDT
263,21,4,2,3,0.3897904058444763,0.3897904058444763,0.4206426441740068,11,ATCGTCGCCTTGGTGRGCCRT | ATCGTCGCCTTGGTAGGCCDT | ATCATCGCCTTGGTGRGCCKT
263,21,4,2,4,0.3967257748274402,0.3967257748274402,0.44024553549890705,15,ATCGTCGCCTTGGTGRGCCRT | ATCGTCGCCTTGGTAGGCCDT | ATCATCGCCTTGGTGRGCCKT | ATCATCGCCTTGGTGGGCYKT
263,21,4,2,5,0.4301885399987862,0.4301885399987862,0.4581122414478449,19,ATCGTCGCCTTGGTGRGCCRT | ATCGTCGCCTTGGTAGGCCDT | ATCATCGCCTTGGTGRGCCKT | ATCATCGCCTTGGTGGGCYKT | ATCGTCGCCTTGGTGGGCYST
263,21,4,2,6,0.4691126659540897,0.4691126659540897,0.4852935412432114,23,ATCGTCGCCTTGGTGRGCCRT | ATCGTCGCCTTGGTAGGCCDT | ATCATCGCCTTGGTGRGCCKT | ATCATCGCCTTGGTGGGCYKT | ATCGTCGCCTTGGTGGGCYST | ATCATAGCCTTGGTARGCCRT
263,21,4,2,7,0.4842784425021916,0.4842784425021916,0.49920953688893993,27,ATCGTCGCCTTGGTGRGCCRT | ATCGTCGCCTTGGTAGGCCDT | ATCATCGCCTTGGTGRGCCKT | ATCATCGCCTTGGTGGGCYKT | ATCGTCGCCTTGGTGGGCYST | ATCATAGCCTTGGTARGCCRT | ATCGTMGSCTTGGTGGGCCGT
263,21,4,2,8,0.5008633719865491,0.5008633719865491,0.5146282874808129,31,ATCGTCGCCTTGGTGRGCCRT | ATCGTCGCCTTGGTAGGCCDT | ATCATCGCCTTGGTGRGCCKT | ATCATCGCCTTGGTGGGCYKT | ATCGTCGCCTTGGTGGGCYST | ATCATAGCCTTGGTARGCCRT | ATCGTMGSCTTGGTGGGCCGT | ATCATCGCCTTGGTRGGCCRT
263,21,8,3,1,0.30141156111676576,0.30141156111676576,0.350122833937706,8,ATCGTCGCCTTGGTRRGCCRT
263,21,8,3,2,0.42249488151569786,0.42249488151569786,0.45209904028052944,16,ATCGTCGCCTTGGTRRGCCRT | ATCATCGCCTTGGTRRGCCKT
263,21,8,3,3,0.45964037656700835,0.45964037656700835,0.4882621645746881,24,ATCGTCGCCTTGGTRRGCCRT | ATCATCGCCTTGGTRRGCCKT | ATCGTCGCCTTGGTGRGCYST
263,21,8,3,4,0.5310867885091969,0.5310867885091969,0.5585717639720432,32,ATCGTCGCCTTGGTRRGCCRT | ATCATCGCCTTGGTRRGCCKT | ATCGTCGCCTTGGTGRGCYST | RTCATAGCCTTGGTGRGCCRT
263,21,8,3,5,0.5781666199853445,0.5781666199853445,0.5969474432347823,40,ATCGTCGCCTTGGTRRGCCRT | ATCATCGCCTTGGTRRGCCKT | ATCGTCGCCTTGGTGRGCYST | RTCATAGCCTTGGTGRGCCRT | RTCRTMGCCTTGGTAGGCCAT
263,21,8,3,6,0.5990510570737286,0.5990510570737286,0.6183002889862945,48,ATCGTCGCCTTGGTRRGCCRT | ATCATCGCCTTGGTRRGCCKT | ATCGTCGCCTTGGTGRGCYST | RTCATAGCCTTGGTGRGCCRT | RTCRTMGCCTTGGTAGGCCAT | ATCGTMGSCTTGGTGRGCCGT
263,21,8,3,7,0.6437348731168502,0.6437348731168502,0.6466238877220895,56,ATCGTCGCCTTGGTRRGCCRT | ATCATCGCCTTGGTRRGCCKT | ATCGTCGCCTTGGTGRGCYST | RTCATAGCCTTGGTGRGCCRT | RTCRTMGCCTTGGTAGGCCAT | ATCGTMGSCTTGGTGRGCCGT | ATCGTYGCCTTGGTAGGCYKT
263,21,8,3,8,0.6540188254750466,0.6540188254750466,0.6589038172336338,64,ATCGTCGCCTTGGTRRGCCRT | ATCATCGCCTTGGTRRGCCKT | ATCGTCGCCTTGGTGRGCYST | RTCATAGCCTTGGTGRGCCRT | RTCRTMGCCTTGGTAGGCCAT | ATCGTMGSCTTGGTGRGCCGT | ATCGTYGCCTTGGTAGGCYKT | ATCGTCGCCWTGGTGRGCCKT
263,21,16,4,1,0.3809873331312034,0.3809873331312034,0.4199170501557778,12,ATCGTCGCCTTGGTRRGCCDT
263,21,16,4,2,0.44963381945257774,0.44963381945257774,0.5248293926716334,28,ATCGTCGCCTTGGTRRGCCDT | RTCATCGCCTTGGTGRGCYRT
263,21,16,4,3,0.5225774039533231,0.5225774039533231,0.6127378878443743,44,ATCGTCGCCTTGGTRRGCCDT | RTCATCGCCTTGGTGRGCYRT | RTCGTAGCCTTGGTRRGCCRT
263,21,16,4,4,0.5978754592228531,0.5978754592228531,0.6603318755151762,56,ATCGTCGCCTTGGTRRGCCDT | RTCATCGCCTTGGTGRGCYRT | RTCGTAGCCTTGGTRRGCCRT | ATCRTCGCCTTGGTAGGCYBT
263,21,16,4,5,0.6439191695712864,0.6439191695712864,0.7041035476260643,72,ATCGTCGCCTTGGTRRGCCDT | RTCATCGCCTTGGTGRGCYRT | RTCGTAGCCTTGGTRRGCCRT | ATCRTCGCCTTGGTAGGCYBT | RTCRTYGCCTTGGTAGGCCRT
263,21,16,4,6,0.6749511753839511,0.6749511753839511,0.724522511617577,88,ATCGTCGCCTTGGTRRGCCDT | RTCATCGCCTTGGTGRGCYRT | RTCGTAGCCTTGGTRRGCCRT | ATCRTCGCCTTGGTAGGCYBT | RTCRTYGCCTTGGTAGGCCRT | ATCRWWGCCTTGGTGRGCCGT
263,21,16,4,7,0.7077279030930228,0.7077279030930228,0.7491640978805624,104,ATCGTCGCCTTGGTRRGCCDT | RTCATCGCCTTGGTGRGCYRT | RTCGTAGCCTTGGTRRGCCRT | ATCRTCGCCTTGGTAGGCYBT | RTCRTYGCCTTGGTAGGCCRT | ATCRWWGCCTTGGTGRGCCGT | RTCWTCGCCTTGGTGRGCCKT
263,21,16,4,8,0.7448812793430558,0.7448812793430558,0.7665252772196784,120,ATCGTCGCCTTGGTRRGCCDT | RTCATCGCCTTGGTGRGCYRT | RTCGTAGCCTTGGTRRGCCRT | ATCRTCGCCTTGGTAGGCYBT | RTCRTYGCCTTGGTAGGCCRT | ATCRWWGCCTTGGTGRGCCGT | RTCWTCGCCTTGGTGRGCCKT | RTCATAGCCTTGGTARGCYWT
264,19,4,2,1,0.28027018428263084,0.28027018428263084,0.33218487284429427,4,TCGTCGCCTTGGTGRGCCR
264,19,4,2,2,0.39883899502810166,0.39883899502810166,0.42798080993242166,8,TCGTCGCCTTGGTGRGCCR | TCRTCGCCTTGGTAGGCCK
264,19,4,2,3,0.4534672570956064,0.4534672570956064,0.48861088726363405,12,TCGTCGCCTTGGTGRGCCR | TCRTCGCCTTGGTAGGCCK | TCATCGCCTTGGTGRGCCR
264,19,4,2,4,0.47738388317920827,0.47738388317920827,0.515121789669171,16,TCGTCGCCTTGGTGRGCCR | TCRTCGCCTTGGTAGGCCK | TCATCGCCTTGGTGRGCCR | TCGTCGCCTTGGTGGGCYK
264,19,4,2,5,0.5155493717863349,0.5155493717863349,0.5653350616318858,20,TCGTCGCCTTGGTGRGCCR | TCRTCGCCTTGGTAGGCCK | TCATCGCCTTGGTGRGCCR | TCGTCGCCTTGGTGGGCYK | TCGTWGCCTTGGTAGGCCR
264,19,4,2,6,0.5387484955825838,0.5387484955825838,0.5873701227827643,24,TCGTCGCCTTGGTGRGCCR | TCRTCGCCTTGGTAGGCCK | TCATCGCCTTGGTGRGCCR | TCGTCGCCTTGGTGGGCYK | TCGTWGCCTTGGTAGGCCR | TCATCGCCTTGGTGGGCYK
264,19,4,2,7,0.5712355155786568,0.5712355155786568,0.6412571628447917,28,TCGTCGCCTTGGTGRGCCR | TCRTCGCCTTGGTAGGCCK | TCATCGCCTTGGTGRGCCR | TCGTCGCCTTGGTGGGCYK | TCGTWGCCTTGGTAGGCCR | TCATCGCCTTGGTGGGCYK | TCGTAGCCTTGGTGRGCCR
264,19,4,2,8,0.6047468854136698,0.6047468854136698,0.6638454608952863,32,TCGTCGCCTTGGTGRGCCR | TCRTCGCCTTGGTAGGCCK | TCATCGCCTTGGTGRGCCR | TCGTCGCCTTGGTGGGCYK | TCGTWGCCTTGGTAGGCCR | TCATCGCCTTGGTGGGCYK | TCGTAGCCTTGGTGRGCCR | TCATMGCCTTGGTAGGCCR
264,19,8,3,1,0.3640604418664628,0.3640604418664628,0.41878349821333916,8,TCGTCGCCTTGGTRRGCCR
264,19,8,3,2,0.5091610468594628,0.5091610468594628,0.536328386332032,16,TCGTCGCCTTGGTRRGCCR | TCATCGCCTTGGTRRGCCK
264,19,8,3,3,0.5686358504876331,0.5686358504876331,0.6177175747243395,24,TCGTCGCCTTGGTRRGCCR | TCATCGCCTTGGTRRGCCK | TCGWAGCCTTGGTGRGCCR
264,19,8,3,4,0.6021679081715449,0.6021679081715449,0.6542041490181071,32,TCGTCGCCTTGGTRRGCCR | TCATCGCCTTGGTRRGCCK | TCGWAGCCTTGGTGRGCCR | TCATYGCCTTGGTAGGCYR
264,19,8,3,5,0.6546851460136545,0.6546851460136545,0.6934211880110763,38,TCGTCGCCTTGGTRRGCCR | TCATCGCCTTGGTRRGCCK | TCGWAGCCTTGGTGRGCCR | TCATYGCCTTGGTAGGCYR | TCGTCGCCTTGGTAGGCYB
264,19,8,3,6,0.6732526255323568,0.6732526255323568,0.7226889170061774,46,TCGTCGCCTTGGTRRGCCR | TCATCGCCTTGGTRRGCCK | TCGWAGCCTTGGTGRGCCR | TCATYGCCTTGGTAGGCYR | TCGTCGCCTTGGTAGGCYB | TCWTCGCCTTGGTGRGCYG
264,19,8,3,7,0.6913642090828881,0.6913642090828881,0.7366081630441491,54,TCGTCGCCTTGGTRRGCCR | TCATCGCCTTGGTRRGCCK | TCGWAGCCTTGGTGRGCCR | TCATYGCCTTGGTAGGCYR | TCGTCGCCTTGGTAGGCYB | TCWTCGCCTTGGTGRGCYG | TCATAGCCTTGGTRRGCCK
264,19,8,3,8,0.7066571831675947,0.7066571831675947,0.7546174996870731,62,TCGTCGCCTTGGTRRGCCR | TCATCGCCTTGGTRRGCCK | TCGWAGCCTTGGTGRGCCR | TCATYGCCTTGGTAGGCYR | TCGTCGCCTTGGTAGGCYB | TCWTCGCCTTGGTGRGCYG | TCATAGCCTTGGTRRGCCK | TCATYGCCTTGGTGRGCCR
264,19,16,4,1,0.45265205055023766,0.45265205055023766,0.49542853750675014,12,TCGTCGCCTTGGTRRGCCD
264,19,16,4,2,0.5893950738981387,0.5893950738981387,0.6230726954761676,28,TCGTCGCCTTGGTRRGCCD | TCATMGCCTTGGTRRGCCR
264,19,16,4,3,0.6389265879464555,0.6389265879464555,0.6799114172249238,44,TCGTCGCCTTGGTRRGCCD | TCATMGCCTTGGTRRGCCR | TCGTMGCCTTGGTGRGCYS
264,19,16,4,4,0.6631767739492674,0.6631767739492674,0.707335055373509,53,TCGTCGCCTTGGTRRGCCD | TCATMGCCTTGGTRRGCCR | TCGTMGCCTTGGTGRGCYS | TCGTHGCCTTGGTAGGCCD
264,19,16,4,5,0.7107897534891235,0.7107897534891235,0.7429760453643892,69,TCGTCGCCTTGGTRRGCCD | TCATMGCCTTGGTRRGCCR | TCGTMGCCTTGGTGRGCYS | TCGTHGCCTTGGTAGGCCD | TCWTCGCCTTGGTGRGCYK
264,19,16,4,6,0.7565066226865667,0.7565066226865667,0.77263900660158,81,TCGTCGCCTTGGTRRGCCD | TCATMGCCTTGGTRRGCCR | TCGTMGCCTTGGTGRGCYS | TCGTHGCCTTGGTAGGCCD | TCWTCGCCTTGGTGRGCYK | TCATCGYCTTGGTAGGCYD
264,19,16,4,7,0.7811655421988378,0.7811655421988378,0.8040728237867264,97,TCGTCGCCTTGGTRRGCCD | TCATMGCCTTGGTRRGCCR | TCGTMGCCTTGGTGRGCYS | TCGTHGCCTTGGTAGGCCD | TCWTCGCCTTGGTGRGCYK | TCATCGYCTTGGTAGGCYD | TCGTWGSCTTGGTGRGCCR
264,23,4,2,1,0.07911773619467218,0.07911773619467218,0.10051377202873397,4,CCCATCGTCGCCTTGGTGRGCCR
264,23,4,2,2,0.10956435885351863,0.10956435885351863,0.13342491890222344,8,CCCATCGTCGCCTTGGTGRGCCR | CCSATCGTCGCCTTGGTGGGCCK
264,23,4,2,3,0.13969826108060407,0.13969826108060407,0.16859025463223673,12,CCCATCGTCGCCTTGGTGRGCCR | CCSATCGTCGCCTTGGTGGGCCK | CCCATCGTCGCCTTGGTRGGCCR
264,23,4,2,4,0.15829972717436355,0.15829972717436355,0.19573623024896167,16,CCCATCGTCGCCTTGGTGRGCCR | CCSATCGTCGCCTTGGTGGGCCK | CCCATCGTCGCCTTGGTRGGCCR | CCCRTCRTCGCCTTGGTGGGCCG
264,23,8,3,1,0.12180850581796128,0.12180850581796128,0.15710502567993923,8,CCCRTCGTCGCCTTGGTGRGCCR
264,23,8,3,2,0.17876998309882985,0.17876998309882985,0.2280001075776853,16,CCCRTCGTCGCCTTGGTGRGCCR | CCSATCGTCGCCTTGGTRGGCCK
264,23,8,3,3,0.18315505411733926,0.18315505411733926,0.2633941337163263,24,CCCRTCGTCGCCTTGGTGRGCCR | CCSATCGTCGCCTTGGTRGGCCK | CCCATCRTCGCCTTGGTGRGCYG
264,23,16,4,1,0.16806519051297455,0.16806519051297455,0.20170833679165198,16,CCCRTCGTCGCCTTGGTRRGCCR
264,23,16,4,2,0.2370570463869981,0.2370570463869981,0.2891224096680914,32,CCCRTCGTCGCCTTGGTRRGCCR | CCSATCGTCGCCTTGGTRRGCCK
264,23,16,4,3,0.2618706490953497,0.2618706490953497,0.33238157525245104,48,CCCRTCGTCGCCTTGGTRRGCCR | CCSATCGTCGCCTTGGTRRGCCK | CCCATCRTCGCCTTGGTGRGCYK
264,23,16,4,4,0.2677391936962886,0.2677391936962886,0.3338388261867323,50,CCCRTCGTCGCCTTGGTRRGCCR | CCSATCGTCGCCTTGGTRRGCCK | CCCATCRTCGCCTTGGTGRGCYK | CCYATCGTCGCCTTGGTGGGCCG
264,21,4,2,1,0.16443823266080196,0.16443823266080196,0.18338756566653058,4,CATCGTCGCCTTGGTGRGCCR
264,21,4,2,2,0.2331645373358254,0.2331645373358254,0.25007088817400264,8,CATCGTCGCCTTGGTGRGCCR | SATCGTCGCCTTGGTGGGCCK
264,21,4,2,3,0.3073610855039853,0.3073610855039853,0.3163879741313986,12,CATCGTCGCCTTGGTGRGCCR | SATCGTCGCCTTGGTGGGCCK | CRTCGTCGCCTTGGTAGGCCR
264,21,4,2,4,0.35200415854552064,0.35200415854552064,0.36743110882572133,16,CATCGTCGCCTTGGTGRGCCR | SATCGTCGCCTTGGTGGGCCK | CRTCGTCGCCTTGGTAGGCCR | CRTCATCGCCTTGGTGRGCCG
264,21,4,2,5,0.36555752441546935,0.36555752441546935,0.3800434594254458,20,CATCGTCGCCTTGGTGRGCCR | SATCGTCGCCTTGGTGGGCCK | CRTCGTCGCCTTGGTAGGCCR | CRTCATCGCCTTGGTGRGCCG | CATCGTMGCCTTGGTGRGCCG
264,21,8,3,1,0.22909851673843987,0.22909851673843987,0.26264222986802893,8,CATCGTCGCCTTGGTRRGCCR
264,21,8,3,2,0.31996150551561275,0.31996150551561275,0.34562275489805955,16,CATCGTCGCCTTGGTRRGCCR | SATCGTCGCCTTGGTGRGCCK
264,21,8,3,3,0.363002586885902,0.363002586885902,0.4126437281088789,24,CATCGTCGCCTTGGTRRGCCR | SATCGTCGCCTTGGTGRGCCK | CRTCATCGCCTTGGTGRGCYG
264,21,8,3,4,0.3939535888762382,0.3939535888762382,0.4441565959816551,32,CATCGTCGCCTTGGTRRGCCR | SATCGTCGCCTTGGTGRGCCK | CRTCATCGCCTTGGTGRGCYG | SATCGTCGCCTTGGTAGGCYK
264,21,8,3,5,0.45412145984026936,0.45412145984026936,0.47779572864370307,40,CATCGTCGCCTTGGTRRGCCR | SATCGTCGCCTTGGTGRGCCK | CRTCATCGCCTTGGTGRGCYG | SATCGTCGCCTTGGTAGGCYK | CATCATCGCCTTGGTRRGCCW
264,21,8,3,6,0.492021801042062,0.492021801042062,0.535596284760156,48,CATCGTCGCCTTGGTRRGCCR | SATCGTCGCCTTGGTGRGCCK | CRTCATCGCCTTGGTGRGCYG | SATCGTCGCCTTGGTAGGCYK | CATCATCGCCTTGGTRRGCCW | CRTCGTAGCCTTGGTGRGCCR
264,21,8,3,7,0.5138441795105976,0.5138441795105976,0.5549046051654294,56,CATCGTCGCCTTGGTRRGCCR | SATCGTCGCCTTGGTGRGCCK | CRTCATCGCCTTGGTGRGCYG | SATCGTCGCCTTGGTAGGCYK | CATCATCGCCTTGGTRRGCCW | CRTCGTAGCCTTGGTGRGCCR | SATCGTCGCCTTGGTAGGCYS
264,21,8,3,8,0.5542125074444182,0.5542125074444182,0.5802357694908585,64,CATCGTCGCCTTGGTRRGCCR | SATCGTCGCCTTGGTGRGCCK | CRTCATCGCCTTGGTGRGCYG | SATCGTCGCCTTGGTAGGCYK | CATCATCGCCTTGGTRRGCCW | CRTCGTAGCCTTGGTGRGCCR | SATCGTCGCCTTGGTAGGCYS | CRTCATYGCCTTGGTAGGCCR
264,21,16,4,1,0.31139319509530156,0.31139319509530156,0.330808951764129,16,CATCRTCGCCTTGGTRRGCCR
264,21,16,4,2,0.405676261243312,0.405676261243312,0.4373731494766486,32,CATCRTCGCCTTGGTRRGCCR | SATCGTCGCCTTGGTGRGCYK
264,21,16,4,3,0.45798949070209877,0.45798949070209877,0.5138968999854553,48,CATCRTCGCCTTGGTRRGCCR | SATCGTCGCCTTGGTGRGCYK | CRTCGTMGCCTTGGTGRGCCR
264,21,16,4,4,0.5142531334305113,0.5142531334305113,0.5536171260666276,64,CATCRTCGCCTTGGTRRGCCR | SATCGTCGCCTTGGTGRGCYK | CRTCGTMGCCTTGGTGRGCCR | CRTCATMGCCTTGGTAGGCYK
264,21,16,4,5,0.5413418949171329,0.5413418949171329,0.5901307392915786,76,CATCRTCGCCTTGGTRRGCCR | SATCGTCGCCTTGGTGRGCYK | CRTCGTMGCCTTGGTGRGCCR | CRTCATMGCCTTGGTAGGCYK | SATCGTYGCCTTGGTAGGCCD
264,21,16,4,6,0.5718787788184548,0.5718787788184548,0.614187623802038,92,CATCRTCGCCTTGGTRRGCCR | SATCGTCGCCTTGGTGRGCYK | CRTCGTMGCCTTGGTGRGCCR | CRTCATMGCCTTGGTAGGCYK | SATCGTYGCCTTGGTAGGCCD | CRTCWTYGCCTTGGTGRGCCG
264,21,16,4,7,0.6104152162106294,0.6104152162106294,0.6438351423513676,108,CATCRTCGCCTTGGTRRGCCR | SATCGTCGCCTTGGTGRGCYK | CRTCGTMGCCTTGGTGRGCCR | CRTCATMGCCTTGGTAGGCYK | SATCGTYGCCTTGGTAGGCCD | CRTCWTYGCCTTGGTGRGCCG | CRTCGTMGCCTTGGTAGGCYM
264,21,16,4,8,0.616867595003521,0.616867595003521,0.6603360222238845,124,CATCRTCGCCTTGGTRRGCCR | SATCGTCGCCTTGGTGRGCYK | CRTCGTMGCCTTGGTGRGCCR | CRTCATMGCCTTGGTAGGCYK | SATCGTYGCCTTGGTAGGCCD | CRTCWTYGCCTTGGTGRGCCG | CRTCGTMGCCTTGGTAGGCYM | SATCATYGCCTTGGTGGGCYM
265,17,4,2,1,0.46439026131914596,0.46439026131914596,0.49820544505084463,4,CGTCGCCTTGGTRRGCC
265,17,4,2,2,0.5855413436644886,0.5855413436644886,0.6017693271113026,8,CGTCGCCTTGGTRRGCC | CATAGCCTTGGTRRGCC
265,17,4,2,3,0.6430903254573622,0.6430903254573622,0.6633610509126545,12,CGTCGCCTTGGTRRGCC | CATAGCCTTGGTRRGCC | CRTCGCCTTGGTGGGCY
265,17,4,2,4,0.7050233437196579,0.7050233437196579,0.7058038886796535,16,CGTCGCCTTGGTRRGCC | CATAGCCTTGGTRRGCC | CRTCGCCTTGGTGGGCY | CRTCGCCTTGGTAGGCY
265,17,4,2,5,0.7364395497440345,0.7364395497440345,0.7477902437065885,20,CGTCGCCTTGGTRRGCC | CATAGCCTTGGTRRGCC | CRTCGCCTTGGTGGGCY | CRTCGCCTTGGTAGGCY | CGTAGCCTTGGTRRGCC
265,17,4,2,6,0.7654066221102197,0.7654066221102197,0.7748634393004915,24,CGTCGCCTTGGTRRGCC | CATAGCCTTGGTRRGCC | CRTCGCCTTGGTGGGCY | CRTCGCCTTGGTAGGCY | CGTAGCCTTGGTRRGCC | CATYGCCTTGGTGRGCC
265,17,4,2,7,0.790494834220368,0.790494834220368,0.7947730090307848,28,CGTCGCCTTGGTRRGCC | CATAGCCTTGGTRRGCC | CRTCGCCTTGGTGGGCY | CRTCGCCTTGGTAGGCY | CGTAGCCTTGGTRRGCC | CATYGCCTTGGTGRGCC | CGTYGCCTTGGTAGGCY
265,17,4,2,8,0.7990818718502378,0.7990818718502378,0.8046330068238178,32,CGTCGCCTTGGTRRGCC | CATAGCCTTGGTRRGCC | CRTCGCCTTGGTGGGCY | CRTCGCCTTGGTAGGCY | CGTAGCCTTGGTRRGCC | CATYGCCTTGGTGRGCC | CGTYGCCTTGGTAGGCY | CGTCGSCTTGGTGGKCC
265,17,8,3,1,0.5516809664046772,0.5516809664046772,0.5969063328317716,8,CGTMGCCTTGGTRRGCC
265,17,8,3,2,0.6922673797583996,0.6922673797583996,0.7269011872756176,16,CGTMGCCTTGGTRRGCC | CATCGCCTTGGTRRGCY
265,17,8,3,3,0.7686603748070892,0.7686603748070892,0.7822078605127308,24,CGTMGCCTTGGTRRGCC | CATCGCCTTGGTRRGCY | CATWGCCTTGGTRRGCC
265,17,8,3,4,0.8122629068590582,0.8141003101276643,0.8122629068590582,32,CGTMGCCTTGGTRRGCC | CATCGCCTTGGTRRGCY | CATWGCCTTGGTRRGCC | CGTYGCCTTGGTRGGCY
265,17,8,3,5,0.8295595395071435,0.8295595395071435,0.8331442459675801,40,CGTMGCCTTGGTRRGCC | CATCGCCTTGGTRRGCY | CATWGCCTTGGTRRGCC | CGTYGCCTTGGTRGGCY | CKTCGSCTTGGTGGKCC
265,17,8,3,6,0.8433196566312966,0.8433196566312966,0.8487122643606321,48,CGTMGCCTTGGTRRGCC | CATCGCCTTGGTRRGCY | CATWGCCTTGGTRRGCC | CGTYGCCTTGGTRGGCY | CKTCGSCTTGGTGGKCC | CGYAGSCTTGGTGRGCC
265,17,8,3,7,0.8451243844427049,0.8451243844427049,0.8600702945594717,56,CGTMGCCTTGGTRRGCC | CATCGCCTTGGTRRGCY | CATWGCCTTGGTRRGCC | CGTYGCCTTGGTRGGCY | CKTCGSCTTGGTGGKCC | CGYAGSCTTGGTGRGCC | CATCGCCTTGGTARRCM
265,17,8,3,8,0.8616350893608403,0.8616350893608403,0.8681461111653056,64,CGTMGCCTTGGTRRGCC | CATCGCCTTGGTRRGCY | CATWGCCTTGGTRRGCC | CGTYGCCTTGGTRGGCY | CKTCGSCTTGGTGGKCC | CGYAGSCTTGGTGRGCC | CATCGCCTTGGTARRCM | CWYAGCCTTGGTAGGCY
265,17,16,4,1,0.6618327352397135,0.6618327352397135,0.6813927037492068,16,CRTMGCCTTGGTRRGCC
265,17,16,4,2,0.789138201543563,0.789138201543563,0.8073890334773067,32,CRTMGCCTTGGTRRGCC | CGTYGCCTTGGTRRGCY
265,17,16,4,3,0.8202751828503709,0.8202751828503709,0.8420738554546991,48,CRTMGCCTTGGTRRGCC | CGTYGCCTTGGTRRGCY | CWTYGCCTTGGTGRKCC
265,17,16,4,4,0.857013451343799,0.8655723756374031,0.857013451343799,64,CRTMGCCTTGGTRRGCC | CGTYGCCTTGGTRRGCY | CWTYGCCTTGGTGRKCC | CATWGYCTTGGTARGCY
265,17,16,4,5,0.8758959391477448,0.8872444605658037,0.8758959391477448,80,CRTMGCCTTGGTRRGCC | CGTYGCCTTGGTRRGCY | CWTYGCCTTGGTGRKCC | CATWGYCTTGGTARGCY | CRTMGSCTTGGTGGGCY
265,17,16,4,6,0.8876419089043535,0.8876419089043535,0.8880106835219022,92,CRTMGCCTTGGTRRGCC | CGTYGCCTTGGTRRGCY | CWTYGCCTTGGTGRKCC | CATWGYCTTGGTARGCY | CRTMGSCTTGGTGGGCY | CATCGCCWTGGTAGDCM
265,17,16,4,7,0.9003898474944395,0.9003898474944395,0.9020571390383166,108,CRTMGCCTTGGTRRGCC | CGTYGCCTTGGTRRGCY | CWTYGCCTTGGTGRKCC | CATWGYCTTGGTARGCY | CRTMGSCTTGGTGGGCY | CATCGCCWTGGTAGDCM | CKWAGSCTTGGTRGGCC
265,19,4,2,1,0.3979416883289593,0.3979416883289593,0.4314488449784179,4,ATCGTCGCCTTGGTRRGCC
265,19,4,2,2,0.49159500208703716,0.49159500208703716,0.5248492737182409,8,ATCGTCGCCTTGGTRRGCC | ATCATCGCCTTGGTRGGCY
265,19,4,2,3,0.6021971223278119,0.6021971223278119,0.616257033688422,12,ATCGTCGCCTTGGTRRGCC | ATCATCGCCTTGGTRGGCY | GTCATAGCCTTGGTRRGCC
265,19,4,2,4,0.6324845198124274,0.6324845198124274,0.6352521681817752,16,ATCGTCGCCTTGGTRRGCC | ATCATCGCCTTGGTRGGCY | GTCATAGCCTTGGTRRGCC | ATCGTCGCCTTGGTRGGCY
265,19,4,2,5,0.6485462208873503,0.6485462208873503,0.6584173888785306,20,ATCGTCGCCTTGGTRRGCC | ATCATCGCCTTGGTRGGCY | GTCATAGCCTTGGTRRGCC | ATCGTCGCCTTGGTRGGCY | ATCGTMGCCTTGGTGRGCC
265,19,4,2,6,0.6558095620039325,0.6558095620039325,0.667294034253973,24,ATCGTCGCCTTGGTRRGCC | ATCATCGCCTTGGTRGGCY | GTCATAGCCTTGGTRRGCC | ATCGTCGCCTTGGTRGGCY | ATCGTMGCCTTGGTGRGCC | ATCGTCGSCTTGGTGGKCC
265,19,4,2,7,0.6827926326555646,0.6827926326555646,0.6845757013265373,28,ATCGTCGCCTTGGTRRGCC | ATCATCGCCTTGGTRGGCY | GTCATAGCCTTGGTRRGCC | ATCGTCGCCTTGGTRGGCY | ATCGTMGCCTTGGTGRGCC | ATCGTCGSCTTGGTGGKCC | ATCATCGYCTTGGTARGCC
265,19,4,2,8,0.7002327129112039,0.7002327129112039,0.7035819495489899,32,ATCGTCGCCTTGGTRRGCC | ATCATCGCCTTGGTRGGCY | GTCATAGCCTTGGTRRGCC | ATCGTCGCCTTGGTRGGCY | ATCGTMGCCTTGGTGRGCC | ATCGTCGSCTTGGTGGKCC | ATCATCGYCTTGGTARGCC | ATCGTYGCCTTGGTGRGCC
265,19,8,3,1,0.48307131942938253,0.48307131942938253,0.5036247275103963,8,ATCRTCGCCTTGGTRRGCC
265,19,8,3,2,0.575227453995318,0.575227453995318,0.6089913679946183,16,ATCRTCGCCTTGGTRRGCC | RTCGTAGCCTTGGTRRGCC
265,19,8,3,3,0.6495891922170828,0.6495891922170828,0.6820590142486678,24,ATCRTCGCCTTGGTRRGCC | RTCGTAGCCTTGGTRRGCC | ATCRTCGCCTTGGTRGGCY
265,19,8,3,4,0.6705257297893364,0.6705257297893364,0.7098496157533312,32,ATCRTCGCCTTGGTRRGCC | RTCGTAGCCTTGGTRRGCC | ATCRTCGCCTTGGTRGGCY | RTCWTCGCCTTGGTGGKCC
265,19,8,3,5,0.7274303936178445,0.7274303936178445,0.7404366262163523,40,ATCRTCGCCTTGGTRRGCC | RTCGTAGCCTTGGTRRGCC | ATCRTCGCCTTGGTRGGCY | RTCWTCGCCTTGGTGGKCC | ATCRTWGCCTTGGTAGGCY
265,19,8,3,6,0.764591979663487,0.7675271515978709,0.764591979663487,48,ATCRTCGCCTTGGTRRGCC | RTCGTAGCCTTGGTRRGCC | ATCRTCGCCTTGGTRGGCY | RTCWTCGCCTTGGTGGKCC | ATCRTWGCCTTGGTAGGCY | GTCATMGCCTTGGTRRGCC
265,19,8,3,7,0.782159052508317,0.7845224062647759,0.782159052508317,56,ATCRTCGCCTTGGTRRGCC | RTCGTAGCCTTGGTRRGCC | ATCRTCGCCTTGGTRGGCY | RTCWTCGCCTTGGTGGKCC | ATCRTWGCCTTGGTAGGCY | GTCATMGCCTTGGTRRGCC | ATCGTYGSCTTGGTGRGCC
265,19,8,3,8,0.792570529678171,0.7936235467903163,0.792570529678171,64,ATCRTCGCCTTGGTRRGCC | RTCGTAGCCTTGGTRRGCC | ATCRTCGCCTTGGTRGGCY | RTCWTCGCCTTGGTGGKCC | ATCRTWGCCTTGGTAGGCY | GTCATMGCCTTGGTRRGCC | ATCGTYGSCTTGGTGRGCC | ATCATCGYCTTGGTGRRCC
265,19,16,4,1,0.5668598277072546,0.5668598277072546,0.5881397668784478,16,ATCRTCGCCTTGGTRRGCY
265,19,16,4,2,0.6982335577046261,0.6982335577046261,0.7292051127585228,32,ATCRTCGCCTTGGTRRGCY | RTCGWAGCCTTGGTRRGCC
265,19,16,4,3,0.7487705585329699,0.7487705585329699,0.7729605881705451,48,ATCRTCGCCTTGGTRRGCY | RTCGWAGCCTTGGTRRGCC | RTCATYGYCTTGGTARGCC
265,19,16,4,4,0.7828478021019655,0.7828478021019655,0.8077651259058473,64,ATCRTCGCCTTGGTRRGCY | RTCGWAGCCTTGGTRRGCC | RTCATYGYCTTGGTARGCC | RTCWTCGCCTTGGTGRKCC
265,19,16,4,5,0.8155722579153547,0.8155722579153547,0.8271806093320326,80,ATCRTCGCCTTGGTRRGCY | RTCGWAGCCTTGGTRRGCC | RTCATYGYCTTGGTARGCC | RTCWTCGCCTTGGTGRKCC | ATCAYAGSCTTGGTRGGCY
265,19,16,4,6,0.8256040460998905,0.8256040460998905,0.845602934057638,96,ATCRTCGCCTTGGTRRGCY | RTCGWAGCCTTGGTRRGCC | RTCATYGYCTTGGTARGCC | RTCWTCGCCTTGGTGRKCC | ATCAYAGSCTTGGTRGGCY | GTCGTYGCCTTGGTRRGCY
265,19,16,4,7,0.8431582981902167,0.8431582981902167,0.862460203507847,112,ATCRTCGCCTTGGTRRGCY | RTCGWAGCCTTGGTRRGCC | RTCATYGYCTTGGTARGCC | RTCWTCGCCTTGGTGRKCC | ATCAYAGSCTTGGTRGGCY | GTCGTYGCCTTGGTRRGCY | ATCGTYGSCTYGGTGRGCC
265,19,16,4,8,0.8567271744944711,0.8567271744944711,0.8717022214666014,128,ATCRTCGCCTTGGTRRGCY | RTCGWAGCCTTGGTRRGCC | RTCATYGYCTTGGTARGCC | RTCWTCGCCTTGGTGRKCC | ATCAYAGSCTTGGTRGGCY | GTCGTYGCCTTGGTRRGCY | ATCGTYGSCTYGGTGRGCC | GTCATAGSCTTGGTRRGCY
265,23,4,2,1,0.14136128060227726,0.14136128060227726,0.1750895281170969,4,ACCCRTCGTCGCCTTGGTGRGCC
265,23,4,2,2,0.20354272205426108,0.20354272205426108,0.2556301552024712,8,ACCCRTCGTCGCCTTGGTGRGCC | ACCSATCGTCGCCTTGGTRGGCC
265,23,4,2,3,0.2229223685513123,0.2229223685513123,0.28614947217817593,12,ACCCRTCGTCGCCTTGGTGRGCC | ACCSATCGTCGCCTTGGTRGGCC | ACCCATCRTCGCCTTGGTGGGCY
265,23,4,2,4,0.236476750165313,0.236476750165313,0.2894882130785558,16,ACCCRTCGTCGCCTTGGTGRGCC | ACCSATCGTCGCCTTGGTRGGCC | ACCCATCRTCGCCTTGGTGGGCY | AMCCATCRTCGCCTTGGTGGGCC
265,23,8,3,1,0.19816943951589208,0.19816943951589208,0.2309257346346882,8,ACCCRTCGTCGCCTTGGTRRGCC
265,23,8,3,2,0.2883883914616646,0.2883883914616646,0.32566159411617246,16,ACCCRTCGTCGCCTTGGTRRGCC | ACYSATCGTCGCCTTGGTGRGCC
265,23,8,3,3,0.3524700540404177,0.3524700540404177,0.3915378493877511,24,ACCCRTCGTCGCCTTGGTRRGCC | ACYSATCGTCGCCTTGGTGRGCC | ACCCRTCATCGCCTTGGTGRGCY
265,23,8,3,4,0.4031045383550012,0.4031045383550012,0.43519122851206493,32,ACCCRTCGTCGCCTTGGTRRGCC | ACYSATCGTCGCCTTGGTGRGCC | ACCCRTCATCGCCTTGGTGRGCY | ACCSATCGTYGCCTTGGTAGGCY
265,23,8,3,5,0.42273072273259965,0.42273072273259965,0.45938129447170933,40,ACCCRTCGTCGCCTTGGTRRGCC | ACYSATCGTCGCCTTGGTGRGCC | ACCCRTCATCGCCTTGGTGRGCY | ACCSATCGTYGCCTTGGTAGGCY | ACSYATCGTCGCCTTGGTGRGCC
265,23,16,4,1,0.2699355766685231,0.2699355766685231,0.32248508131786663,16,ACCSRTCGTCGCCTTGGTRRGCC
265,23,16,4,2,0.34013307400049936,0.34013307400049936,0.3957588691064606,32,ACCSRTCGTCGCCTTGGTRRGCC | ACCCRTCRTCGCCTTGGTGRGCY
265,23,16,4,3,0.369206107750982,0.369206107750982,0.43442725608174726,48,ACCSRTCGTCGCCTTGGTRRGCC | ACCCRTCRTCGCCTTGGTGRGCY | ACCYATCGTYGCCTTGGTRRGCC
266,17,4,2,1,0.5233860892521547,0.5233860892521547,0.572110729975716,4,TCGTCGCCTTGGTRRGC
266,17,4,2,2,0.6678170898018086,0.6678170898018086,0.6913290352201712,8,TCGTCGCCTTGGTRRGC | TCATAGCCTTGGTRRGC
266,17,4,2,3,0.6891944012115427,0.6891944012115427,0.7110938149823217,12,TCGTCGCCTTGGTRRGC | TCATAGCCTTGGTRRGC | TCRTCGCCTTGGTGSGC
266,17,4,2,4,0.707688520648109,0.707688520648109,0.7404204679358078,16,TCGTCGCCTTGGTRRGC | TCATAGCCTTGGTRRGC | TCRTCGCCTTGGTGSGC | TCGTMGCCTTGGTGRGC
266,17,4,2,5,0.7676509309628002,0.7676509309628002,0.7768437000528081,20,TCGTCGCCTTGGTRRGC | TCATAGCCTTGGTRRGC | TCRTCGCCTTGGTGSGC | TCGTMGCCTTGGTGRGC | TCATYGCCTTGGTARGC
266,17,4,2,6,0.7836598718192586,0.7836598718192586,0.786367647179942,24,TCGTCGCCTTGGTRRGC | TCATAGCCTTGGTRRGC | TCRTCGCCTTGGTGSGC | TCGTMGCCTTGGTGRGC | TCATYGCCTTGGTARGC | TCGTCGCCTTGGTGKKC
266,17,4,2,7,0.7966577873340772,0.7966577873340772,0.7969457869025534,28,TCGTCGCCTTGGTRRGC | TCATAGCCTTGGTRRGC | TCRTCGCCTTGGTGSGC | TCGTMGCCTTGGTGRGC | TCATYGCCTTGGTARGC | TCGTCGCCTTGGTGKKC | TCGTYGSCTTGGTGGGC
266,17,4,2,8,0.8040103892986951,0.8080142001946357,0.8040103892986951,32,TCGTCGCCTTGGTRRGC | TCATAGCCTTGGTRRGC | TCRTCGCCTTGGTGSGC | TCGTMGCCTTGGTGRGC | TCATYGCCTTGGTARGC | TCGTCGCCTTGGTGKKC | TCGTYGSCTTGGTGGGC | TCAYAGSCTTGGTGGGC
266,17,8,3,1,0.6160927496382552,0.6160927496382552,0.6781428778130046,8,TCGTMGCCTTGGTRRGC
266,17,8,3,2,0.7541450462953195,0.7541450462953195,0.7807549540666628,16,TCGTMGCCTTGGTRRGC | TCATMGCCTTGGTRRGC
266,17,8,3,3,0.8228976785040715,0.8228976785040715,0.8416449175766658,24,TCGTMGCCTTGGTRRGC | TCATMGCCTTGGTRRGC | TCRTTGCCTTGGTRRGC
266,17,8,3,4,0.849006872396843,0.849006872396843,0.8604140126862233,30,TCGTMGCCTTGGTRRGC | TCATMGCCTTGGTRRGC | TCRTTGCCTTGGTRRGC | TCGTCGCCTTGGTGBKC
266,17,8,3,5,0.8663165842532763,0.8663165842532763,0.8780907341232793,38,TCGTMGCCTTGGTRRGC | TCATMGCCTTGGTRRGC | TCRTTGCCTTGGTRRGC | TCGTCGCCTTGGTGBKC | TCWTCGSCTTGGTGRGC
266,17,8,3,6,0.883551777853901,0.8839392179519628,0.883551777853901,46,TCGTMGCCTTGGTRRGC | TCATMGCCTTGGTRRGC | TCRTTGCCTTGGTRRGC | TCGTCGCCTTGGTGBKC | TCWTCGSCTTGGTGRGC | TCWTWGCCTTGGTAKGC
266,17,8,3,7,0.8959302534477547,0.8978855324478173,0.8959302534477547,54,TCGTMGCCTTGGTRRGC | TCATMGCCTTGGTRRGC | TCRTTGCCTTGGTRRGC | TCGTCGCCTTGGTGBKC | TCWTCGSCTTGGTGRGC | TCWTWGCCTTGGTAKGC | TCWYAGSCTTGGTGGGC
266,17,8,3,8,0.8992098500347546,0.8992098500347546,0.900258233304255,60,TCGTMGCCTTGGTRRGC | TCATMGCCTTGGTRRGC | TCRTTGCCTTGGTRRGC | TCGTCGCCTTGGTGBKC | TCWTCGSCTTGGTGRGC | TCWTWGCCTTGGTAKGC | TCWYAGSCTTGGTGGGC | TCATAGCCTTGGTRGDC
266,17,16,4,1,0.7541450462953195,0.7541450462953195,0.7807549540666628,16,TCRTMGCCTTGGTRRGC
266,17,16,4,2,0.84367763079901,0.84367763079901,0.8461879060930232,28,TCRTMGCCTTGGTRRGC | TCRTTGCCTTGGTRDGC
266,17,16,4,3,0.8689431580094734,0.8689431580094734,0.8722629199502084,44,TCRTMGCCTTGGTRRGC | TCRTTGCCTTGGTRDGC | TCGTMGSCTTGGTGSKC
266,17,16,4,4,0.8735894207200615,0.8735894207200615,0.8869029559677656,56,TCRTMGCCTTGGTRRGC | TCRTTGCCTTGGTRDGC | TCGTMGSCTTGGTGSKC | TCWTCGCCTTGGTARDC
266,17,16,4,5,0.9008729726660154,0.9008729726660154,0.9092562900454048,72,TCRTMGCCTTGGTRRGC | TCRTTGCCTTGGTRDGC | TCGTMGSCTTGGTGSKC | TCWTCGCCTTGGTARDC | TCWTMGSCTTGGTGRGC
266,17,16,4,6,0.9175560676315051,0.9175560676315051,0.9210136849985112,88,TCRTMGCCTTGGTRRGC | TCRTTGCCTTGGTRDGC | TCGTMGSCTTGGTGSKC | TCWTCGCCTTGGTARDC | TCWTMGSCTTGGTGRGC | TCACWGSCTTGGTRRGC
266,17,16,4,7,0.9194094338435027,0.9194094338435027,0.9235434624961393,104,TCRTMGCCTTGGTRRGC | TCRTTGCCTTGGTRDGC | TCGTMGSCTTGGTGSKC | TCWTCGCCTTGGTARDC | TCWTMGSCTTGGTGRGC | TCACWGSCTTGGTRRGC | TCAWARCCWYGGTAGGC
266,17,16,4,8,0.924798258324888,0.924798258324888,0.9322774643681324,120,TCRTMGCCTTGGTRRGC | TCRTTGCCTTGGTRDGC | TCGTMGSCTTGGTGSKC | TCWTCGCCTTGGTARDC | TCWTMGSCTTGGTGRGC | TCACWGSCTTGGTRRGC | TCAWARCCWYGGTAGGC | TCGTCGCCWYGGTRGKC
265,21,4,2,1,0.16506507670227882,0.16506507670227882,0.197231373282871,4,CCRTCGTCGCCTTGGTGRGCC
265,21,4,2,2,0.24555528457855244,0.24555528457855244,0.28312439026376496,8,CCRTCGTCGCCTTGGTGRGCC | CSATCGTCGCCTTGGTRGGCC
265,21,4,2,3,0.27538976808124865,0.27538976808124865,0.317550845739267,12,CCRTCGTCGCCTTGGTGRGCC | CSATCGTCGCCTTGGTRGGCC | CCATCRTCGCCTTGGTGGGCY
265,21,8,3,1,0.24798474335101117,0.24798474335101117,0.25441552368055,8,CCRTCRTCGCCTTGGTGRGCC
265,21,8,3,2,0.37022740886217337,0.37022740886217337,0.3785560057927133,16,CCRTCRTCGCCTTGGTGRGCC | YSATCGTCGCCTTGGTRGGCC
265,21,8,3,3,0.40783566402805344,0.40783566402805344,0.4278555458752651,24,CCRTCRTCGCCTTGGTGRGCC | YSATCGTCGCCTTGGTRGGCC | CSATCGTCGCCTTGGTGRGCY
265,21,8,3,4,0.4533053776505276,0.4533053776505276,0.4761557765706239,30,CCRTCRTCGCCTTGGTGRGCC | YSATCGTCGCCTTGGTRGGCC | CSATCGTCGCCTTGGTGRGCY | CCRTCGTHGCCTTGGTAGGCC
265,21,8,3,5,0.49025774125894683,0.49025774125894683,0.49612865473664597,38,CCRTCRTCGCCTTGGTGRGCC | YSATCGTCGCCTTGGTRGGCC | CSATCGTCGCCTTGGTGRGCY | CCRTCGTHGCCTTGGTAGGCC | CCATCATCGCCTTGGTRRGCY
265,21,8,3,6,0.5257065887952378,0.5257065887952378,0.557245676813533,46,CCRTCRTCGCCTTGGTGRGCC | YSATCGTCGCCTTGGTRGGCC | CSATCGTCGCCTTGGTGRGCY | CCRTCGTHGCCTTGGTAGGCC | CCATCATCGCCTTGGTRRGCY | CCRTCGTWGCCTTGGTGRGCC
265,21,8,3,7,0.5513443586790463,0.5513443586790463,0.5837015261334021,54,CCRTCRTCGCCTTGGTGRGCC | YSATCGTCGCCTTGGTRGGCC | CSATCGTCGCCTTGGTGRGCY | CCRTCGTHGCCTTGGTAGGCC | CCATCATCGCCTTGGTRRGCY | CCRTCGTWGCCTTGGTGRGCC | CCRTCATMGYCTTGGTAGGCC
265,21,8,3,8,0.5620568528181707,0.5620568528181707,0.594342039186114,62,CCRTCRTCGCCTTGGTGRGCC | YSATCGTCGCCTTGGTRGGCC | CSATCGTCGCCTTGGTGRGCY | CCRTCGTHGCCTTGGTAGGCC | CCATCATCGCCTTGGTRRGCY | CCRTCGTWGCCTTGGTGRGCC | CCRTCATMGYCTTGGTAGGCC | CCATCKTCGCCTTGGTGRKCC
265,21,16,4,1,0.3244157259877201,0.3349300400849511,0.3244157259877201,16,CCRTCRTCGCCTTGGTRRGCC
265,21,16,4,2,0.46799058173269703,0.46799058173269703,0.46877859147199447,32,CCRTCRTCGCCTTGGTRRGCC | YSATCGTCGCCTTGGTGRGCY
265,21,16,4,3,0.5273812942598192,0.5362080689435511,0.5273812942598192,48,CCRTCRTCGCCTTGGTRRGCC | YSATCGTCGCCTTGGTGRGCY | YSATCGTYGCCTTGGTAGGCY
265,21,16,4,4,0.5579859893633646,0.5717535975261135,0.5579859893633646,64,CCRTCRTCGCCTTGGTRRGCC | YSATCGTCGCCTTGGTGRGCY | YSATCGTYGCCTTGGTAGGCY | MCRTCATAGYCTTGGTRGGCC
265,21,16,4,5,0.6228676946128415,0.6228676946128415,0.6288006050962479,80,CCRTCRTCGCCTTGGTRRGCC | YSATCGTCGCCTTGGTGRGCY | YSATCGTYGCCTTGGTAGGCY | MCRTCATAGYCTTGGTRGGCC | CCRTCGWWGCCTTGGTGRGCC
265,21,16,4,6,0.6476162525944069,0.6476162525944069,0.6501194155627829,96,CCRTCRTCGCCTTGGTRRGCC | YSATCGTCGCCTTGGTGRGCY | YSATCGTYGCCTTGGTAGGCY | MCRTCATAGYCTTGGTRGGCC | CCRTCGWWGCCTTGGTGRGCC | CCATCWTYGYCTTGGTGRGCC
265,21,16,4,7,0.6632317030031204,0.6632317030031204,0.6800644167399862,112,CCRTCRTCGCCTTGGTRRGCC | YSATCGTCGCCTTGGTGRGCY | YSATCGTYGCCTTGGTAGGCY | MCRTCATAGYCTTGGTRGGCC | CCRTCGWWGCCTTGGTGRGCC | CCATCWTYGYCTTGGTGRGCC | SSATCGTMGCCTTGGTARGCC
266,19,4,2,1,0.33721526841547284,0.33721526841547284,0.3706971392105982,4,CATCGTCGCCTTGGTRRGC
266,19,4,2,2,0.4630713094811796,0.4630713094811796,0.4718152406489797,8,CATCGTCGCCTTGGTRRGC | CATCATCGCCTTGGTRRGC
266,19,4,2,3,0.5209153589502891,0.5209153589502891,0.5471669480250336,12,CATCGTCGCCTTGGTRRGC | CATCATCGCCTTGGTRRGC | CRTCGTAGCCTTGGTGRGC
266,19,4,2,4,0.5555748399976562,0.5555748399976562,0.5901870395834776,16,CATCGTCGCCTTGGTRRGC | CATCATCGCCTTGGTRRGC | CRTCGTAGCCTTGGTGRGC | SATCGTCGCCTTGGTRGGC
266,19,4,2,5,0.5668510209019487,0.5668510209019487,0.595545029317474,20,CATCGTCGCCTTGGTRRGC | CATCATCGCCTTGGTRRGC | CRTCGTAGCCTTGGTGRGC | SATCGTCGCCTTGGTRGGC | CATCGTCGCCTTGGTGKKC
266,19,4,2,6,0.6118905734510545,0.6118905734510545,0.6264604893450275,24,CATCGTCGCCTTGGTRRGC | CATCATCGCCTTGGTRRGC | CRTCGTAGCCTTGGTGRGC | SATCGTCGCCTTGGTRGGC | CATCGTCGCCTTGGTGKKC | CATCATWGCCTTGGTRGGC
266,19,4,2,7,0.6220197742094664,0.6220197742094664,0.6346178804097491,28,CATCGTCGCCTTGGTRRGC | CATCATCGCCTTGGTRRGC | CRTCGTAGCCTTGGTGRGC | SATCGTCGCCTTGGTRGGC | CATCGTCGCCTTGGTGKKC | CATCATWGCCTTGGTRGGC | CATCGTCGCCTWGGTGSGC
266,19,4,2,8,0.63268093031439,0.63268093031439,0.6502280469539897,32,CATCGTCGCCTTGGTRRGC | CATCATCGCCTTGGTRRGC | CRTCGTAGCCTTGGTGRGC | SATCGTCGCCTTGGTRGGC | CATCGTCGCCTTGGTGKKC | CATCATWGCCTTGGTRGGC | CATCGTCGCCTWGGTGSGC | CRTCKTCGCCTTGGTGGGC
266,19,8,3,1,0.4630713094811796,0.4630713094811796,0.4718152406489797,8,CATCRTCGCCTTGGTRRGC
266,19,8,3,2,0.5392540428844625,0.5392540428844625,0.5843166589555092,16,CATCRTCGCCTTGGTRRGC | SRTCGTAGCCTTGGTGRGC
266,19,8,3,3,0.6061716978320911,0.6061716978320911,0.6491079556543267,24,CATCRTCGCCTTGGTRRGC | SRTCGTAGCCTTGGTGRGC | SRTCGTYGCCTTGGTAGGC
266,19,8,3,4,0.636079004041369,0.636079004041369,0.6815946837562885,32,CATCRTCGCCTTGGTRRGC | SRTCGTAGCCTTGGTGRGC | SRTCGTYGCCTTGGTAGGC | CRTCATYGCCTTGGTGRGC
266,19,8,3,5,0.6492198968712809,0.6492198968712809,0.696261546457203,40,CATCRTCGCCTTGGTRRGC | SRTCGTAGCCTTGGTGRGC | SRTCGTYGCCTTGGTAGGC | CRTCATYGCCTTGGTGRGC | SATCWTCGCCTTGGTGGKC
266,19,8,3,6,0.7197896451223932,0.7197896451223932,0.7353445640118322,48,CATCRTCGCCTTGGTRRGC | SRTCGTAGCCTTGGTGRGC | SRTCGTYGCCTTGGTAGGC | CRTCATYGCCTTGGTGRGC | SATCWTCGCCTTGGTGGKC | CRTCATAGCCTTGGTRRGC
266,19,8,3,7,0.7514596109396936,0.7514596109396936,0.7713596824995347,56,CATCRTCGCCTTGGTRRGC | SRTCGTAGCCTTGGTGRGC | SRTCGTYGCCTTGGTAGGC | CRTCATYGCCTTGGTGRGC | SATCWTCGCCTTGGTGGKC | CRTCATAGCCTTGGTRRGC | SATCGTYGCCTTGGTGRGC
266,19,8,3,8,0.7691313826251518,0.7691313826251518,0.7838989630155998,64,CATCRTCGCCTTGGTRRGC | SRTCGTAGCCTTGGTGRGC | SRTCGTYGCCTTGGTAGGC | CRTCATYGCCTTGGTGRGC | SATCWTCGCCTTGGTGGKC | CRTCATAGCCTTGGTRRGC | SATCGTYGCCTTGGTGRGC | SATCGTMGCCTTGGTAKGC
266,19,16,4,1,0.555685658340669,0.5569231593374183,0.555685658340669,16,CRTCRTCGCCTTGGTRRGC
266,19,16,4,2,0.6555383125507953,0.6555383125507953,0.680124931785946,32,CRTCRTCGCCTTGGTRRGC | SATCKTWGCCTTGGTGRGC
266,19,16,4,3,0.6993968945166856,0.6993968945166856,0.7382194289299399,48,CRTCRTCGCCTTGGTRRGC | SATCKTWGCCTTGGTGRGC | SATCGTYGCCTTGGTRRGC
266,19,16,4,4,0.7668373258779987,0.7668373258779987,0.7854273102699736,64,CRTCRTCGCCTTGGTRRGC | SATCKTWGCCTTGGTGRGC | SATCGTYGCCTTGGTRRGC | CRTCAWAGCCTTGGTRRGC
266,19,16,4,5,0.7908322123961682,0.7908322123961682,0.8069731591866515,80,CRTCRTCGCCTTGGTRRGC | SATCKTWGCCTTGGTGRGC | SATCGTYGCCTTGGTRRGC | CRTCAWAGCCTTGGTRRGC | YATCATYGYCTTGGTGRGC
266,19,16,4,6,0.8152042786032728,0.8152042786032728,0.8241558522220395,92,CRTCRTCGCCTTGGTRRGC | SATCKTWGCCTTGGTGRGC | SATCGTYGCCTTGGTRRGC | CRTCAWAGCCTTGGTRRGC | YATCATYGYCTTGGTGRGC | SATCGTCGCCTTGGTGBKC
266,19,16,4,7,0.8351369490085784,0.8351369490085784,0.8439448194046691,108,CRTCRTCGCCTTGGTRRGC | SATCKTWGCCTTGGTGRGC | SATCGTYGCCTTGGTRRGC | CRTCAWAGCCTTGGTRRGC | YATCATYGYCTTGGTGRGC | SATCGTCGCCTTGGTGBKC | SATCGYAGCCTTGGTRRGC
266,19,16,4,8,0.8419617991170106,0.8419617991170106,0.8504138034031485,117,CRTCRTCGCCTTGGTRRGC | SATCKTWGCCTTGGTGRGC | SATCGTYGCCTTGGTRRGC | CRTCAWAGCCTTGGTRRGC | YATCATYGYCTTGGTGRGC | SATCGTCGCCTTGGTGBKC | SATCGYAGCCTTGGTRRGC | CATCATCGCCTTGGTADDC
266,21,4,2,1,0.1582909377364569,0.1582909377364569,0.1990850148576687,4,CCCATCGTCGCCTTGGTRRGC
266,21,4,2,2,0.2156018660435071,0.2156018660435071,0.26777203166422986,8,CCCATCGTCGCCTTGGTRRGC | CCSATCGTCGCCTTGGTRGGC
266,21,4,2,3,0.25371156476431783,0.25371156476431783,0.30995414812458916,12,CCCATCGTCGCCTTGGTRRGC | CCSATCGTCGCCTTGGTRGGC | CCCATCRTCGCCTTGGTGRGC
266,21,4,2,4,0.2688219112367116,0.2688219112367116,0.3264821863770278,16,CCCATCGTCGCCTTGGTRRGC | CCSATCGTCGCCTTGGTRGGC | CCCATCRTCGCCTTGGTGRGC | CCCRTCGTMGCCTTGGTGGGC
266,21,4,2,5,0.2763252095894218,0.2763252095894218,0.3328304901104833,20,CCCATCGTCGCCTTGGTRRGC | CCSATCGTCGCCTTGGTRGGC | CCCATCRTCGCCTTGGTGRGC | CCCRTCGTMGCCTTGGTGGGC | CCYATCGTCGCCTTGGTGRGC
266,21,8,3,1,0.25125100326536814,0.25125100326536814,0.30715974035089083,8,CCSATCGTCGCCTTGGTRRGC
266,21,8,3,2,0.3969052377254858,0.3969052377254858,0.42437027491404206,16,CCSATCGTCGCCTTGGTRRGC | CCCRTCATMGCCTTGGTGRGC
266,21,8,3,3,0.42782764038178916,0.42782764038178916,0.4663687840627329,24,CCSATCGTCGCCTTGGTRRGC | CCCRTCATMGCCTTGGTGRGC | CCCRTCGTYGCCTTGGTRGGC
266,21,8,3,4,0.44236407879174,0.44236407879174,0.488873612983224,32,CCSATCGTCGCCTTGGTRRGC | CCCRTCATMGCCTTGGTGRGC | CCCRTCGTYGCCTTGGTRGGC | CCYATCGTYGCCTTGGTGRGC
266,21,16,4,1,0.3467473612482841,0.3467473612482841,0.38989605636748553,16,CCSATCRTCGCCTTGGTRRGC
266,21,16,4,2,0.43831854857406966,0.43831854857406966,0.499721838436382,32,CCSATCRTCGCCTTGGTRRGC | CCCRTCGTMGCCTTGGTRRGC
266,21,16,4,3,0.4687233633235636,0.4687233633235636,0.5390652231727736,48,CCSATCRTCGCCTTGGTRRGC | CCCRTCGTMGCCTTGGTRRGC | CSYATCGTYGCCTTGGTGRGC
266,23,4,2,1,0.15796730375558612,0.15796730375558612,0.1986396725838732,4,TACCCATCGTCGCCTTGGTRRGC
266,23,4,2,2,0.2152720970072806,0.2152720970072806,0.26734254862379275,8,TACCCATCGTCGCCTTGGTRRGC | TACCSATCGTCGCCTTGGTRGGC
266,23,4,2,3,0.25338179572809133,0.25338179572809133,0.30923820625238124,12,TACCCATCGTCGCCTTGGTRRGC | TACCSATCGTCGCCTTGGTRGGC | TACCCATCRTCGCCTTGGTGRGC
266,23,4,2,4,0.2684921422004851,0.2684921422004851,0.3250540065730457,16,TACCCATCGTCGCCTTGGTRRGC | TACCSATCGTCGCCTTGGTRGGC | TACCCATCRTCGCCTTGGTGRGC | TACCCRTCGTMGCCTTGGTGGGC
266,23,4,2,5,0.2759954405531953,0.2759954405531953,0.3314023103065012,20,TACCCATCGTCGCCTTGGTRRGC | TACCSATCGTCGCCTTGGTRGGC | TACCCATCRTCGCCTTGGTGRGC | TACCCRTCGTMGCCTTGGTGGGC | TACCYATCGTCGCCTTGGTGRGC
266,23,8,3,1,0.250874783095734,0.250874783095734,0.3063874487432214,8,TACCSATCGTCGCCTTGGTRRGC
266,23,8,3,2,0.3965290175558516,0.3965290175558516,0.42331156281603133,16,TACCSATCGTCGCCTTGGTRRGC | TACCCRTCATMGCCTTGGTGRGC
266,23,8,3,3,0.4266736410072594,0.4266736410072594,0.46470293700636606,24,TACCSATCGTCGCCTTGGTRRGC | TACCCRTCATMGCCTTGGTGRGC | TACCCRTCGTYGCCTTGGTRGGC
266,23,8,3,4,0.44121007941721024,0.44121007941721024,0.48720914621831946,32,TACCSATCGTCGCCTTGGTRRGC | TACCCRTCATMGCCTTGGTGRGC | TACCCRTCGTYGCCTTGGTRGGC | TACCYATCGTYGCCTTGGTGRGC
266,23,16,4,1,0.3463246899452423,0.3463246899452423,0.3891496969611999,16,TACCSATCRTCGCCTTGGTRRGC
266,23,16,4,2,0.43715841414418416,0.43715841414418416,0.4983681523645928,32,TACCSATCRTCGCCTTGGTRRGC | TACCCRTCGTMGCCTTGGTRRGC
266,23,16,4,3,0.467702582293901,0.467702582293901,0.5377482809709312,48,TACCSATCRTCGCCTTGGTRRGC | TACCCRTCGTMGCCTTGGTRRGC | TACSYATCGTYGCCTTGGTGRGC
267,17,4,2,1,0.45317379483171455,0.45317379483171455,0.5014160440261842,4,ATCGTCGCCTTGGTRRG
267,17,4,2,2,0.536642011912875,0.536642011912875,0.5682345506086681,8,ATCGTCGCCTTGGTRRG | ATCATAGCCTTGGTRRG
267,17,4,2,3,0.6105504172160061,0.6105504172160061,0.6401213938414542,12,ATCGTCGCCTTGGTRRG | ATCATAGCCTTGGTRRG | GTCATMGCCTTGGTGRG
267,17,4,2,4,0.6711629450145575,0.6711629450145575,0.6835810628998441,16,ATCGTCGCCTTGGTRRG | ATCATAGCCTTGGTRRG | GTCATMGCCTTGGTGRG | RTCRTCGCCTTGGTAGG
267,17,4,2,5,0.6862792401961686,0.6862792401961686,0.6993238206598341,20,ATCGTCGCCTTGGTRRG | ATCATAGCCTTGGTRRG | GTCATMGCCTTGGTGRG | RTCRTCGCCTTGGTAGG | ATCGTMGCCTTGGTGSG
267,17,4,2,6,0.702097646468129,0.702097646468129,0.7167324043445552,24,ATCGTCGCCTTGGTRRG | ATCATAGCCTTGGTRRG | GTCATMGCCTTGGTGRG | RTCRTCGCCTTGGTAGG | ATCGTMGCCTTGGTGSG | ATCRTCGCCTTGGTGRG
267,17,4,2,7,0.7298420950957908,0.7298420950957908,0.7507320095714899,28,ATCGTCGCCTTGGTRRG | ATCATAGCCTTGGTRRG | GTCATMGCCTTGGTGRG | RTCRTCGCCTTGGTAGG | ATCGTMGCCTTGGTGSG | ATCRTCGCCTTGGTGRG | ATCGTWGCCTTGGTGRG
267,17,4,2,8,0.7656168825221371,0.7656168825221371,0.780548913695418,32,ATCGTCGCCTTGGTRRG | ATCATAGCCTTGGTRRG | GTCATMGCCTTGGTGRG | RTCRTCGCCTTGGTAGG | ATCGTMGCCTTGGTGSG | ATCRTCGCCTTGGTGRG | ATCGTWGCCTTGGTGRG | ATCGTWGCCTTGGTARG
267,17,8,3,1,0.5474370371331213,0.5474370371331213,0.5891419458934622,8,ATCRTCGCCTTGGTRRG
267,17,8,3,2,0.6560187074655611,0.6560187074655611,0.7020161154480848,16,ATCRTCGCCTTGGTRRG | GTCGWAGCCTTGGTRRG
267,17,8,3,3,0.6742290385408697,0.6742290385408697,0.717216186193839,24,ATCRTCGCCTTGGTRRG | GTCGWAGCCTTGGTRRG | ATCWTCGCCTTGGTGSK
267,17,8,3,4,0.7503763294792036,0.7503763294792036,0.7604648281609175,32,ATCRTCGCCTTGGTRRG | GTCGWAGCCTTGGTRRG | ATCWTCGCCTTGGTGSK | ATCRTWGCCTTGGTARG
267,17,8,3,5,0.7723298660810743,0.7723298660810743,0.7781573279876409,40,ATCRTCGCCTTGGTRRG | GTCGWAGCCTTGGTRRG | ATCWTCGCCTTGGTGSK | ATCRTWGCCTTGGTARG | ATCGTMGSCTTGGTGKG
267,17,8,3,6,0.8175500013429503,0.8194768005194005,0.8175500013429503,48,ATCRTCGCCTTGGTRRG | GTCGWAGCCTTGGTRRG | ATCWTCGCCTTGGTGSK | ATCRTWGCCTTGGTARG | ATCGTMGSCTTGGTGKG | GTCATYGCCTTGGTRRG
267,17,8,3,7,0.8448930138197673,0.8448930138197673,0.8517070045332517,56,ATCRTCGCCTTGGTRRG | GTCGWAGCCTTGGTRRG | ATCWTCGCCTTGGTGSK | ATCRTWGCCTTGGTARG | ATCGTMGSCTTGGTGKG | GTCATYGCCTTGGTRRG | ATCGYWGCCTTGGTGRG
267,17,8,3,8,0.8571308443726373,0.8571308443726373,0.8615610868624732,64,ATCRTCGCCTTGGTRRG | GTCGWAGCCTTGGTRRG | ATCWTCGCCTTGGTGSK | ATCRTWGCCTTGGTARG | ATCGTMGSCTTGGTGKG | GTCATYGCCTTGGTRRG | ATCGYWGCCTTGGTGRG | GTCRTCGCCTTGGTAKK
267,17,16,4,1,0.6409503854034666,0.6409503854034666,0.6703658798247827,16,ATCRTMGCCTTGGTRRG
267,17,16,4,2,0.7298532904427741,0.7298532904427741,0.7745844868160825,32,ATCRTMGCCTTGGTRRG | GTCKTYGCCTTGGTRRG
267,17,16,4,3,0.7632608315848864,0.7632608315848864,0.7979613333746816,48,ATCRTMGCCTTGGTRRG | GTCKTYGCCTTGGTRRG | RTCAYAGSCTTGGTGRG
267,17,16,4,4,0.7870537288200005,0.7870537288200005,0.8321019190925504,64,ATCRTMGCCTTGGTRRG | GTCKTYGCCTTGGTRRG | RTCAYAGSCTTGGTGRG | ATCGTYGCCTTGGTRRK
267,17,16,4,5,0.8239053222517176,0.8239053222517176,0.8476337236617684,80,ATCRTMGCCTTGGTRRG | GTCKTYGCCTTGGTRRG | RTCAYAGSCTTGGTGRG | ATCGTYGCCTTGGTRRK | RTCATMGYCTTGGTARG
267,17,16,4,6,0.855182565746961,0.855182565746961,0.8629583361668228,92,ATCRTMGCCTTGGTRRG | GTCKTYGCCTTGGTRRG | RTCAYAGSCTTGGTGRG | ATCGTYGCCTTGGTRRK | RTCATMGYCTTGGTARG | ATCRTCGCCTTGGTRBG
267,17,16,4,7,0.8823716585535414,0.885230912325007,0.8823716585535414,108,ATCRTMGCCTTGGTRRG | GTCKTYGCCTTGGTRRG | RTCAYAGSCTTGGTGRG | ATCGTYGCCTTGGTRRK | RTCATMGYCTTGGTARG | ATCRTCGCCTTGGTRBG | RTCWTYGCCTTGGTGRG
267,17,16,4,8,0.8950078160744702,0.8954820058940133,0.8950078160744702,124,ATCRTMGCCTTGGTRRG | GTCKTYGCCTTGGTRRG | RTCAYAGSCTTGGTGRG | ATCGTYGCCTTGGTRRK | RTCATMGYCTTGGTARG | ATCRTCGCCTTGGTRBG | RTCWTYGCCTTGGTGRG | GTCKTAGCCTTGGTRRK
267,19,4,2,1,0.19347132844552464,0.19347132844552464,0.22131625866533558,4,CCATCGTCGCCTTGGTRRG
267,19,4,2,2,0.259874184681596,0.259874184681596,0.29726082036504264,8,CCATCGTCGCCTTGGTRRG | CSATCGTCGCCTTGGTRGG
267,19,4,2,3,0.3092819140210064,0.3092819140210064,0.3415227301068104,12,CCATCGTCGCCTTGGTRRG | CSATCGTCGCCTTGGTRGG | CCATCRTCGCCTTGGTGRG
267,19,4,2,4,0.34653912338024884,0.34653912338024884,0.3712298660788656,16,CCATCGTCGCCTTGGTRRG | CSATCGTCGCCTTGGTRGG | CCATCRTCGCCTTGGTGRG | CCRTCGTCGCCTTGGTRGG
267,19,4,2,5,0.390707758357784,0.390707758357784,0.4272267823761178,20,CCATCGTCGCCTTGGTRRG | CSATCGTCGCCTTGGTRGG | CCATCRTCGCCTTGGTGRG | CCRTCGTCGCCTTGGTRGG | CSATCGTYGCCTTGGTGAG
267,19,4,2,6,0.43938149840904583,0.43938149840904583,0.4456057310238502,24,CCATCGTCGCCTTGGTRRG | CSATCGTCGCCTTGGTRGG | CCATCRTCGCCTTGGTGRG | CCRTCGTCGCCTTGGTRGG | CSATCGTYGCCTTGGTGAG | CCRTCATCGCCTTGGTRGG
267,19,8,3,1,0.30643610941605387,0.30643610941605387,0.3450541463606378,8,CSATCGTCGCCTTGGTRRG
267,19,8,3,2,0.45536344927537437,0.4734729810993877,0.45536344927537437,16,CSATCGTCGCCTTGGTRRG | CCRTCATCGCCTTGGTRRG
267,19,8,3,3,0.5232539138996205,0.5232539138996205,0.529436745260453,24,CSATCGTCGCCTTGGTRRG | CCRTCATCGCCTTGGTRRG | CCRTCGTWGCCTTGGTGRG
267,19,8,3,4,0.5485086649305876,0.5485086649305876,0.5628132185332042,30,CSATCGTCGCCTTGGTRRG | CCRTCATCGCCTTGGTRRG | CCRTCGTWGCCTTGGTGRG | CCRTCGTHGCCTTGGTAGG
267,19,8,3,5,0.5557306025818681,0.5557306025818681,0.5722738460293675,38,CSATCGTCGCCTTGGTRRG | CCRTCATCGCCTTGGTRRG | CCRTCGTWGCCTTGGTGRG | CCRTCGTHGCCTTGGTAGG | CCATCKTCGSCTTGGTGSG
267,19,16,4,1,0.4242324011030169,0.4242324011030169,0.4327930660039836,16,CSATCRTCGCCTTGGTRRG
267,19,16,4,2,0.5319929503777939,0.5319929503777939,0.5666519842661399,32,CSATCRTCGCCTTGGTRRG | CCRTCGTWGCCTTGGTRRG
267,19,16,4,3,0.5465826070623266,0.5465826070623266,0.5871232859673352,44,CSATCRTCGCCTTGGTRRG | CCRTCGTWGCCTTGGTRRG | CCATCKTCGSCTTGGTGVG
267,21,4,2,1,0.15830781894954127,0.15830781894954127,0.19913679742735704,4,ACCCATCGTCGCCTTGGTRRG
267,21,4,2,2,0.21570551446805106,0.21570551446805106,0.26776158311139137,8,ACCCATCGTCGCCTTGGTRRG | ACCSATCGTCGCCTTGGTRGG
267,21,4,2,3,0.2538152131888618,0.2538152131888618,0.30996919153857705,12,ACCCATCGTCGCCTTGGTRRG | ACCSATCGTCGCCTTGGTRGG | ACCCATCRTCGCCTTGGTGRG
267,21,4,2,4,0.2692624096306959,0.2692624096306959,0.3257848149673906,16,ACCCATCGTCGCCTTGGTRRG | ACCSATCGTCGCCTTGGTRGG | ACCCATCRTCGCCTTGGTGRG | ACCCRTCGTMGCCTTGGTGGG
267,21,4,2,5,0.2767657079834061,0.2767657079834061,0.33213311870084605,20,ACCCATCGTCGCCTTGGTRRG | ACCSATCGTCGCCTTGGTRGG | ACCCATCRTCGCCTTGGTGRG | ACCCRTCGTMGCCTTGGTGGG | ACCYATCGTCGCCTTGGTGRG
267,21,8,3,1,0.2513888327126083,0.2513888327126083,0.30717186101944854,8,ACCSATCGTCGCCTTGGTRRG
267,21,8,3,2,0.39983959099441896,0.39983959099441896,0.41129168708601505,16,ACCSATCGTCGCCTTGGTRRG | ACCCRTCATCGCCTTGGTRRG
267,21,8,3,3,0.4401219688745723,0.4401219688745723,0.4679975017025602,24,ACCSATCGTCGCCTTGGTRRG | ACCCRTCATCGCCTTGGTRRG | ACCCRTCGTMGCCTTGGTGRG
267,21,8,3,4,0.45439295215231595,0.45439295215231595,0.4881602513602396,32,ACCSATCGTCGCCTTGGTRRG | ACCCRTCATCGCCTTGGTRRG | ACCCRTCGTMGCCTTGGTGRG | ACCYATCGTYGCCTTGGTGRG
267,21,16,4,1,0.34683873956211664,0.34683873956211664,0.38982278005114906,16,ACCSATCRTCGCCTTGGTRRG
267,21,16,4,2,0.43847715552319705,0.43847715552319705,0.4988307784555706,32,ACCSATCRTCGCCTTGGTRRG | ACCCRTCGTMGCCTTGGTRRG
267,21,16,4,3,0.4622822727991893,0.4622822727991893,0.5318681414044183,48,ACCSATCRTCGCCTTGGTRRG | ACCCRTCGTMGCCTTGGTRRG | ACCYATCGTYGCCTTGGTRRG
267,23,4,2,1,0.15096321060960996,0.15096321060960996,0.18756976704226935,4,CTACCCATCGTCGCCTTGGTRRG
267,23,4,2,2,0.20620797272057742,0.20620797272057742,0.25224812920156603,8,CTACCCATCGTCGCCTTGGTRRG | CTACCSATCGTCGCCTTGGTRGG
267,23,4,2,3,0.24286229462799236,0.24286229462799236,0.28986764590498004,12,CTACCCATCGTCGCCTTGGTRRG | CTACCSATCGTCGCCTTGGTRGG | CTACCCATCRTCGCCTTGGTGRG
267,23,4,2,4,0.2768039980190385,0.2768039980190385,0.3187139706382559,16,CTACCCATCGTCGCCTTGGTRRG | CTACCSATCGTCGCCTTGGTRGG | CTACCCATCRTCGCCTTGGTGRG | CTACCCRTCGTCGCCTTGGTRGG
267,23,8,3,1,0.23802190015971703,0.23802190015971703,0.2842487619030675,8,CTACCSATCGTCGCCTTGGTRRG
267,23,8,3,2,0.3115010545296594,0.3115010545296594,0.36269438091617134,16,CTACCSATCGTCGCCTTGGTRRG | CTACCCRTCRTCGCCTTGGTGRG
267,23,16,4,1,0.3273699666586302,0.3273699666586302,0.3592574401625088,16,CTACCSATCRTCGCCTTGGTRRG
267,23,16,4,2,0.4185330670712892,0.4185330670712892,0.46846633137317945,32,CTACCSATCRTCGCCTTGGTRRG | CTACCCRTCGTMGCCTTGGTRRG
267,23,16,4,3,0.453046858054109,0.453046858054109,0.5099141892474169,48,CTACCSATCRTCGCCTTGGTRRG | CTACCCRTCGTMGCCTTGGTRRG | CTACSSATCGTYGCCTTGGTGRG
268,19,4,2,1,0.16129608016089644,0.16129608016089644,0.20139067848714098,4,CCCATCGTCGCCTTGGTRR
268,19,4,2,2,0.21884387523735785,0.21884387523735785,0.27472479128900157,8,CCCATCGTCGCCTTGGTRR | CCSATCGTCGCCTTGGTRG
268,19,4,2,3,0.25636671949807466,0.25636671949807466,0.3183948284081221,12,CCCATCGTCGCCTTGGTRR | CCSATCGTCGCCTTGGTRG | CCCATCRTCGCCTTGGTGR
268,19,4,2,4,0.27370233751806666,0.27370233751806666,0.33494803336907103,16,CCCATCGTCGCCTTGGTRR | CCSATCGTCGCCTTGGTRG | CCCATCRTCGCCTTGGTGR | CCCRTCGTMGCCTTGGTGG
268,19,4,2,5,0.281101987446233,0.281101987446233,0.34129633710252644,20,CCCATCGTCGCCTTGGTRR | CCSATCGTCGCCTTGGTRG | CCCATCRTCGCCTTGGTGR | CCCRTCGTMGCCTTGGTGG | CCYATCGTCGCCTTGGTGR
268,19,8,3,1,0.25558379573493545,0.25558379573493545,0.3163009771520815,8,CCSATCGTCGCCTTGGTRR
268,19,8,3,2,0.4055094802704335,0.4055094802704335,0.42250827442131317,16,CCSATCGTCGCCTTGGTRR | CCCRTCATCGCCTTGGTRR
268,19,8,3,3,0.446942816601901,0.446942816601901,0.47995155911857346,24,CCSATCGTCGCCTTGGTRR | CCCRTCATCGCCTTGGTRR | CCCRTCGTMGCCTTGGTGR
268,19,8,3,4,0.4610172491882855,0.4610172491882855,0.5001811347765655,32,CCSATCGTCGCCTTGGTRR | CCCRTCATCGCCTTGGTRR | CCCRTCGTMGCCTTGGTGR | CCYATCGTYGCCTTGGTGR
268,19,16,4,1,0.3504932992577576,0.3504932992577576,0.4019457316587233,16,CCSATCRTCGCCTTGGTRR
268,19,16,4,2,0.44471728384578774,0.44471728384578774,0.5117405261124376,32,CCSATCRTCGCCTTGGTRR | CCCRTCGTMGCCTTGGTRR
268,19,16,4,3,0.4683258504304207,0.4683258504304207,0.5449120872370171,48,CCSATCRTCGCCTTGGTRR | CCCRTCGTMGCCTTGGTRR | CCYATCGTYGCCTTGGTRR
268,17,4,2,1,0.3416738635308005,0.3416738635308005,0.3786174525429,4,CATCGTCGCCTTGGTRR
268,17,4,2,2,0.4669430501364133,0.4669430501364133,0.487325021411754,8,CATCGTCGCCTTGGTRR | CATCATCGCCTTGGTRR
268,17,4,2,3,0.5257704834019777,0.5257704834019777,0.5623884144414655,12,CATCGTCGCCTTGGTRR | CATCATCGCCTTGGTRR | CRTCGTAGCCTTGGTGR
268,17,4,2,4,0.560429964449345,0.560429964449345,0.6047667878972978,16,CATCGTCGCCTTGGTRR | CATCATCGCCTTGGTRR | CRTCGTAGCCTTGGTGR | SATCGTCGCCTTGGTRG
268,17,4,2,5,0.5897712657941653,0.5897712657941653,0.624702730806378,20,CATCGTCGCCTTGGTRR | CATCATCGCCTTGGTRR | CRTCGTAGCCTTGGTGR | SATCGTCGCCTTGGTRG | CATCRTAGCCTTGGTRG
268,17,4,2,6,0.6033982886868856,0.6033982886868856,0.6325539725386836,23,CATCGTCGCCTTGGTRR | CATCATCGCCTTGGTRR | CRTCGTAGCCTTGGTGR | SATCGTCGCCTTGGTRG | CATCRTAGCCTTGGTRG | CATCGTCGCCTTGGTGB
268,17,4,2,7,0.6174121444698341,0.6174121444698341,0.6446185564320556,27,CATCGTCGCCTTGGTRR | CATCATCGCCTTGGTRR | CRTCGTAGCCTTGGTGR | SATCGTCGCCTTGGTRG | CATCRTAGCCTTGGTRG | CATCGTCGCCTTGGTGB | CATCKTCGCCTTGGTRG
268,17,4,2,8,0.6270424616348689,0.6270424616348689,0.6533744086621761,31,CATCGTCGCCTTGGTRR | CATCATCGCCTTGGTRR | CRTCGTAGCCTTGGTGR | SATCGTCGCCTTGGTRG | CATCRTAGCCTTGGTRG | CATCGTCGCCTTGGTGB | CATCKTCGCCTTGGTRG | SATCGTAGSCTTGGTGG
268,17,8,3,1,0.4669430501364133,0.4669430501364133,0.487325021411754,8,CATCRTCGCCTTGGTRR
268,17,8,3,2,0.556865607458006,0.556865607458006,0.5900668280640009,16,CATCRTCGCCTTGGTRR | CRTCGTAGCCTTGGTRR
268,17,8,3,3,0.607490623341668,0.607490623341668,0.6604877902772975,24,CATCRTCGCCTTGGTRR | CRTCGTAGCCTTGGTRR | SATCGTCGCCTTGGTRR
268,17,8,3,4,0.6550815549290955,0.6550815549290955,0.6985940512828758,32,CATCRTCGCCTTGGTRR | CRTCGTAGCCTTGGTRR | SATCGTCGCCTTGGTRR | CRTCATYGCCTTGGTRG
268,17,8,3,5,0.7116489184158027,0.7116489184158027,0.7313279231936223,40,CATCRTCGCCTTGGTRR | CRTCGTAGCCTTGGTRR | SATCGTCGCCTTGGTRR | CRTCATYGCCTTGGTRG | CRTCATAGCCTTGGTRR
268,17,8,3,6,0.7298051118762962,0.7298051118762962,0.7416310373839791,46,CATCRTCGCCTTGGTRR | CRTCGTAGCCTTGGTRR | SATCGTCGCCTTGGTRR | CRTCATYGCCTTGGTRG | CRTCATAGCCTTGGTRR | CATCGTCGCCTTGGTRB
268,17,8,3,7,0.7342910844347204,0.7342910844347204,0.747736517527915,54,CATCRTCGCCTTGGTRR | CRTCGTAGCCTTGGTRR | SATCGTCGCCTTGGTRR | CRTCATYGCCTTGGTRG | CRTCATAGCCTTGGTRR | CATCGTCGCCTTGGTRB | CATCGTCGCCWYGGTGR
268,17,8,3,8,0.7479564105017337,0.7479564105017337,0.760330514263534,62,CATCRTCGCCTTGGTRR | CRTCGTAGCCTTGGTRR | SATCGTCGCCTTGGTRR | CRTCATYGCCTTGGTRG | CRTCATAGCCTTGGTRR | CATCGTCGCCTTGGTRB | CATCGTCGCCWYGGTGR | SATCGTMGSCTTGGTGG
268,17,16,4,1,0.5626657559616316,0.5626657559616316,0.571865210978328,16,CRTCRTCGCCTTGGTRR
268,17,16,4,2,0.6392911593031879,0.6392911593031879,0.6873284053652808,32,CRTCRTCGCCTTGGTRR | SRTCGTAGCCTTGGTRR
268,17,16,4,3,0.6766501840117272,0.6766501840117272,0.7325968925924697,48,CRTCRTCGCCTTGGTRR | SRTCGTAGCCTTGGTRR | SATCRTCGCCTTGGTRS
268,17,16,4,4,0.7596855265326341,0.7596855265326341,0.7911534426771717,64,CRTCRTCGCCTTGGTRR | SRTCGTAGCCTTGGTRR | SATCRTCGCCTTGGTRS | CRTCATWGCCTTGGTRR
268,17,16,4,5,0.7976212694520314,0.7976212694520314,0.8090623663152382,80,CRTCRTCGCCTTGGTRR | SRTCGTAGCCTTGGTRR | SATCRTCGCCTTGGTRS | CRTCATWGCCTTGGTRR | SATCGTYGCCTTGGTRK
268,17,16,4,6,0.8146084064001586,0.8146084064001586,0.8272274972700315,96,CRTCRTCGCCTTGGTRR | SRTCGTAGCCTTGGTRR | SATCRTCGCCTTGGTRS | CRTCATWGCCTTGGTRR | SATCGTYGCCTTGGTRK | SATCGTCGCCWYGGTGR
268,17,16,4,7,0.8297321321872003,0.8297321321872003,0.8450915352716747,112,CRTCRTCGCCTTGGTRR | SRTCGTAGCCTTGGTRR | SATCRTCGCCTTGGTRS | CRTCATWGCCTTGGTRR | SATCGTYGCCTTGGTRK | SATCGTCGCCWYGGTGR | CATCGYWGSCTTGGTGR
268,17,16,4,8,0.8381443400072602,0.8381443400072602,0.8454556992251213,116,CRTCRTCGCCTTGGTRR | SRTCGTAGCCTTGGTRR | SATCRTCGCCTTGGTRS | CRTCATWGCCTTGGTRR | SATCGTYGCCTTGGTRK | SATCGTCGCCWYGGTGR | CATCGYWGSCTTGGTGR | CATCATCGYCTTGGTAK
268,21,4,2,1,0.16097244618002568,0.16097244618002568,0.20094554353170835,4,TACCCATCGTCGCCTTGGTRR
268,21,4,2,2,0.21851410620113135,0.21851410620113135,0.2742955523108475,8,TACCCATCGTCGCCTTGGTRR | TACCSATCGTCGCCTTGGTRG
268,21,4,2,3,0.25603695046184816,0.25603695046184816,0.31767911487328376,12,TACCCATCGTCGCCTTGGTRR | TACCSATCGTCGCCTTGGTRG | TACCCATCRTCGCCTTGGTGR
268,21,4,2,4,0.2733725684818402,0.2733725684818402,0.33352008189245413,16,TACCCATCGTCGCCTTGGTRR | TACCSATCGTCGCCTTGGTRG | TACCCATCRTCGCCTTGGTGR | TACCCRTCGTMGCCTTGGTGG
268,21,4,2,5,0.2807722184100065,0.2807722184100065,0.33986838562590965,20,TACCCATCGTCGCCTTGGTRR | TACCSATCGTCGCCTTGGTRG | TACCCATCRTCGCCTTGGTGR | TACCCRTCGTMGCCTTGGTGG | TACCYATCGTCGCCTTGGTGR
268,21,8,3,1,0.2552075755653013,0.2552075755653013,0.3155289536369922,8,TACCSATCGTCGCCTTGGTRR
268,21,8,3,2,0.40435548089590373,0.40435548089590373,0.4216571282616373,16,TACCSATCGTCGCCTTGGTRR | TACCCRTCATCGCCTTGGTRR
268,21,8,3,3,0.44578881722737135,0.44578881722737135,0.4783882005580635,24,TACCSATCGTCGCCTTGGTRR | TACCCRTCATCGCCTTGGTRR | TACCCRTCGTMGCCTTGGTGR
268,21,8,3,4,0.4598632498137558,0.4598632498137558,0.4986192575908326,32,TACCSATCGTCGCCTTGGTRR | TACCCRTCATCGCCTTGGTRR | TACCCRTCGTMGCCTTGGTGR | TACCYATCGTYGCCTTGGTGR
268,21,16,4,1,0.3500706279547157,0.3500706279547157,0.40119964994095464,16,TACCSATCRTCGCCTTGGTRR
268,21,16,4,2,0.44355714941590224,0.44355714941590224,0.5103871176491309,32,TACCSATCRTCGCCTTGGTRR | TACCCRTCGTMGCCTTGGTRR
268,21,16,4,3,0.4671657160005352,0.4671657160005352,0.5435609391472928,48,TACCSATCRTCGCCTTGGTRR | TACCCRTCGTMGCCTTGGTRR | TACCYATCGTYGCCTTGGTRR
268,23,4,2,1,0.14255236345245223,0.14255236345245223,0.17592881089940374,4,GCTACCCATCGTCGCCTTGGTRR
268,23,4,2,2,0.1956428392878411,0.1956428392878411,0.24258183586233648,8,GCTACCCATCGTCGCCTTGGTRR | GCTACCSATCGTCGCCTTGGTRG
268,23,4,2,3,0.23075056075017578,0.23075056075017578,0.2823154207667891,12,GCTACCCATCGTCGCCTTGGTRR | GCTACCSATCGTCGCCTTGGTRG | GCTACCCATCRTCGCCTTGGTGR
268,23,4,2,4,0.24276202274938627,0.24276202274938627,0.30348053894805727,16,GCTACCCATCGTCGCCTTGGTRR | GCTACCSATCGTCGCCTTGGTRG | GCTACCCATCRTCGCCTTGGTGR | GCTACCCRTCGTCGCCTTGGTGR
268,23,8,3,1,0.22813281085404682,0.22813281085404682,0.27713339108894863,8,GCTACCSATCGTCGCCTTGGTRR
268,23,8,3,2,0.29812762844721047,0.29812762844721047,0.3549866703652813,16,GCTACCSATCGTCGCCTTGGTRR | GCTACCCRTCRTCGCCTTGGTGR
268,23,8,3,3,0.3173536965484958,0.3173536965484958,0.38129487257876277,24,GCTACCSATCGTCGCCTTGGTRR | GCTACCCRTCRTCGCCTTGGTGR | GCTACSSATCGTCGCCTTGGTGR
268,23,16,4,1,0.28965067425177166,0.28965067425177166,0.34500743896956704,16,GCTACCSATCRTCGCCTTGGTRR
268,23,16,4,2,0.362673990801218,0.362673990801218,0.44315788871831835,32,GCTACCSATCRTCGCCTTGGTRR | GCTACCCRTCGTMGCCTTGGTRR
268,23,16,4,3,0.39295233491376863,0.39295233491376863,0.4871666127066043,44,GCTACCSATCRTCGCCTTGGTRR | GCTACCCRTCGTMGCCTTGGTRR | GCTACBSATCGTCGCCTTGGTGR
269,17,4,2,1,0.3286806899750202,0.3286806899750202,0.3644374522716454,4,CSATCGTCGCCTTGGTR
269,17,4,2,2,0.4790159267836574,0.5037572933592686,0.4790159267836574,8,CSATCGTCGCCTTGGTR | CCRTCATCGCCTTGGTR
269,17,4,2,3,0.5548761272518964,0.5557166161276721,0.5548761272518964,12,CSATCGTCGCCTTGGTR | CCRTCATCGCCTTGGTR | CCRTCGTWGCCTTGGTG
269,17,4,2,4,0.5765871464325665,0.5765871464325665,0.5858291349039276,16,CSATCGTCGCCTTGGTR | CCRTCATCGCCTTGGTR | CCRTCGTWGCCTTGGTG | CCRTCGTYGCCTTGGTA
269,17,4,2,5,0.591173435857029,0.591173435857029,0.6067650190988644,20,CSATCGTCGCCTTGGTR | CCRTCATCGCCTTGGTR | CCRTCGTWGCCTTGGTG | CCRTCGTYGCCTTGGTA | CCRTCKTCGCCTTGGTG
269,17,4,2,6,0.6304325777262281,0.6304325777262281,0.6337102890184548,24,CSATCGTCGCCTTGGTR | CCRTCATCGCCTTGGTR | CCRTCGTWGCCTTGGTG | CCRTCGTYGCCTTGGTA | CCRTCKTCGCCTTGGTG | CCRTCATAGCCTTGGTR
269,17,4,2,7,0.6394228898428881,0.6394228898428881,0.6475048737990423,28,CSATCGTCGCCTTGGTR | CCRTCATCGCCTTGGTR | CCRTCGTWGCCTTGGTG | CCRTCGTYGCCTTGGTA | CCRTCKTCGCCTTGGTG | CCRTCATAGCCTTGGTR | CSATCGTMGCCTTGGTA
269,17,4,2,8,0.6515587433172048,0.6515587433172048,0.6635680106403704,32,CSATCGTCGCCTTGGTR | CCRTCATCGCCTTGGTR | CCRTCGTWGCCTTGGTG | CCRTCGTYGCCTTGGTA | CCRTCKTCGCCTTGGTG | CCRTCATAGCCTTGGTR | CSATCGTMGCCTTGGTA | SSATCGTCGCCTTGGTG
269,17,8,3,1,0.4537794791206244,0.4537794791206244,0.45594280460142866,8,CSATCRTCGCCTTGGTR
269,17,8,3,2,0.5641893131966044,0.5641893131966044,0.5920504810079735,16,CSATCRTCGCCTTGGTR | CCRTCGTWGCCTTGGTR
269,17,8,3,3,0.5991698326422853,0.5991698326422853,0.6375194345590617,24,CSATCRTCGCCTTGGTR | CCRTCGTWGCCTTGGTR | CCRTCKTCGCCTTGGTR
269,17,8,3,4,0.6600275277058475,0.6600275277058475,0.6690197508868305,32,CSATCRTCGCCTTGGTR | CCRTCGTWGCCTTGGTR | CCRTCKTCGCCTTGGTR | CCRTCATMGCCTTGGTR
269,17,8,3,5,0.6872443895109427,0.6872443895109427,0.7081981482771477,38,CSATCRTCGCCTTGGTR | CCRTCGTWGCCTTGGTR | CCRTCKTCGCCTTGGTR | CCRTCATMGCCTTGGTR | BSATCGTCGCCTTGGTG
269,17,8,3,6,0.7168358015217521,0.7168358015217521,0.7363856057656685,46,CSATCRTCGCCTTGGTR | CCRTCGTWGCCTTGGTR | CCRTCKTCGCCTTGGTR | CCRTCATMGCCTTGGTR | BSATCGTCGCCTTGGTG | YSATCGTWGCCTTGGTA
269,17,8,3,7,0.7454296510570529,0.7454296510570529,0.7496744747305392,54,CSATCRTCGCCTTGGTR | CCRTCGTWGCCTTGGTR | CCRTCKTCGCCTTGGTR | CCRTCATMGCCTTGGTR | BSATCGTCGCCTTGGTG | YSATCGTWGCCTTGGTA | CCATCATWGYCTTGGTR
269,17,8,3,8,0.750158021278381,0.750158021278381,0.7575751725926912,62,CSATCRTCGCCTTGGTR | CCRTCGTWGCCTTGGTR | CCRTCKTCGCCTTGGTR | CCRTCATMGCCTTGGTR | BSATCGTCGCCTTGGTG | YSATCGTWGCCTTGGTA | CCATCATWGYCTTGGTR | CCATCGTCGSCWYGGTG
269,17,16,4,1,0.5389224060050478,0.5479184819254815,0.5389224060050478,16,CSRTCRTCGCCTTGGTR
269,17,16,4,2,0.6573086170036501,0.6573086170036501,0.6637921967643328,32,CSRTCRTCGCCTTGGTR | CCRTCRTWGCCTTGGTR
269,17,16,4,3,0.7017534390474064,0.7017534390474064,0.7117078590258273,44,CSRTCRTCGCCTTGGTR | CCRTCRTWGCCTTGGTR | BSATCKTCGCCTTGGTG
269,17,16,4,4,0.7465621998408974,0.7465621998408974,0.7618779991375294,60,CSRTCRTCGCCTTGGTR | CCRTCRTWGCCTTGGTR | BSATCKTCGCCTTGGTG | YSATCGTWGCCTTGGTR
269,17,16,4,5,0.7909946801333239,0.7909946801333239,0.7965526926210306,72,CSRTCRTCGCCTTGGTR | CCRTCRTWGCCTTGGTR | BSATCKTCGCCTTGGTG | YSATCGTWGCCTTGGTR | VCATCATCGYCTTGGTR
269,17,16,4,6,0.7962433030488175,0.7962433030488175,0.8099143018877549,88,CSRTCRTCGCCTTGGTR | CCRTCRTWGCCTTGGTR | BSATCKTCGCCTTGGTG | YSATCGTWGCCTTGGTR | VCATCATCGYCTTGGTR | CCRTCGTCGSCWYGGTG
269,17,16,4,7,0.8092265020697674,0.8092265020697674,0.8221372723382077,104,CSRTCRTCGCCTTGGTR | CCRTCRTWGCCTTGGTR | BSATCKTCGCCTTGGTG | YSATCGTWGCCTTGGTR | VCATCATCGYCTTGGTR | CCRTCGTCGSCWYGGTG | SCATCGTWGCCWTGGTR
269,17,16,4,8,0.8321497813392983,0.8358832556230885,0.8321497813392983,120,CSRTCRTCGCCTTGGTR | CCRTCRTWGCCTTGGTR | BSATCKTCGCCTTGGTG | YSATCGTWGCCTTGGTR | VCATCATCGYCTTGGTR | CCRTCGTCGSCWYGGTG | SCATCGTWGCCWTGGTR | CSATCAYAGSCTTGGTR
269,19,4,2,1,0.27263833098886253,0.27263833098886253,0.32504319002941506,4,ACCSATCGTCGCCTTGGTR
269,19,4,2,2,0.4293355130132004,0.4293355130132004,0.43274766360862565,8,ACCSATCGTCGCCTTGGTR | ACCCRTCATCGCCTTGGTR
269,19,4,2,3,0.47087071197382996,0.47087071197382996,0.4910132684390138,12,ACCSATCGTCGCCTTGGTR | ACCCRTCATCGCCTTGGTR | ACCCRTCGTMGCCTTGGTG
269,19,4,2,4,0.4905870309874139,0.4905870309874139,0.5127211619803521,16,ACCSATCGTCGCCTTGGTR | ACCCRTCATCGCCTTGGTR | ACCCRTCGTMGCCTTGGTG | ACSYATCGTCGCCTTGGTG
269,19,4,2,5,0.5096437330921696,0.5096437330921696,0.5387709538411196,20,ACCSATCGTCGCCTTGGTR | ACCCRTCATCGCCTTGGTR | ACCCRTCGTMGCCTTGGTG | ACSYATCGTCGCCTTGGTG | ACCCRTCGTYGCCTTGGTA
269,19,4,2,6,0.5195096021735495,0.5195096021735495,0.5557309306356782,24,ACCSATCGTCGCCTTGGTR | ACCCRTCATCGCCTTGGTR | ACCCRTCGTMGCCTTGGTG | ACSYATCGTCGCCTTGGTG | ACCCRTCGTYGCCTTGGTA | ACCSATCGTYGCCTTGGTG
269,19,4,2,7,0.5326054094344547,0.5326054094344547,0.5640217151201353,28,ACCSATCGTCGCCTTGGTR | ACCCRTCATCGCCTTGGTR | ACCCRTCGTMGCCTTGGTG | ACSYATCGTCGCCTTGGTG | ACCCRTCGTYGCCTTGGTA | ACCSATCGTYGCCTTGGTG | ASMCATCGTCGCCTTGGTG
269,19,4,2,8,0.5416024981774211,0.5416024981774211,0.5755946368145893,32,ACCSATCGTCGCCTTGGTR | ACCCRTCATCGCCTTGGTR | ACCCRTCGTMGCCTTGGTG | ACSYATCGTCGCCTTGGTG | ACCCRTCGTYGCCTTGGTA | ACCSATCGTYGCCTTGGTG | ASMCATCGTCGCCTTGGTG | ACCSATCGTMGCCTTGGTA
269,19,8,3,1,0.3755976069071199,0.3755976069071199,0.41132798008953014,8,ACCSATCRTCGCCTTGGTR
269,19,8,3,2,0.46928542899699915,0.46928542899699915,0.5222566646155691,16,ACCSATCRTCGCCTTGGTR | ACCCRTCGTMGCCTTGGTR
269,19,8,3,3,0.49893594420381504,0.49893594420381504,0.5551819438963523,24,ACCSATCRTCGCCTTGGTR | ACCCRTCGTMGCCTTGGTR | ACSYATCGTYGCCTTGGTG
269,19,8,3,4,0.5273055377382365,0.5273055377382365,0.5677047231002036,32,ACCSATCRTCGCCTTGGTR | ACCCRTCGTMGCCTTGGTR | ACSYATCGTYGCCTTGGTG | ASMCATCGTCGCCTTGGTR
269,19,16,4,1,0.46852327504715313,0.46852327504715313,0.4907738384492631,16,ACCSRTCRTCGCCTTGGTR
269,19,16,4,2,0.5626332655130646,0.5626332655130646,0.5946697888144437,32,ACCSRTCRTCGCCTTGGTR | ACCCRTCRTWGCCTTGGTR
269,19,16,4,3,0.6037733255107243,0.6037733255107243,0.6417071458665876,41,ACCSRTCRTCGCCTTGGTR | ACCCRTCRTWGCCTTGGTR | ACBBATCGTCGCCTTGGTG
269,19,16,4,4,0.61202558038277,0.61202558038277,0.6543457454642171,57,ACCSRTCRTCGCCTTGGTR | ACCCRTCRTWGCCTTGGTR | ACBBATCGTCGCCTTGGTG | ACSYATCGTCGCCWTGGTM
269,19,16,4,5,0.6622997907364289,0.6622997907364289,0.6751859170884708,73,ACCSRTCRTCGCCTTGGTR | ACCCRTCRTWGCCTTGGTR | ACBBATCGTCGCCTTGGTG | ACSYATCGTCGCCWTGGTM | ASMCATCRTCGCCTTGGTR
269,19,16,4,6,0.7122870623086998,0.7122870623086998,0.7217289979183691,89,ACCSRTCRTCGCCTTGGTR | ACCCRTCRTWGCCTTGGTR | ACBBATCGTCGCCTTGGTG | ACSYATCGTCGCCWTGGTM | ASMCATCRTCGCCTTGGTR | ACYSATCGTWGCCTTGGTR
269,19,16,4,7,0.742406391923796,0.7426046702631651,0.742406391923796,105,ACCSRTCRTCGCCTTGGTR | ACCCRTCRTWGCCTTGGTR | ACBBATCGTCGCCTTGGTG | ACSYATCGTCGCCWTGGTM | ASMCATCRTCGCCTTGGTR | ACYSATCGTWGCCTTGGTR | AMMCATCATCGYCTTGGTR
269,19,16,4,8,0.7458837651221742,0.7458837651221742,0.7462114257365305,109,ACCSRTCRTCGCCTTGGTR | ACCCRTCRTWGCCTTGGTR | ACBBATCGTCGCCTTGGTG | ACSYATCGTCGCCWTGGTM | ASMCATCRTCGCCTTGGTR | ACYSATCGTWGCCTTGGTR | AMMCATCATCGYCTTGGTR | ACCCATCGTCGCCWYGGTG
269,23,4,2,1,0.16415087337921372,0.16415087337921372,0.20875755386027647,4,GGCTACCSATCGTCGCCTTGGTR
269,23,4,2,2,0.23416986451660884,0.23416986451660884,0.275580291648821,8,GGCTACCSATCGTCGCCTTGGTR | AGCTACCSATCGTCGCCTTGGTR
269,23,4,2,3,0.27711342144763945,0.27711342144763945,0.32327987249772644,12,GGCTACCSATCGTCGCCTTGGTR | AGCTACCSATCGTCGCCTTGGTR | GGCTACCCRTCRTCGCCTTGGTG
269,23,4,2,4,0.287842643594488,0.287842643594488,0.33929607976405535,16,GGCTACCSATCGTCGCCTTGGTR | AGCTACCSATCGTCGCCTTGGTR | GGCTACCCRTCRTCGCCTTGGTG | CSCTACCCATCGTCGCCTTGGTR
269,23,4,2,5,0.3272836054160198,0.3272836054160198,0.3859037561713758,20,GGCTACCSATCGTCGCCTTGGTR | AGCTACCSATCGTCGCCTTGGTR | GGCTACCCRTCRTCGCCTTGGTG | CSCTACCCATCGTCGCCTTGGTR | AGCTACCCRTCGTMGCCTTGGTG
269,23,8,3,1,0.23416986451660884,0.23416986451660884,0.275580291648821,8,RGCTACCSATCGTCGCCTTGGTR
269,23,8,3,2,0.31679314537885256,0.31679314537885256,0.3447789237871077,16,RGCTACCSATCGTCGCCTTGGTR | GGCTACCCRTCRTCGCCTTGGTR
269,23,8,3,3,0.35252236752570115,0.35252236752570115,0.3808131885199757,24,RGCTACCSATCGTCGCCTTGGTR | GGCTACCCRTCRTCGCCTTGGTR | CSCTACCCRTCGTCGCCTTGGTR
269,23,8,3,4,0.41994388270113037,0.41994388270113037,0.4373683118326281,32,RGCTACCSATCGTCGCCTTGGTR | GGCTACCCRTCRTCGCCTTGGTR | CSCTACCCRTCGTCGCCTTGGTR | AGCTACCCRTCRTMGCCTTGGTG
269,23,16,4,1,0.30290477283022016,0.30290477283022016,0.34044726669672115,16,RGCTACCSATCRTCGCCTTGGTR
269,23,16,4,2,0.357628218146371,0.357628218146371,0.3982489757910599,32,RGCTACCSATCRTCGCCTTGGTR | SSCTACCCRTCGTCGCCTTGGTR
269,23,16,4,3,0.4242592298677282,0.4242592298677282,0.4673728540211694,48,RGCTACCSATCRTCGCCTTGGTR | SSCTACCCRTCGTCGCCTTGGTR | AGCTACCCRTCGWMGCCTTGGTR
269,21,4,2,1,0.2576864995552936,0.2576864995552936,0.30148475549312403,4,CTACCSATCGTCGCCTTGGTR
269,21,4,2,2,0.3310130220805724,0.3310130220805724,0.38248859303465127,8,CTACCSATCGTCGCCTTGGTR | CTACCCRTCRTCGCCTTGGTG
269,21,4,2,3,0.34431696265285683,0.34431696265285683,0.40697420749128516,12,CTACCSATCGTCGCCTTGGTR | CTACCCRTCRTCGCCTTGGTG | CTACCSATCGTYGCCTTGGTG
269,21,4,2,4,0.4444026835570609,0.4444026835570609,0.4610959317360317,16,CTACCSATCGTCGCCTTGGTR | CTACCCRTCRTCGCCTTGGTG | CTACCSATCGTYGCCTTGGTG | CTACCCRTCRTCGCCTTGGTA
269,21,4,2,5,0.4737782345240766,0.4737782345240766,0.49629841059094487,20,CTACCSATCGTCGCCTTGGTR | CTACCCRTCRTCGCCTTGGTG | CTACCSATCGTYGCCTTGGTG | CTACCCRTCRTCGCCTTGGTA | CTACCCRTCGTMGCCTTGGTG
269,21,4,2,6,0.47873940603082205,0.47873940603082205,0.5117052081109427,24,CTACCSATCGTCGCCTTGGTR | CTACCCRTCRTCGCCTTGGTG | CTACCSATCGTYGCCTTGGTG | CTACCCRTCRTCGCCTTGGTA | CTACCCRTCGTMGCCTTGGTG | CTACCCRTCKTCGCCTTGGTG
269,21,4,2,7,0.4950631534051905,0.4950631534051905,0.5286736726220587,28,CTACCSATCGTCGCCTTGGTR | CTACCCRTCRTCGCCTTGGTG | CTACCSATCGTYGCCTTGGTG | CTACCCRTCRTCGCCTTGGTA | CTACCCRTCGTMGCCTTGGTG | CTACCCRTCKTCGCCTTGGTG | CTACSSATCGTCGCCTTGGTG
269,21,4,2,8,0.5061022702709811,0.5061022702709811,0.5449718232183235,32,CTACCSATCGTCGCCTTGGTR | CTACCCRTCRTCGCCTTGGTG | CTACCSATCGTYGCCTTGGTG | CTACCCRTCRTCGCCTTGGTA | CTACCCRTCGTMGCCTTGGTG | CTACCCRTCKTCGCCTTGGTG | CTACSSATCGTCGCCTTGGTG | CTACSCATCGTYGCCTTGGTA
269,21,8,3,1,0.35454389615139664,0.35454389615139664,0.3798164149483472,8,CTACCSATCRTCGCCTTGGTR
269,21,8,3,2,0.44569528449558043,0.44569528449558043,0.48989660069501956,16,CTACCSATCRTCGCCTTGGTR | CTACCCRTCGTMGCCTTGGTR
269,21,8,3,3,0.47570485687875214,0.47570485687875214,0.5246310740116897,24,CTACCSATCRTCGCCTTGGTR | CTACCCRTCGTMGCCTTGGTR | CTACCCATCKTYGCCTTGGTR
269,21,8,3,4,0.5072222107067179,0.5072222107067179,0.5634411049983428,30,CTACCSATCRTCGCCTTGGTR | CTACCCRTCGTMGCCTTGGTR | CTACCCATCKTYGCCTTGGTR | CTACBSATCGTCGCCTTGGTG
269,21,8,3,5,0.5746382476031099,0.5746382476031099,0.5952453251933856,38,CTACCSATCRTCGCCTTGGTR | CTACCCRTCGTMGCCTTGGTR | CTACCCATCKTYGCCTTGGTR | CTACBSATCGTCGCCTTGGTG | CTACCCRTCATMGCCTTGGTR
269,21,16,4,1,0.44171088241369943,0.44171088241369943,0.45925853050013116,16,CTACCSRTCRTCGCCTTGGTR
269,21,16,4,2,0.5000612028059594,0.5000612028059594,0.5373079812543821,32,CTACCSRTCRTCGCCTTGGTR | CTACCCRTCKTYGCCTTGGTR
269,21,16,4,3,0.5416344575156036,0.5416344575156036,0.573648492390678,48,CTACCSRTCRTCGCCTTGGTR | CTACCCRTCKTYGCCTTGGTR | CTACCCRTCGWMGCCTTGGTR
269,21,16,4,4,0.5937121115123033,0.5937121115123033,0.6418586662153428,60,CTACCSRTCRTCGCCTTGGTR | CTACCCRTCKTYGCCTTGGTR | CTACCCRTCGWMGCCTTGGTR | CTACBSATCGTCGCCTTGGTR
269,21,16,4,5,0.6517189725663144,0.6517189725663144,0.6742620994031058,76,CTACCSRTCRTCGCCTTGGTR | CTACCCRTCKTYGCCTTGGTR | CTACCCRTCGWMGCCTTGGTR | CTACBSATCGTCGCCTTGGTR | CTACMCATCATYGYCTTGGTR
269,21,16,4,6,0.6658780026848264,0.6658780026848264,0.6879584207921475,92,CTACCSRTCRTCGCCTTGGTR | CTACCCRTCKTYGCCTTGGTR | CTACCCRTCGWMGCCTTGGTR | CTACBSATCGTCGCCTTGGTR | CTACMCATCATYGYCTTGGTR | CTACCCATCRYAGYCTTGGTR
270,17,4,2,1,0.3765991176533898,0.3765991176533898,0.41201123753293384,4,CCSATCRTCGCCTTGGT
270,17,4,2,2,0.47119495358361946,0.47119495358361946,0.5236250280199006,8,CCSATCRTCGCCTTGGT | CCCRTCGTMGCCTTGGT
270,17,4,2,3,0.5045353307472981,0.5045353307472981,0.5636062404820021,12,CCSATCRTCGCCTTGGT | CCCRTCGTMGCCTTGGT | CCCATCKTYGCCTTGGT
270,17,4,2,4,0.5247680854229472,0.5247680854229472,0.5815030117878381,16,CCSATCRTCGCCTTGGT | CCCRTCGTMGCCTTGGT | CCCATCKTYGCCTTGGT | CSYATCGTCGCCTTGGT
270,17,4,2,5,0.5539115910839076,0.5539115910839076,0.5928180437892651,20,CCSATCRTCGCCTTGGT | CCCRTCGTMGCCTTGGT | CCCATCKTYGCCTTGGT | CSYATCGTCGCCTTGGT | CMCATCRTCGCCTTGGT
270,17,8,3,1,0.4708692660617293,0.4708692660617293,0.4919390463668778,8,CCSRTCRTCGCCTTGGT
270,17,8,3,2,0.5649999789614472,0.5649999789614472,0.5959203097891016,16,CCSRTCRTCGCCTTGGT | CCCRTCRTWGCCTTGGT
270,17,8,3,3,0.5999966370290853,0.5999966370290853,0.637603675368823,22,CCSRTCRTCGCCTTGGT | CCCRTCRTWGCCTTGGT | CSBATCGTCGCCTTGGT
270,17,8,3,4,0.6508428519399884,0.6508428519399884,0.6591260793847108,30,CCSRTCRTCGCCTTGGT | CCCRTCRTWGCCTTGGT | CSBATCGTCGCCTTGGT | SMCATCRTCGCCTTGGT
270,17,8,3,5,0.7029196913866209,0.7029196913866209,0.7151539886679029,38,CCSRTCRTCGCCTTGGT | CCCRTCRTWGCCTTGGT | CSBATCGTCGCCTTGGT | SMCATCRTCGCCTTGGT | CYSATCGTWGCCTTGGT
270,17,16,4,1,0.5496522634655912,0.5496522634655912,0.5761521666639461,16,CCSRTCRTMGCCTTGGT
270,17,16,4,2,0.6390701396928665,0.6390701396928665,0.675655142898357,32,CCSRTCRTMGCCTTGGT | CYSATCKTYGCCTTGGT
270,17,16,4,3,0.7065469655714791,0.7065469655714791,0.7191802737615589,44,CCSRTCRTMGCCTTGGT | CYSATCKTYGCCTTGGT | CVYATCRTCGCCTTGGT
270,17,16,4,4,0.7266718690103336,0.7266718690103336,0.7344927238962123,60,CCSRTCRTMGCCTTGGT | CYSATCKTYGCCTTGGT | CVYATCRTCGCCTTGGT | CMCATCGYAGYCWTGGT
270,17,16,4,5,0.7363331044710675,0.7363331044710675,0.7527576793432015,76,CCSRTCRTMGCCTTGGT | CYSATCKTYGCCTTGGT | CVYATCRTCGCCTTGGT | CMCATCGYAGYCWTGGT | CCCRTCKTYGSCTTGGT
270,19,4,2,1,0.3761812478852093,0.3761812478852093,0.4110084336323643,4,TACCSATCRTCGCCTTGGT
270,19,4,2,2,0.4700396206885952,0.4700396206885952,0.5217284661391866,8,TACCSATCRTCGCCTTGGT | TACCCRTCGTMGCCTTGGT
270,19,4,2,3,0.5033799978522738,0.5033799978522738,0.561711949448846,12,TACCSATCRTCGCCTTGGT | TACCCRTCGTMGCCTTGGT | TACCCATCKTYGCCTTGGT
270,19,4,2,4,0.5236127525279229,0.5236127525279229,0.5797016609309072,16,TACCSATCRTCGCCTTGGT | TACCCRTCGTMGCCTTGGT | TACCCATCKTYGCCTTGGT | TACSYATCGTCGCCTTGGT
270,19,4,2,5,0.5527562581888834,0.5527562581888834,0.5910167056928137,20,TACCSATCRTCGCCTTGGT | TACCCRTCGTMGCCTTGGT | TACCCATCKTYGCCTTGGT | TACSYATCGTCGCCTTGGT | TACMCATCRTCGCCTTGGT
270,19,8,3,1,0.4690872444172549,0.4690872444172549,0.48993408164885316,8,TACCSRTCRTCGCCTTGGT
270,19,8,3,2,0.563844646066423,0.563844646066423,0.5935182071283391,16,TACCSRTCRTCGCCTTGGT | TACCCRTCRTWGCCTTGGT
270,19,8,3,3,0.5987616355553486,0.5987616355553486,0.6353221056084659,22,TACCSRTCRTCGCCTTGGT | TACCCRTCRTWGCCTTGGT | TACSBATCGTCGCCTTGGT
270,19,8,3,4,0.6497100999550042,0.6497100999550042,0.6567761986208799,30,TACCSRTCRTCGCCTTGGT | TACCCRTCRTWGCCTTGGT | TACSBATCGTCGCCTTGGT | TASMCATCRTCGCCTTGGT
270,19,8,3,5,0.7016846899128842,0.7016846899128842,0.712495664707734,38,TACCSRTCRTCGCCTTGGT | TACCCRTCRTWGCCTTGGT | TACSBATCGTCGCCTTGGT | TASMCATCRTCGCCTTGGT | TACYSATCGTWGCCTTGGT
270,19,16,4,1,0.5484570962812108,0.5484570962812108,0.5737092537763586,16,TACCSRTCRTMGCCTTGGT
270,19,16,4,2,0.6378646516830907,0.6378646516830907,0.6729414797302794,32,TACCSRTCRTMGCCTTGGT | TACYSATCKTYGCCTTGGT
270,19,16,4,3,0.7053414775617034,0.7053414775617034,0.716560265356568,44,TACCSRTCRTMGCCTTGGT | TACYSATCKTYGCCTTGGT | TACVYATCRTCGCCTTGGT
270,19,16,4,4,0.7254663810005578,0.7254663810005578,0.7318729109793022,60,TACCSRTCRTMGCCTTGGT | TACYSATCKTYGCCTTGGT | TACVYATCRTCGCCTTGGT | TACMCATCGYAGYCWTGGT
270,19,16,4,5,0.7358650795881353,0.7358650795881353,0.7501418297572333,76,TACCSRTCRTMGCCTTGGT | TACYSATCKTYGCCTTGGT | TACVYATCRTCGCCTTGGT | TACMCATCGYAGYCWTGGT | TACCCRTCKTYGSCTTGGT
271,17,4,2,1,0.3775291041895474,0.3775291041895474,0.41655028963416313,4,ACCSATCRTCGCCTTGG
271,17,4,2,2,0.4785255317880952,0.4785255317880952,0.5366377871987706,8,ACCSATCRTCGCCTTGG | ACCCRTCGTWGCCTTGG
271,17,4,2,3,0.5031926416135339,0.5031926416135339,0.583127549132563,12,ACCSATCRTCGCCTTGG | ACCCRTCGTWGCCTTGG | ACCCRTCKTCGCCTTGG
271,17,4,2,4,0.5256958864531166,0.5256958864531166,0.5947167019192601,16,ACCSATCRTCGCCTTGG | ACCCRTCGTWGCCTTGG | ACCCRTCKTCGCCTTGG | ACCYATCRTCGCCTTGG
271,17,4,2,5,0.5466614787902477,0.5466614787902477,0.6181283179281581,20,ACCSATCRTCGCCTTGG | ACCCRTCGTWGCCTTGG | ACCCRTCKTCGCCTTGG | ACCYATCRTCGCCTTGG | ACSSATCGTCGCCTTGG
271,17,4,2,6,0.5539712811597123,0.5539712811597123,0.6247151139284014,24,ACCSATCRTCGCCTTGG | ACCCRTCGTWGCCTTGG | ACCCRTCKTCGCCTTGG | ACCYATCRTCGCCTTGG | ACSSATCGTCGCCTTGG | ACMCATCGTCGCCTYGG
271,17,4,2,7,0.6030223781952354,0.6030223781952354,0.6522465590971417,28,ACCSATCRTCGCCTTGG | ACCCRTCGTWGCCTTGG | ACCCRTCKTCGCCTTGG | ACCYATCRTCGCCTTGG | ACSSATCGTCGCCTTGG | ACMCATCGTCGCCTYGG | ACCCRTCATMGCCTTGG
271,17,4,2,8,0.6257537617339848,0.6257537617339848,0.6604463780064881,32,ACCSATCRTCGCCTTGG | ACCCRTCGTWGCCTTGG | ACCCRTCKTCGCCTTGG | ACCYATCRTCGCCTTGG | ACSSATCGTCGCCTTGG | ACMCATCGTCGCCTYGG | ACCCRTCATMGCCTTGG | ASMCATCGTCGCCTTGG
271,17,8,3,1,0.4702185550143614,0.4702185550143614,0.4970352458120925,8,ACCSRTCRTCGCCTTGG
271,17,8,3,2,0.5616216601491978,0.5616216601491978,0.6015860772310376,16,ACCSRTCRTCGCCTTGG | ACCCRTCRTWGCCTTGG
271,17,8,3,3,0.5959971568488972,0.5959971568488972,0.6417823871875057,22,ACCSRTCRTCGCCTTGG | ACCCRTCRTWGCCTTGG | ACSBATCGTCGCCTTGG
271,17,8,3,4,0.6262428417346162,0.6262428417346162,0.6583888627118327,30,ACCSRTCRTCGCCTTGG | ACCCRTCRTWGCCTTGG | ACSBATCGTCGCCTTGG | ASMCATCGTCGCCTYGG
271,17,16,4,1,0.5468652421196908,0.5468652421196908,0.5812140955610207,16,ACCSRTCRTMGCCTTGG
271,17,16,4,2,0.632011893225344,0.632011893225344,0.6762018796153177,32,ACCSRTCRTMGCCTTGG | ACYSATCKTYGCCTTGG
271,17,16,4,3,0.6987556640045652,0.6987556640045652,0.7176113935265698,44,ACCSRTCRTMGCCTTGG | ACYSATCKTYGCCTTGG | ACVYATCRTCGCCTTGG
271,17,16,4,4,0.7157427736557013,0.7157427736557013,0.7292931682337134,60,ACCSRTCRTMGCCTTGG | ACYSATCKTYGCCTTGG | ACVYATCRTCGCCTTGG | ASCCATCGTMGCCWYGG
271,17,16,4,5,0.7440448514630984,0.7440448514630984,0.749189766931844,76,ACCSRTCRTMGCCTTGG | ACYSATCKTYGCCTTGG | ACVYATCRTCGCCTTGG | ASCCATCGTMGCCWYGG | ACCCATCRYWGYCTTGG
270,21,4,2,1,0.3120858683177659,0.3120858683177659,0.35256754770688836,4,GCTACCSATCRTCGCCTTGGT
270,21,4,2,2,0.3857870238114711,0.3857870238114711,0.4512992959817173,8,GCTACCSATCRTCGCCTTGGT | GCTACCCRTCGTMGCCTTGGT
270,21,4,2,3,0.4138104459994278,0.4138104459994278,0.49248401806249037,12,GCTACCSATCRTCGCCTTGGT | GCTACCCRTCGTMGCCTTGGT | GCTACSSATCGTCGCCTTGGT
270,21,4,2,4,0.43578861971937305,0.43578861971937305,0.5153239560856763,16,GCTACCSATCRTCGCCTTGGT | GCTACCCRTCGTMGCCTTGGT | GCTACSSATCGTCGCCTTGGT | GCTACCCATCKTYGCCTTGGT
270,21,4,2,5,0.4614776658274784,0.4614776658274784,0.5213545893014736,20,GCTACCSATCRTCGCCTTGGT | GCTACCCRTCGTMGCCTTGGT | GCTACSSATCGTCGCCTTGGT | GCTACCCATCKTYGCCTTGGT | GCTASMCATCGTCGCCTTGGT
270,21,4,2,6,0.5579759170634938,0.5579759170634938,0.5589827822462884,24,GCTACCSATCRTCGCCTTGGT | GCTACCCRTCGTMGCCTTGGT | GCTACSSATCGTCGCCTTGGT | GCTACCCATCKTYGCCTTGGT | GCTASMCATCGTCGCCTTGGT | GCTACCCRTCATMGCCTTGGT
270,21,8,3,1,0.40162810410001737,0.40162810410001737,0.4236493773533563,8,GCTACCSRTCRTCGCCTTGGT
270,21,8,3,2,0.4572477447009254,0.4572477447009254,0.5022174230288798,14,GCTACCSRTCRTCGCCTTGGT | GCTACBSATCGTCGCCTTGGT
270,21,8,3,3,0.5596853471259411,0.5596853471259411,0.5951789019136909,22,GCTACCSRTCRTCGCCTTGGT | GCTACBSATCGTCGCCTTGGT | GCTACCCRTCRTWGCCTTGGT
270,21,8,3,4,0.5711672728624525,0.5711672728624525,0.6229486826942886,30,GCTACCSRTCRTCGCCTTGGT | GCTACBSATCGTCGCCTTGGT | GCTACCCRTCRTWGCCTTGGT | SCTACCCRTCKTCGCCTTGGT
270,21,16,4,1,0.4909756351816809,0.4909756351816809,0.4969879074659698,16,GCTACCSRTCRTMGCCTTGGT
270,21,16,4,2,0.5845607920383733,0.5845607920383733,0.6097335526606377,28,GCTACCSRTCRTMGCCTTGGT | GCTACBSATCGTYGCCTTGGT
270,21,16,4,3,0.6122320635883768,0.6122320635883768,0.6632416618834394,44,GCTACCSRTCRTMGCCTTGGT | GCTACBSATCGTYGCCTTGGT | SCTACCCRTCKTYGCCTTGGT
270,21,16,4,4,0.670851426002522,0.670851426002522,0.7018249489139773,56,GCTACCSRTCRTMGCCTTGGT | GCTACBSATCGTYGCCTTGGT | SCTACCCRTCKTYGCCTTGGT | GCTACVCATCATYGYCTTGGT
270,23,4,2,1,0.23444324661531699,0.23444324661531699,0.27530215456643253,4,CRGCTACCSATCGTCGCCTTGGT
270,23,4,2,2,0.31705662912351135,0.31705662912351135,0.3445008667512249,8,CRGCTACCSATCGTCGCCTTGGT | CGGCTACCCRTCRTCGCCTTGGT
270,23,4,2,3,0.35281441924580004,0.35281441924580004,0.38054305768434166,12,CRGCTACCSATCGTCGCCTTGGT | CGGCTACCCRTCRTCGCCTTGGT | CCSCTACCCRTCGTCGCCTTGGT
270,23,4,2,4,0.39677846731446315,0.39677846731446315,0.4351203708096267,16,CRGCTACCSATCGTCGCCTTGGT | CGGCTACCCRTCRTCGCCTTGGT | CCSCTACCCRTCGTCGCCTTGGT | CAGCTACCCRTCGTMGCCTTGGT
270,23,4,2,5,0.40542274471588957,0.40542274471588957,0.4426054392049415,20,CRGCTACCSATCGTCGCCTTGGT | CGGCTACCCRTCRTCGCCTTGGT | CCSCTACCCRTCGTCGCCTTGGT | CAGCTACCCRTCGTMGCCTTGGT | CCSCTACCSATCGTCGCCTTGGT
270,23,4,2,6,0.42659712624027574,0.42659712624027574,0.4621371597770798,24,CRGCTACCSATCGTCGCCTTGGT | CGGCTACCCRTCRTCGCCTTGGT | CCSCTACCCRTCGTCGCCTTGGT | CAGCTACCCRTCGTMGCCTTGGT | CCSCTACCSATCGTCGCCTTGGT | CGGCTACCCATCKTYGCCTTGGT
270,23,8,3,1,0.3032937052603581,0.3032937052603581,0.3404813188297886,8,CRGCTACCSATCRTCGCCTTGGT
270,23,8,3,2,0.358042484574783,0.358042484574783,0.39829091447952214,16,CRGCTACCSATCRTCGCCTTGGT | CSSCTACCCRTCGTCGCCTTGGT
270,23,8,3,3,0.4400103509102427,0.4400103509102427,0.46662157143087746,24,CRGCTACCSATCRTCGCCTTGGT | CSSCTACCCRTCGTCGCCTTGGT | CAGCTACCCRTCRTMGCCTTGGT
270,23,8,3,4,0.4607838309106334,0.4607838309106334,0.49116834260210723,32,CRGCTACCSATCRTCGCCTTGGT | CSSCTACCCRTCGTCGCCTTGGT | CAGCTACCCRTCRTMGCCTTGGT | CSGCTACYSATCGTCGCCTTGGT
270,23,16,4,1,0.36749132640368454,0.36749132640368454,0.39627912646110935,16,CRGCTACCSRTCRTCGCCTTGGT
270,23,16,4,2,0.44530566425252854,0.44530566425252854,0.48341410329342027,32,CRGCTACCSRTCRTCGCCTTGGT | CCSCTACCCRTCKTMGCCTTGGT
270,23,16,4,3,0.48624321531424036,0.48624321531424036,0.5400257478904316,48,CRGCTACCSRTCRTCGCCTTGGT | CCSCTACCCRTCKTMGCCTTGGT | CGGCTACSYATCRTYGCCTTGGT
270,23,16,4,4,0.528838848447651,0.528838848447651,0.5768392172126108,64,CRGCTACCSRTCRTCGCCTTGGT | CCSCTACCCRTCKTMGCCTTGGT | CGGCTACSYATCRTYGCCTTGGT | CSGCTACYSATCGTYGCCTTGGT
271,19,4,2,1,0.357255934020805,0.357255934020805,0.38496458729040944,4,CTACCSATCRTCGCCTTGG
271,19,4,2,2,0.4485101194449938,0.4485101194449938,0.4953533708949314,8,CTACCSATCRTCGCCTTGG | CTACCCRTCGTMGCCTTGG
271,19,4,2,3,0.48044491983517196,0.48044491983517196,0.5323361506841487,12,CTACCSATCRTCGCCTTGG | CTACCCRTCGTMGCCTTGG | CTACCCATCKTYGCCTTGG
271,19,4,2,4,0.5045207760952598,0.5045207760952598,0.5615168881342814,16,CTACCSATCRTCGCCTTGG | CTACCCRTCGTMGCCTTGG | CTACCCATCKTYGCCTTGG | CTACSSATCGTCGCCTTGG
271,19,4,2,5,0.517909668012739,0.517909668012739,0.5688628109905575,20,CTACCSATCRTCGCCTTGG | CTACCCRTCGTMGCCTTGG | CTACCCATCKTYGCCTTGG | CTACSSATCGTCGCCTTGG | CTASCCATCGTCGCCTYGG
271,19,4,2,6,0.5840342551316157,0.5840342551316157,0.6008398095325844,24,CTACCSATCRTCGCCTTGG | CTACCCRTCGTMGCCTTGG | CTACCCATCKTYGCCTTGG | CTACSSATCGTCGCCTTGG | CTASCCATCGTCGCCTYGG | CTACCCRTCATMGCCTTGG
271,19,4,2,7,0.5904511675695121,0.5904511675695121,0.6059384248205426,28,CTACCSATCRTCGCCTTGG | CTACCCRTCGTMGCCTTGG | CTACCCATCKTYGCCTTGG | CTACSSATCGTCGCCTTGG | CTASCCATCGTCGCCTYGG | CTACCCRTCATMGCCTTGG | CTAYCCATCGTYGCCTTGG
271,19,8,3,1,0.4447818580127038,0.4447818580127038,0.46513383116356755,8,CTACCSRTCRTCGCCTTGG
271,19,8,3,2,0.5392156350411482,0.5392156350411482,0.5671276019552683,16,CTACCSRTCRTCGCCTTGG | CTACCCRTCRTWGCCTTGG
271,19,8,3,3,0.5837941211439966,0.5837941211439966,0.6106656345775116,24,CTACCSRTCRTCGCCTTGG | CTACCCRTCRTWGCCTTGG | CTACSSATCKTCGCCTTGG
271,19,8,3,4,0.6135050114031634,0.6135050114031634,0.6256760183997424,32,CTACCSRTCRTCGCCTTGG | CTACCCRTCRTWGCCTTGG | CTACSSATCKTCGCCTTGG | CTASMCATCGTCGCCTYGG
271,19,16,4,1,0.5241835197681999,0.5241835197681999,0.5364589066788362,16,CTACCSRTCRTMGCCTTGG
271,19,16,4,2,0.6065694110917671,0.6065694110917671,0.6319065576660083,32,CTACCSRTCRTMGCCTTGG | CTACYSATCKTYGCCTTGG
271,19,16,4,3,0.6770375998819654,0.6770375998819654,0.6868589543525366,44,CTACCSRTCRTMGCCTTGG | CTACYSATCKTYGCCTTGG | CTACVSATCRTCGCCTTGG
271,19,16,4,4,0.6908216060818279,0.6908216060818279,0.7021051919824367,60,CTACCSRTCRTMGCCTTGG | CTACYSATCKTYGCCTTGG | CTACVSATCRTCGCCTTGG | CTACCSATCGWWGCCWTGG
271,19,16,4,5,0.7235352401325521,0.7235352401325521,0.7238733667049649,76,CTACCSRTCRTMGCCTTGG | CTACYSATCKTYGCCTTGG | CTACVSATCRTCGCCTTGG | CTACCSATCGWWGCCWTGG | CTACMCATCRTWGYCTTGG
271,19,16,4,6,0.7359080814808198,0.7359080814808198,0.7362945992096516,92,CTACCSRTCRTMGCCTTGG | CTACYSATCKTYGCCTTGG | CTACVSATCRTCGCCTTGG | CTACCSATCGWWGCCWTGG | CTACMCATCRTWGYCTTGG | CTACCCRTCGTCGSCWYGG
271,23,4,2,1,0.19756768252395288,0.19756768252395288,0.23943545629770072,4,CCGGCTACCSATCRTCGCCTTGG
271,23,4,2,2,0.27639300023855995,0.27639300023855995,0.3175813589478614,8,CCGGCTACCSATCRTCGCCTTGG | CCAGCTACCSATCRTCGCCTTGG
271,23,4,2,3,0.2993663016124871,0.2993663016124871,0.3478084471816259,12,CCGGCTACCSATCRTCGCCTTGG | CCAGCTACCSATCRTCGCCTTGG | CCSGCTACCCRTCGTCGCCTTGG
271,23,4,2,4,0.30419086301599585,0.30419086301599585,0.35145603416254617,14,CCGGCTACCSATCRTCGCCTTGG | CCAGCTACCSATCRTCGCCTTGG | CCSGCTACCCRTCGTCGCCTTGG | CCCGCTACCSATCGTCGCCTTGG
271,23,8,3,1,0.27639300023855995,0.27639300023855995,0.3175813589478614,8,CCRGCTACCSATCRTCGCCTTGG
271,23,8,3,2,0.3107301749072346,0.3107301749072346,0.3658703723588797,16,CCRGCTACCSATCRTCGCCTTGG | CCSGCTACCCRTCGTMGCCTTGG
271,23,8,3,3,0.3155547363107433,0.3155547363107433,0.3695179593398001,18,CCRGCTACCSATCRTCGCCTTGG | CCSGCTACCCRTCGTMGCCTTGG | CCCGCTACCSATCGTCGCCTTGG
271,23,16,4,1,0.3333622792885398,0.3333622792885398,0.3742619682645458,16,CCRGCTACCSRTCRTCGCCTTGG
271,23,16,4,2,0.37666131620782345,0.37666131620782345,0.42249481738256905,32,CCRGCTACCSRTCRTCGCCTTGG | CCCSCTACCCRTCRTYGCCTTGG
271,23,16,4,3,0.4355035672388976,0.4355035672388976,0.4742304508140944,48,CCRGCTACCSRTCRTCGCCTTGG | CCCSCTACCCRTCRTYGCCTTGG | CCGGCTACSSATCKTYGCCTTGG
271,23,16,4,4,0.4390123391687221,0.4390123391687221,0.47739339337097636,50,CCRGCTACCSRTCRTCGCCTTGG | CCCSCTACCCRTCRTYGCCTTGG | CCGGCTACSSATCKTYGCCTTGG | CCCGCTACCSATCGTCGCCTTGG
271,21,4,2,1,0.2364701898830446,0.2364701898830446,0.28088176797878733,4,RGCTACCSATCGTCGCCTTGG
271,21,4,2,2,0.31891132063014765,0.31891132063014765,0.349768165331948,8,RGCTACCSATCGTCGCCTTGG | GGCTACCCRTCRTCGCCTTGG
271,21,4,2,3,0.3546688436644727,0.3546688436644727,0.3858021489892936,12,RGCTACCSATCGTCGCCTTGG | GGCTACCCRTCRTCGCCTTGG | CSCTACCCRTCGTCGCCTTGG
271,21,4,2,4,0.3986295984192229,0.3986295984192229,0.440796324843151,16,RGCTACCSATCGTCGCCTTGG | GGCTACCCRTCRTCGCCTTGG | CSCTACCCRTCGTCGCCTTGG | AGCTACCCRTCGTMGCCTTGG
271,21,4,2,5,0.4073088333186647,0.4073088333186647,0.44837209918675325,20,RGCTACCSATCGTCGCCTTGG | GGCTACCCRTCRTCGCCTTGG | CSCTACCCRTCGTCGCCTTGG | AGCTACCCRTCGTMGCCTTGG | CSCTACCSATCGTCGCCTTGG
271,21,8,3,1,0.3053579604466015,0.3053579604466015,0.3454361647048119,8,RGCTACCSATCRTCGCCTTGG
271,21,8,3,2,0.3598915668512506,0.3598915668512506,0.40292540478442257,16,RGCTACCSATCRTCGCCTTGG | SSCTACCCRTCGTCGCCTTGG
271,21,8,3,3,0.4401890534964737,0.4401890534964737,0.47136078898055883,24,RGCTACCSATCRTCGCCTTGG | SSCTACCCRTCGTCGCCTTGG | AGCTACCCRTCRTMGCCTTGG
271,21,8,3,4,0.46058336357603896,0.46058336357603896,0.49573335597206153,32,RGCTACCSATCRTCGCCTTGG | SSCTACCCRTCGTCGCCTTGG | AGCTACCCRTCRTMGCCTTGG | SGCTACYSATCGTCGCCTTGG
271,21,16,4,1,0.3693394046916414,0.3693394046916414,0.4016496064228654,16,RGCTACCSRTCRTCGCCTTGG
271,21,16,4,2,0.44715285301824476,0.44715285301824476,0.489047903050297,32,RGCTACCSRTCRTCGCCTTGG | CSCTACCCRTCKTMGCCTTGG
271,21,16,4,3,0.48705665599760395,0.48705665599760395,0.5444631993361178,48,RGCTACCSRTCRTCGCCTTGG | CSCTACCCRTCKTMGCCTTGG | GGCTACSYATCRTYGCCTTGG
271,21,16,4,4,0.5310848682543835,0.5310848682543835,0.5814110763037045,64,RGCTACCSRTCRTCGCCTTGG | CSCTACCCRTCKTMGCCTTGG | GGCTACSYATCRTYGCCTTGG | SGCTACYSATCGTYGCCTTGG
271,21,16,4,5,0.5661616410977091,0.5661616410977091,0.6126302587541675,80,RGCTACCSRTCRTCGCCTTGG | CSCTACCCRTCKTMGCCTTGG | GGCTACSYATCRTYGCCTTGG | SGCTACYSATCGTYGCCTTGG | SGCTACCCRTCRWAGCCTTGG
272,17,4,2,1,0.3737643051623389,0.3737643051623389,0.4124252334732696,4,TACCSATCRTCGCCTTG
272,17,4,2,2,0.46614132712208906,0.46614132712208906,0.5222544251114477,8,TACCSATCRTCGCCTTG | TACCCRTCGTMGCCTTG
272,17,4,2,3,0.5003885094271714,0.5003885094271714,0.5613638620402817,12,TACCSATCRTCGCCTTG | TACCCRTCGTMGCCTTG | TACCCATCKTYGCCTTG
272,17,4,2,4,0.5203698416041193,0.5203698416041193,0.5741060187135492,16,TACCSATCRTCGCCTTG | TACCCRTCGTMGCCTTG | TACCCATCKTYGCCTTG | TACCYATCGTCGCCWTG
272,17,4,2,5,0.5409196657372957,0.5409196657372957,0.5973525207884091,20,TACCSATCRTCGCCTTG | TACCCRTCGTMGCCTTG | TACCCATCKTYGCCTTG | TACCYATCGTCGCCWTG | TACSSATCGTCGCCTTG
272,17,4,2,6,0.6043526886330316,0.6043526886330316,0.6307078144699961,24,TACCSATCRTCGCCTTG | TACCCRTCGTMGCCTTG | TACCCATCKTYGCCTTG | TACCYATCGTCGCCWTG | TACSSATCGTCGCCTTG | TACCCRTCATMGCCTTG
272,17,4,2,7,0.6325702683680662,0.6325702683680662,0.6420586054912547,28,TACCSATCRTCGCCTTG | TACCCRTCGTMGCCTTG | TACCCATCKTYGCCTTG | TACCYATCGTCGCCWTG | TACSSATCGTCGCCTTG | TACCCRTCATMGCCTTG | TACMCATCRTCGCCTTG
272,17,4,2,8,0.6369942012406182,0.6369942012406182,0.6474083150191552,32,TACCSATCRTCGCCTTG | TACCCRTCGTMGCCTTG | TACCCATCKTYGCCTTG | TACCYATCGTCGCCWTG | TACSSATCGTCGCCTTG | TACCCRTCATMGCCTTG | TACMCATCRTCGCCTTG | TACCCATCGTCGCCWYG
272,17,8,3,1,0.46271886428839104,0.46271886428839104,0.49171609291800705,8,TACCSRTCRTCGCCTTG
272,17,8,3,2,0.5532773310407856,0.5532773310407856,0.5940330749007964,16,TACCSRTCRTCGCCTTG | TACCCRTCRTWGCCTTG
272,17,8,3,3,0.5857790994044255,0.5857790994044255,0.6247421447252597,24,TACCSRTCRTCGCCTTG | TACCCRTCRTWGCCTTG | TACSYATCGTCGCCWTG
272,17,8,3,4,0.6357838888062578,0.6357838888062578,0.6451984627621438,32,TACCSRTCRTCGCCTTG | TACCCRTCRTWGCCTTG | TACSYATCGTCGCCWTG | TASMCATCRTCGCCTTG
272,17,8,3,5,0.6423241250187258,0.6423241250187258,0.652028279963517,40,TACCSRTCRTCGCCTTG | TACCCRTCRTWGCCTTG | TACSYATCGTCGCCWTG | TASMCATCRTCGCCTTG | TACCCATCRTCGCCWYG
272,17,8,3,6,0.6972948191956426,0.6972948191956426,0.7115666973505622,48,TACCSRTCRTCGCCTTG | TACCCRTCRTWGCCTTG | TACSYATCGTCGCCWTG | TASMCATCRTCGCCTTG | TACCCATCRTCGCCWYG | TACYSATCGTWGCCTTG
272,17,16,4,1,0.5394809736672581,0.5394809736672581,0.5747539389544128,16,TACCSRTCRTMGCCTTG
272,17,16,4,2,0.6224269999172101,0.6224269999172101,0.6670159060877996,32,TACCSRTCRTMGCCTTG | TACYSATCKTYGCCTTG
272,17,16,4,3,0.6727063975934153,0.6727063975934153,0.7039231539069353,48,TACCSRTCRTMGCCTTG | TACYSATCKTYGCCTTG | TACSYATCRTCGCCWTG
272,17,16,4,4,0.7064690314985834,0.7064690314985834,0.7235313346548015,64,TACCSRTCRTMGCCTTG | TACYSATCKTYGCCTTG | TACSYATCRTCGCCWTG | TACMCATCRTCGCCWYG
272,17,16,4,5,0.7340908476416002,0.7340908476416002,0.7395388965993028,80,TACCSRTCRTMGCCTTG | TACYSATCKTYGCCTTG | TACSYATCRTCGCCWTG | TACMCATCRTCGCCWYG | TACMCATCRYAGYCTTG
272,17,16,4,6,0.7453070294716847,0.7453070294716847,0.7502907259888064,96,TACCSRTCRTMGCCTTG | TACYSATCKTYGCCTTG | TACSYATCRTCGCCWTG | TACMCATCRTCGCCWYG | TACMCATCRYAGYCTTG | TACCCRTCKTCGSCYTG
272,23,4,2,1,0.14435732524105194,0.14435732524105194,0.17281186817419633,4,RCCGGCTACCCATCRTCGCCTTG
272,23,4,2,2,0.2367067639586309,0.2367067639586309,0.2744624059899628,8,RCCGGCTACCCATCRTCGCCTTG | ACCAGCTACYSATCGTCGCCTTG
272,23,8,3,1,0.18834772182875195,0.18834772182875195,0.2263704170123104,8,RCCGGCTACCSATCRTCGCCTTG
272,23,8,3,2,0.2926478699677976,0.2926478699677976,0.33141153253351335,16,RCCGGCTACCSATCRTCGCCTTG | ACCAGCTACCSRTCRTCGCCTTG
272,23,16,4,1,0.2651616980583334,0.2651616980583334,0.3028637696883845,16,RCCRGCTACCSATCRTCGCCTTG
272,19,4,2,1,0.3110551559517045,0.3110551559517045,0.35410273179549895,4,GCTACCSATCRTCGCCTTG
272,19,4,2,2,0.3837241083362662,0.3837241083362662,0.45263622097241946,8,GCTACCSATCRTCGCCTTG | GCTACCCRTCGTMGCCTTG
272,19,4,2,3,0.410995009537033,0.410995009537033,0.4931988039425998,12,GCTACCSATCRTCGCCTTG | GCTACCCRTCGTMGCCTTG | GCTACSSATCGTCGCCTTG
272,19,4,2,4,0.43486430940351717,0.43486430940351717,0.5153371687608302,16,GCTACCSATCRTCGCCTTG | GCTACCCRTCGTMGCCTTG | GCTACSSATCGTCGCCTTG | GCTACCCATCKTYGCCTTG
272,19,4,2,5,0.4418537466507346,0.4418537466507346,0.5213991536882709,20,GCTACCSATCRTCGCCTTG | GCTACCCRTCGTMGCCTTG | GCTACSSATCGTCGCCTTG | GCTACCCATCKTYGCCTTG | GCTACCCATCGTCGCCWYG
272,19,4,2,6,0.46754138303267445,0.46754138303267445,0.5273890210049432,24,GCTACCSATCRTCGCCTTG | GCTACCCRTCGTMGCCTTG | GCTACSSATCGTCGCCTTG | GCTACCCATCKTYGCCTTG | GCTACCCATCGTCGCCWYG | GCTASMCATCGTCGCCTTG
272,19,4,2,7,0.5606652741149849,0.5606652741149849,0.5646257626828887,28,GCTACCSATCRTCGCCTTG | GCTACCCRTCGTMGCCTTG | GCTACSSATCGTCGCCTTG | GCTACCCATCKTYGCCTTG | GCTACCCATCGTCGCCWYG | GCTASMCATCGTCGCCTTG | GCTACCCRTCATMGCCTTG
272,19,8,3,1,0.3978199620677733,0.3978199620677733,0.4255497728702155,8,GCTACCSRTCRTCGCCTTG
272,19,8,3,2,0.4620131976853352,0.4620131976853352,0.4927460599177396,16,GCTACCSRTCRTCGCCTTG | GCTACSSATCGTYGCCTTG
272,19,8,3,3,0.5549852794129618,0.5549852794129618,0.5796407388303323,24,GCTACCSRTCRTCGCCTTG | GCTACSSATCGTYGCCTTG | GCTACCCRTCRTWGCCTTG
272,19,8,3,4,0.5616642095431338,0.5616642095431338,0.6066707907373896,32,GCTACCSRTCRTCGCCTTG | GCTACSSATCGTYGCCTTG | GCTACCCRTCRTWGCCTTG | GCTACCCRTCKTMGCCTTG
272,19,8,3,5,0.5757246800999994,0.5757246800999994,0.6186850343624921,40,GCTACCSRTCRTCGCCTTG | GCTACSSATCGTYGCCTTG | GCTACCCRTCRTWGCCTTG | GCTACCCRTCKTMGCCTTG | SCTACCCATCGTCGCCWYG
272,19,16,4,1,0.485515719827756,0.485515719827756,0.4989137833815662,16,GCTACCSRTCRTMGCCTTG
272,19,16,4,2,0.5738671851543548,0.5738671851543548,0.6067886844737779,28,GCTACCSRTCRTMGCCTTG | GCTACBSATCGTYGCCTTG
272,19,16,4,3,0.6006865018300315,0.6006865018300315,0.6589055669131109,44,GCTACCSRTCRTMGCCTTG | GCTACBSATCGTYGCCTTG | SCTACCCRTCKTYGCCTTG
272,19,16,4,4,0.6620075960392439,0.6620075960392439,0.6974959302838138,60,GCTACCSRTCRTMGCCTTG | GCTACBSATCGTYGCCTTG | SCTACCCRTCKTYGCCTTG | GCTACMYATCATYGYCTTG
272,19,16,4,5,0.6816368345985446,0.6816368345985446,0.7155271376569411,76,GCTACCSRTCRTMGCCTTG | GCTACBSATCGTYGCCTTG | SCTACCCRTCKTYGCCTTG | GCTACMYATCATYGYCTTG | GCTACMSATCGTCGCCWYG
272,21,4,2,1,0.23513889823413378,0.23513889823413378,0.2792929365679513,4,CRGCTACCSATCGTCGCCTTG
272,21,4,2,2,0.31496487915775584,0.31496487915775584,0.34664088800365844,8,CRGCTACCSATCGTCGCCTTG | CGGCTACCCRTCRTCGCCTTG
272,21,4,2,3,0.35035757216851643,0.35035757216851643,0.3818536046958327,12,CRGCTACCSATCGTCGCCTTG | CGGCTACCCRTCRTCGCCTTG | CCSCTACCCRTCGTCGCCTTG
272,21,4,2,4,0.39431983334137044,0.39431983334137044,0.4368478494867242,16,CRGCTACCSATCGTCGCCTTG | CGGCTACCCRTCRTCGCCTTG | CCSCTACCCRTCGTCGCCTTG | CAGCTACCCRTCGTMGCCTTG
272,21,4,2,5,0.4028398676985006,0.4028398676985006,0.4444268358499072,20,CRGCTACCSATCGTCGCCTTG | CGGCTACCCRTCRTCGCCTTG | CCSCTACCCRTCGTCGCCTTG | CAGCTACCCRTCGTMGCCTTG | CCSCTACCSATCGTCGCCTTG
272,21,4,2,6,0.4258879037680457,0.4258879037680457,0.4632641119776011,24,CRGCTACCSATCGTCGCCTTG | CGGCTACCCRTCRTCGCCTTG | CCSCTACCCRTCGTCGCCTTG | CAGCTACCCRTCGTMGCCTTG | CCSCTACCSATCGTCGCCTTG | CGGCTACCCATCKTYGCCTTG
272,21,8,3,1,0.3022666012005824,0.3022666012005824,0.34199105430444693,8,CRGCTACCSATCRTCGCCTTG
272,21,8,3,2,0.355580733932717,0.355580733932717,0.3986085102022479,16,CRGCTACCSATCRTCGCCTTG | CSSCTACCCRTCGTCGCCTTG
272,21,8,3,3,0.43421327008379684,0.43421327008379684,0.46704398895653826,24,CRGCTACCSATCRTCGCCTTG | CSSCTACCCRTCGTCGCCTTG | CAGCTACCCRTCRTMGCCTTG
272,21,8,3,4,0.4544326538509771,0.4544326538509771,0.49020591992570145,32,CRGCTACCSATCRTCGCCTTG | CSSCTACCCRTCGTCGCCTTG | CAGCTACCCRTCRTMGCCTTG | CSGCTACYSATCGTCGCCTTG
272,21,16,4,1,0.36372723091317893,0.36372723091317893,0.39815407336401626,16,CRGCTACCSRTCRTCGCCTTG
272,21,16,4,2,0.44081105732982057,0.44081105732982057,0.48445957595538464,32,CRGCTACCSRTCRTCGCCTTG | CCSCTACCCRTCKTMGCCTTG
272,21,16,4,3,0.484883699471385,0.484883699471385,0.5308871326606844,44,CRGCTACCSRTCRTCGCCTTG | CCSCTACCCRTCKTMGCCTTG | CGGCTACSCATCDTYGCCTTG
272,21,16,4,4,0.5138766568497607,0.5138766568497607,0.5667507415166986,60,CRGCTACCSRTCRTCGCCTTG | CCSCTACCCRTCKTMGCCTTG | CGGCTACSCATCDTYGCCTTG | CSGCTACYSATCGTYGCCTTG
273,17,4,2,1,0.35170921804458577,0.35170921804458577,0.3804551771382652,4,CTACCSATCRTCGCCTT
273,17,4,2,2,0.44227675401642547,0.44227675401642547,0.48961657180484947,8,CTACCSATCRTCGCCTT | CTACCCRTCGTMGCCTT
273,17,4,2,3,0.4728735002489289,0.4728735002489289,0.5264197496576858,12,CTACCSATCRTCGCCTT | CTACCCRTCGTMGCCTT | CTACCCATCKTYGCCTT
273,17,4,2,4,0.4885382617385352,0.4885382617385352,0.5429652231011076,16,CTACCSATCRTCGCCTT | CTACCCRTCGTMGCCTT | CTACCCATCKTYGCCTT | CTACSCATCGTCGCCWT
273,17,4,2,5,0.5176817673994957,0.5176817673994957,0.5531255379318899,20,CTACCSATCRTCGCCTT | CTACCCRTCGTMGCCTT | CTACCCATCKTYGCCTT | CTACSCATCGTCGCCWT | CTACMCATCRTCGCCTT
273,17,8,3,1,0.43692744972879227,0.43692744972879227,0.4599473337769913,8,CTACCSRTCRTCGCCTT
273,17,8,3,2,0.496405432093453,0.496405432093453,0.5393531046390175,16,CTACCSRTCRTCGCCTT | CTACCCRTCKTYGCCTT
273,17,8,3,3,0.544966975641295,0.544966975641295,0.5748392531238576,24,CTACCSRTCRTCGCCTT | CTACCCRTCKTYGCCTT | CTACCCRTCRTMGCCTT
273,17,8,3,4,0.5890213450463069,0.5890213450463069,0.6345009528728148,30,CTACCSRTCRTCGCCTT | CTACCCRTCKTYGCCTT | CTACCCRTCRTMGCCTT | CTACBSATCGTCGCCTT
273,17,8,3,5,0.6100256311586224,0.6100256311586224,0.6484015972567877,38,CTACCSRTCRTCGCCTT | CTACCCRTCKTYGCCTT | CTACCCRTCRTMGCCTT | CTACBSATCGTCGCCTT | CTASCCATCGTCGCCWY
273,17,8,3,6,0.62769074295183,0.62769074295183,0.6621382323291193,46,CTACCSRTCRTCGCCTT | CTACCCRTCKTYGCCTT | CTACCCRTCRTMGCCTT | CTACBSATCGTCGCCTT | CTASCCATCGTCGCCWY | CTACMSATCGTCGCYTT
273,17,8,3,7,0.6853537523758568,0.6853537523758568,0.6945058696431804,54,CTACCSRTCRTCGCCTT | CTACCCRTCKTYGCCTT | CTACCCRTCRTMGCCTT | CTACBSATCGTCGCCTT | CTASCCATCGTCGCCWY | CTACMSATCGTCGCYTT | CTACMCATCATYGYCTT
273,17,8,3,8,0.70412618971647,0.70412618971647,0.716445638962233,62,CTACCSRTCRTCGCCTT | CTACCCRTCKTYGCCTT | CTACCCRTCRTMGCCTT | CTACBSATCGTCGCCTT | CTASCCATCGTCGCCWY | CTACMSATCGTCGCYTT | CTACMCATCATYGYCTT | CTACYSATCGWAGCCTT
273,17,16,4,1,0.5162715933841563,0.5162715933841563,0.5308223056701483,16,CTACCSRTCRTMGCCTT
273,17,16,4,2,0.6004182641054414,0.6004182641054414,0.6218385586708618,32,CTACCSRTCRTMGCCTT | CTACSSATCKTYGCCTT
273,17,16,4,3,0.6391995885847698,0.6391995885847698,0.6446533529525849,48,CTACCSRTCRTMGCCTT | CTACSSATCKTYGCCTT | CTASMCATCGTCGCCWY
273,17,16,4,4,0.6674167390435684,0.6674167390435684,0.6872361090707108,64,CTACCSRTCRTMGCCTT | CTACSSATCKTYGCCTT | CTASMCATCGTCGCCWY | CTACYSATCGTYGCYTT
273,17,16,4,5,0.7267434595236111,0.7318372606709086,0.7267434595236111,80,CTACCSRTCRTMGCCTT | CTACSSATCKTYGCCTT | CTASMCATCGTCGCCWY | CTACYSATCGTYGCYTT | CTACMYATCATYGYCTT
273,17,16,4,6,0.7446904304709001,0.7454509949933895,0.7446904304709001,96,CTACCSRTCRTMGCCTT | CTACSSATCKTYGCCTT | CTASMCATCGTCGCCWY | CTACYSATCGTYGCYTT | CTACMYATCATYGYCTT | CTACYSATCGWAGCCWT
273,17,16,4,7,0.7457196222586502,0.7457196222586502,0.746395741823518,98,CTACCSRTCRTMGCCTT | CTACSSATCKTYGCCTT | CTASMCATCGTCGCCWY | CTACYSATCGTYGCYTT | CTACMYATCATYGYCTT | CTACYSATCGWAGCCWT | CTACCCATCGTCGCCYT
273,21,4,2,1,0.2065218296191569,0.2065218296191569,0.2523562645572583,4,CCRGCTACCSATCGTCGCCTT
273,21,4,2,2,0.2867304842957355,0.2867304842957355,0.3204300223323003,8,CCRGCTACCSATCGTCGCCTT | CCGGCTACCCRTCRTCGCCTT
273,21,4,2,3,0.29743898604544833,0.29743898604544833,0.3304050272267992,12,CCRGCTACCSATCGTCGCCTT | CCGGCTACCCRTCRTCGCCTT | CCCSCTACCSATCGTCGCCTT
273,21,8,3,1,0.2714163003485029,0.2714163003485029,0.3134813763988894,8,CCRGCTACCSATCRTCGCCTT
273,21,8,3,2,0.3192950923059524,0.3192950923059524,0.37325567273315013,16,CCRGCTACCSATCRTCGCCTT | CCGGCTACSCRTCGTYGCCTT
273,21,8,3,3,0.3623322693447832,0.3623322693447832,0.4361888512316658,24,CCRGCTACCSATCRTCGCCTT | CCGGCTACSCRTCGTYGCCTT | CCMGCTACCCRTCGTMGCCTT
273,21,8,3,4,0.3671568307482919,0.3671568307482919,0.43983643821258606,26,CCRGCTACCSATCRTCGCCTT | CCGGCTACSCRTCGTYGCCTT | CCMGCTACCCRTCGTMGCCTT | CCCGCTACCSATCGTCGCCTT
273,21,16,4,1,0.3277445537574571,0.3277445537574571,0.3701091182064851,16,CCRGCTACCSRTCRTCGCCTT
273,21,16,4,2,0.3703136636694416,0.3703136636694416,0.4169107103700698,32,CCRGCTACCSRTCRTCGCCTT | CCCSCTACCCRTCRTYGCCTT
273,21,16,4,3,0.4282849942751397,0.4282849942751397,0.4680747522478122,48,CCRGCTACCSRTCRTCGCCTT | CCCSCTACCCRTCRTYGCCTT | CCGGCTACSSATCKTYGCCTT
273,21,16,4,4,0.4317937662049643,0.4317937662049643,0.4712376948046942,50,CCRGCTACCSRTCRTCGCCTT | CCCSCTACCCRTCRTYGCCTT | CCGGCTACSSATCKTYGCCTT | CCCGCTACCSATCGTCGCCTT
273,23,4,2,1,0.14171949790783683,0.14171949790783683,0.17075239364923864,4,GRCCGGCTACCCATCRTCGCCTT
273,23,4,2,2,0.2308218050540696,0.2308218050540696,0.2543591504804255,8,GRCCGGCTACCCATCRTCGCCTT | GACCAGCTACCSATCRTCGCCTT
273,23,4,2,3,0.2533604689947239,0.2533604689947239,0.28263995150100013,12,GRCCGGCTACCCATCRTCGCCTT | GACCAGCTACCSATCRTCGCCTT | GACCGGCTACYSATCGTCGCCTT
273,23,8,3,1,0.1849203525778255,0.1849203525778255,0.22041044191970807,8,GRCCGGCTACCSATCRTCGCCTT
273,23,8,3,2,0.28667661768596703,0.28667661768596703,0.3199319306593407,16,GRCCGGCTACCSATCRTCGCCTT | GACCAGCTACCSRTCRTCGCCTT
273,23,16,4,1,0.2598612071415531,0.2598612071415531,0.2918288012061765,16,GRCCRGCTACCSATCRTCGCCTT
273,19,4,2,1,0.2338410222448647,0.2338410222448647,0.27853515737370427,4,RGCTACCSATCGTCGCCTT
273,19,4,2,2,0.3132937095105665,0.3132937095105665,0.3458829038404514,8,RGCTACCSATCGTCGCCTT | GGCTACCCRTCRTCGCCTT
273,19,4,2,3,0.348686269041242,0.348686269041242,0.38115478775128375,12,RGCTACCSATCGTCGCCTT | GGCTACCCRTCRTCGCCTT | CSCTACCCRTCGTCGCCTT
273,19,4,2,4,0.3931583336650358,0.3931583336650358,0.4361223078787544,16,RGCTACCSATCGTCGCCTT | GGCTACCCRTCRTCGCCTT | CSCTACCCRTCGTCGCCTT | AGCTACCCRTCGTMGCCTT
273,19,4,2,5,0.40171591406326096,0.40171591406326096,0.4436297201769641,20,RGCTACCSATCGTCGCCTT | GGCTACCCRTCRTCGCCTT | CSCTACCCRTCGTCGCCTT | AGCTACCCRTCGTMGCCTT | CSCTACCSATCGTCGCCTT
273,19,4,2,6,0.4243513707415134,0.4243513707415134,0.46249785694369994,24,RGCTACCSATCGTCGCCTT | GGCTACCCRTCRTCGCCTT | CSCTACCCRTCGTCGCCTT | AGCTACCCRTCGTMGCCTT | CSCTACCSATCGTCGCCTT | GGCTACCCATCKTYGCCTT
273,19,8,3,1,0.300381374968046,0.300381374968046,0.3412026644495409,8,RGCTACCSATCRTCGCCTT
273,19,8,3,2,0.35390899222801986,0.35390899222801986,0.39787924913431993,16,RGCTACCSATCRTCGCCTT | SSCTACCCRTCGTCGCCTT
273,19,8,3,3,0.43305112207561985,0.43305112207561985,0.4662879776040693,24,RGCTACCSATCRTCGCCTT | SSCTACCCRTCGTCGCCTT | AGCTACCCRTCRTMGCCTT
273,19,8,3,4,0.45047117862254654,0.45047117862254654,0.4835363986072181,32,RGCTACCSATCRTCGCCTT | SSCTACCCRTCGTCGCCTT | AGCTACCCRTCRTMGCCTT | CGCTACYSATCGTYGCCTT
273,19,8,3,5,0.4835474581441453,0.4835474581441453,0.5198175220337385,40,RGCTACCSATCRTCGCCTT | SSCTACCCRTCGTCGCCTT | AGCTACCCRTCRTMGCCTT | CGCTACYSATCGTYGCCTT | GGCTACSCATCKTYGCCTT
273,19,16,4,1,0.36205512690539354,0.36205512690539354,0.39736323865850554,16,RGCTACCSRTCRTCGCCTT
273,19,16,4,2,0.43972966477316106,0.43972966477316106,0.48372598735785427,32,RGCTACCSRTCRTCGCCTT | CSCTACCCRTCKTMGCCTT
273,19,16,4,3,0.47890006107851946,0.47890006107851946,0.5368643598727293,48,RGCTACCSRTCRTCGCCTT | CSCTACCCRTCKTMGCCTT | GGCTACSYATCRTYGCCTT
273,19,16,4,4,0.5202787126045781,0.5202787126045781,0.569164656836028,64,RGCTACCSRTCRTCGCCTT | CSCTACCCRTCKTMGCCTT | GGCTACSYATCRTYGCCTT | SGCTACYSATCGTYGCCTT
274,21,4,2,1,0.13406044548361187,0.13406044548361187,0.18072572798109834,4,RCCGGCTACCSATCGTCGCCT
274,21,4,2,2,0.21656822835415776,0.21656822835415776,0.2663450033396427,8,RCCGGCTACCSATCGTCGCCT | ACCAGCTACCSATCRTCGCCT
274,21,4,2,3,0.23922027289998074,0.23922027289998074,0.2924926896844509,12,RCCGGCTACCSATCGTCGCCT | ACCAGCTACCSATCRTCGCCT | RCCGGCTACCCRTCGTCGCCT
274,21,8,3,1,0.2073571410538019,0.2073571410538019,0.24942404647942554,8,RCCRGCTACCSATCGTCGCCT
274,21,8,3,2,0.25924980815253157,0.25924980815253157,0.3120268630162044,16,RCCRGCTACCSATCGTCGCCT | ACCRGCTACCCRTCGTMGCCT
274,21,16,4,1,0.26652225342221064,0.26652225342221064,0.3004401510288539,16,RCCRGCTACCSATCRTCGCCT
274,17,4,2,1,0.3100382728136364,0.3100382728136364,0.34845547894488155,4,GCTACCSATCRTCGCCT
274,17,4,2,2,0.3835797407274815,0.3835797407274815,0.44548622586802744,8,GCTACCSATCRTCGCCT | GCTACCCRTCGTMGCCT
274,17,4,2,3,0.4133785388188249,0.4133785388188249,0.4909347217331243,12,GCTACCSATCRTCGCCT | GCTACCCRTCGTMGCCT | GCTACSSATCGTCGCCT
274,17,4,2,4,0.420472246350213,0.420472246350213,0.5040398562673147,16,GCTACCSATCRTCGCCT | GCTACCCRTCGTMGCCT | GCTACSSATCGTCGCCT | GCTACCCATCGTCGYCW
274,17,4,2,5,0.4358306578555365,0.4358306578555365,0.5133988715821666,20,GCTACCSATCRTCGCCT | GCTACCCRTCGTMGCCT | GCTACSSATCGTCGCCT | GCTACCCATCGTCGYCW | GCTACCCATCGTYGSCT
274,17,4,2,6,0.522341944695439,0.522341944695439,0.5476708031011287,24,GCTACCSATCRTCGCCT | GCTACCCRTCGTMGCCT | GCTACSSATCGTCGCCT | GCTACCCATCGTCGYCW | GCTACCCATCGTYGSCT | GCTACCCRTCATMGCCT
274,17,4,2,7,0.5406114561313061,0.5406114561313061,0.5641530050489157,28,GCTACCSATCRTCGCCT | GCTACCCRTCGTMGCCT | GCTACSSATCGTCGCCT | GCTACCCATCGTCGYCW | GCTACCCATCGTYGSCT | GCTACCCRTCATMGCCT | GCTACCCATCKTYGCCT
274,17,4,2,8,0.546175529671815,0.546175529671815,0.5735639986990285,32,GCTACCSATCRTCGCCT | GCTACCCRTCGTMGCCT | GCTACSSATCGTCGCCT | GCTACCCATCGTCGYCW | GCTACCCATCGTYGSCT | GCTACCCRTCATMGCCT | GCTACCCATCKTYGCCT | SCTACCCRTCGTCGCCT
274,17,8,3,1,0.39082859957494415,0.39082859957494415,0.4164849888833559,8,GCTACCSRTCRTCGCCT
274,17,8,3,2,0.45752121781551064,0.45752121781551064,0.4888925729666065,16,GCTACCSRTCRTCGCCT | GCTACSSATCGTYGCCT
274,17,8,3,3,0.552120437232516,0.552120437232516,0.5739986115454548,24,GCTACCSRTCRTCGCCT | GCTACSSATCGTYGCCT | GCTACCCRTCRTWGCCT
274,17,8,3,4,0.5738013606296313,0.5738013606296313,0.602060249971765,32,GCTACCSRTCRTCGCCT | GCTACSSATCGTYGCCT | GCTACCCRTCRTWGCCT | GCTACCCATCRTCGYCW
274,17,8,3,5,0.5962685864884393,0.5962685864884393,0.6303711872457938,40,GCTACCSRTCRTCGCCT | GCTACSSATCGTYGCCT | GCTACCCRTCRTWGCCT | GCTACCCATCRTCGYCW | GCTACCCRTCKTCGSCT
274,17,8,3,6,0.6329615524973328,0.6329615524973328,0.6398789379634315,48,GCTACCSRTCRTCGCCT | GCTACSSATCGTYGCCT | GCTACCCRTCRTWGCCT | GCTACCCATCRTCGYCW | GCTACCCRTCKTCGSCT | GCTASMCATCRTCGCCT
274,17,16,4,1,0.478449206449379,0.478449206449379,0.4887290972836246,16,GCTACCSRTCRTMGCCT
274,17,16,4,2,0.5652812710512746,0.5652812710512746,0.593390175025208,28,GCTACCSRTCRTMGCCT | GCTACBSATCGTYGCCT
274,17,16,4,3,0.6174657951957766,0.6174657951957766,0.6328502481064625,44,GCTACCSRTCRTMGCCT | GCTACBSATCGTYGCCT | GCTACMCATCRTCGYCW
274,17,16,4,4,0.6460219800068907,0.6460219800068907,0.6782832260961542,60,GCTACCSRTCRTMGCCT | GCTACBSATCGTYGCCT | GCTACMCATCRTCGYCW | GCTACCCRTCKTYGSCT
274,17,16,4,5,0.6574752826008047,0.6574752826008047,0.6932624016914021,76,GCTACCSRTCRTMGCCT | GCTACBSATCGTYGCCT | GCTACMCATCRTCGYCW | GCTACCCRTCKTYGSCT | GCTACCYATCRTYGCYT
274,17,16,4,6,0.6918204265937296,0.6918204265937296,0.7100742052651093,92,GCTACCSRTCRTMGCCT | GCTACBSATCGTYGCCT | GCTACMCATCRTCGYCW | GCTACCCRTCKTYGSCT | GCTACCYATCRTYGCYT | SCTASMCATCGTCGSCT
274,23,4,2,1,0.16569526199220427,0.16569526199220427,0.18204700942923913,4,AGGCCGGCTACCCRTCRTCGCCT
274,23,4,2,2,0.2647867599810942,0.2647867599810942,0.27465546148755626,8,AGGCCGGCTACCCRTCRTCGCCT | AGACCAGCTACYSATCGTCGCCT
274,23,4,2,3,0.26531154554450426,0.26531154554450426,0.27489553467072275,9,AGGCCGGCTACCCRTCRTCGCCT | AGACCAGCTACYSATCGTCGCCT | AGACCGGCTACCCATCGTCGCCT
274,23,8,3,1,0.188730963106195,0.188730963106195,0.2135721446677287,8,AGGCCGGCTACCSRTCRTCGCCT
274,23,8,3,2,0.2983343978332255,0.2983343978332255,0.324072231493645,16,AGGCCGGCTACCSRTCRTCGCCT | AGACCAGCTACYSATCRTCGCCT
274,23,8,3,3,0.2988591833966356,0.2988591833966356,0.32431230467681155,17,AGGCCGGCTACCSRTCRTCGCCT | AGACCAGCTACYSATCRTCGCCT | AGACCGGCTACCCATCGTCGCCT
274,23,16,4,1,0.21992106752402993,0.21992106752402993,0.24342507779079428,16,AGRCCGGCTACCSRTCRTCGCCT
274,23,16,4,2,0.32720656825058486,0.32720656825058486,0.3509870996921595,28,AGRCCGGCTACCSRTCRTCGCCT | AGACCAGCTACBSATCGTYGCCT
274,23,16,4,3,0.3282733984163277,0.3282733984163277,0.3526387629053509,29,AGRCCGGCTACCSRTCRTCGCCT | AGACCAGCTACBSATCGTYGCCT | AGACCCGCTACCCATCGTCGCCT
274,19,4,2,1,0.23756898790503692,0.23756898790503692,0.280122010728224,4,CRGCTACCSATCGTCGCCT
274,19,4,2,2,0.3175401740887642,0.3175401740887642,0.34109829399981023,8,CRGCTACCSATCGTCGCCT | CGGCTACCCRTCRTCGCCT
274,19,4,2,3,0.3529457701316688,0.3529457701316688,0.3757699559174907,12,CRGCTACCSATCGTCGCCT | CGGCTACCCRTCRTCGCCT | CCSCTACCCRTCGTCGCCT
274,19,4,2,4,0.399085969703066,0.399085969703066,0.43008829253344555,16,CRGCTACCSATCGTCGCCT | CGGCTACCCRTCRTCGCCT | CCSCTACCCRTCGTCGCCT | CAGCTACCCRTCGTMGCCT
274,19,4,2,5,0.4077230483307517,0.4077230483307517,0.43700152681556953,20,CRGCTACCSATCGTCGCCT | CGGCTACCCRTCRTCGCCT | CCSCTACCCRTCGTCGCCT | CAGCTACCCRTCGTMGCCT | CCGCTACCSATCGTCGCCW
274,19,4,2,6,0.4197438657971137,0.4197438657971137,0.466592534637925,24,CRGCTACCSATCGTCGCCT | CGGCTACCCRTCRTCGCCT | CCSCTACCCRTCGTCGCCT | CAGCTACCCRTCGTMGCCT | CCGCTACCSATCGTCGCCW | CGGCTACSCATCGTCGYCT
274,19,8,3,1,0.30049184303310655,0.30049184303310655,0.3359848181318648,8,CRGCTACCSATCRTCGCCT
274,19,8,3,2,0.3533772295973964,0.3533772295973964,0.3917467538463671,16,CRGCTACCSATCRTCGCCT | CSSCTACCCRTCGTCGCCT
274,19,8,3,3,0.42244156239527836,0.42244156239527836,0.4604371233339946,24,CRGCTACCSATCRTCGCCT | CSSCTACCCRTCGTCGCCT | CAGCTACCCRTCGWMGCCT
274,19,8,3,4,0.43548049253775895,0.43548049253775895,0.47255806683894686,32,CRGCTACCSATCRTCGCCT | CSSCTACCCRTCGTCGCCT | CAGCTACCCRTCGWMGCCT | CCGCTACYSATCGTCGCCW
274,19,16,4,1,0.35601786579923544,0.35601786579923544,0.388786927755942,16,CRGCTACCSRTCRTCGCCT
274,19,16,4,2,0.43187166765251006,0.43187166765251006,0.47168478547028186,32,CRGCTACCSRTCRTCGCCT | CCSCTACCCRTCKTMGCCT
274,19,16,4,3,0.47216627360851543,0.47216627360851543,0.5251338458719844,48,CRGCTACCSRTCRTCGCCT | CCSCTACCCRTCKTMGCCT | CGGCTACSCATCRTYGYCT
274,19,16,4,4,0.4956386299738958,0.4956386299738958,0.5531188066217105,64,CRGCTACCSRTCRTCGCCT | CCSCTACCCRTCKTMGCCT | CGGCTACSCATCRTYGYCT | CMGCTACYSATCGTCGCCW
275,21,4,2,1,0.1390217428143543,0.1390217428143543,0.18646331130894087,4,GRCCGGCTACCSATCGTCGCC
275,21,4,2,2,0.2216332489697723,0.2216332489697723,0.2664797502188661,8,GRCCGGCTACCSATCGTCGCC | GACCAGCTACCSATCRTCGCC
275,21,8,3,1,0.21203706314738266,0.21203706314738266,0.246983095897688,8,GRCCRGCTACCSATCGTCGCC
275,21,16,4,1,0.270453123697958,0.270453123697958,0.3014173688001995,16,GRCCRGCTACCSATCRTCGCC
275,17,4,2,1,0.24537247732082665,0.24537247732082665,0.2907201212866725,4,RGCTACCSATCGTCGCC
275,17,4,2,2,0.3275966479589951,0.3275966479589951,0.3539056755820334,8,RGCTACCSATCGTCGCC | GGCTACCCRTCRTCGCC
275,17,4,2,3,0.3662723830846895,0.3662723830846895,0.39178590606790414,12,RGCTACCSATCGTCGCC | GGCTACCCRTCRTCGCC | CSCTACCCRTCGTCGCC
275,17,4,2,4,0.41249079585505516,0.41249079585505516,0.44607755102402696,16,RGCTACCSATCGTCGCC | GGCTACCCRTCRTCGCC | CSCTACCCRTCGTCGCC | AGCTACCCRTCGTMGCC
275,17,4,2,5,0.42114730493099706,0.42114730493099706,0.4533518580168579,20,RGCTACCSATCGTCGCC | GGCTACCCRTCRTCGCC | CSCTACCCRTCGTCGCC | AGCTACCCRTCGTMGCC | CGCTACYSATCGTCGCC
275,17,4,2,6,0.43320932360379083,0.43320932360379083,0.4806897316546583,24,RGCTACCSATCGTCGCC | GGCTACCCRTCRTCGCC | CSCTACCCRTCGTCGCC | AGCTACCCRTCGTMGCC | CGCTACYSATCGTCGCC | GGCTACSCATCGTCGYC
275,17,8,3,1,0.3101744286915566,0.3101744286915566,0.3488218445669103,8,RGCTACCSATCRTCGCC
275,17,8,3,2,0.3661161020525682,0.3661161020525682,0.40775956550889325,16,RGCTACCSATCRTCGCC | SSCTACCCRTCGTCGCC
275,17,8,3,3,0.43568586499668377,0.43568586499668377,0.4769470054682761,24,RGCTACCSATCRTCGCC | SSCTACCCRTCGTCGCC | AGCTACCCRTCGWMGCC
275,17,8,3,4,0.45501163008226797,0.45501163008226797,0.4958823450040492,32,RGCTACCSATCRTCGCC | SSCTACCCRTCGTCGCC | AGCTACCCRTCGWMGCC | CGCTACYSATCGTYGCC
275,17,16,4,1,0.36607293264902324,0.36607293264902324,0.4015904836363146,16,RGCTACCSRTCRTCGCC
275,17,16,4,2,0.4474167245290029,0.4474167245290029,0.4888572370577419,32,RGCTACCSRTCRTCGCC | CSCTACCCRTCKTMGCC
275,17,16,4,3,0.4899215820958922,0.4899215820958922,0.5381672113900379,48,RGCTACCSRTCRTCGCC | CSCTACCCRTCKTMGCC | GGCTACSCATCRTYGYC
275,17,16,4,4,0.5267688022926015,0.5267688022926015,0.5799044790826634,64,RGCTACCSRTCRTCGCC | CSCTACCCRTCKTMGCC | GGCTACSCATCRTYGYC | MGCTACYSATCGTYGCC
275,23,4,2,1,0.16475855025269298,0.16475855025269298,0.1892232939980016,4,CAGGCCGGCTACCCRTCRTCGCC
275,23,4,2,2,0.2647816477851408,0.2647816477851408,0.282439973513583,8,CAGGCCGGCTACCCRTCRTCGCC | CAGACCAGCTACYSATCGTCGCC
275,23,4,2,3,0.2651867103983944,0.2651867103983944,0.28262901587413264,9,CAGGCCGGCTACCCRTCRTCGCC | CAGACCAGCTACYSATCGTCGCC | CAGACCGGCTACCCATCGTCGCC
275,23,8,3,1,0.18783806588604904,0.18783806588604904,0.22211145113522737,8,CAGGCCGGCTACCSRTCRTCGCC
275,23,8,3,2,0.3034741779583217,0.3034741779583217,0.33611183952767903,14,CAGGCCGGCTACCSRTCRTCGCC | CAGACCAGCTACBSATCGTCGCC
275,23,8,3,3,0.3045411799056225,0.3045411799056225,0.33776350274087047,15,CAGGCCGGCTACCSRTCRTCGCC | CAGACCAGCTACBSATCGTCGCC | CAGACCCGCTACCCATCGTCGCC
275,23,16,4,1,0.21829096027537023,0.21829096027537023,0.25182628302011295,16,CAGRCCGGCTACCSRTCRTCGCC
275,23,16,4,2,0.3259075903963769,0.3259075903963769,0.35993693115523345,28,CAGRCCGGCTACCSRTCRTCGCC | CAGACCAGCTACBSATCGTYGCC
275,23,16,4,3,0.3269745923436777,0.3269745923436777,0.3615885943684249,29,CAGRCCGGCTACCSRTCRTCGCC | CAGACCAGCTACBSATCGTYGCC | CAGACCCGCTACCCATCGTCGCC
275,19,4,2,1,0.2178017711038551,0.2178017711038551,0.26532560864931437,4,CCRGCTACCSATCGTCGCC
275,19,4,2,2,0.299115488350449,0.299115488350449,0.3292371485454285,8,CCRGCTACCSATCGTCGCC | CCGGCTACCCRTCRTCGCC
275,19,4,2,3,0.3040134851109349,0.3040134851109349,0.34781437836099816,12,CCRGCTACCSATCGTCGCC | CCGGCTACCCRTCRTCGCC | CCCGCTACCCRTCGTMGCC
275,19,4,2,4,0.31582185084111286,0.31582185084111286,0.35479347140853984,16,CCRGCTACCSATCGTCGCC | CCGGCTACCCRTCRTCGCC | CCCGCTACCCRTCGTMGCC | CCCSCTACCSATCGTCGCC
275,19,4,2,5,0.3588516293254438,0.3588516293254438,0.40368357103733876,20,CCRGCTACCSATCGTCGCC | CCGGCTACCCRTCRTCGCC | CCCGCTACCCRTCGTMGCC | CCCSCTACCSATCGTCGCC | CCAGCTACCCRTCGTMGCC
275,19,4,2,6,0.3788392481448382,0.3788392481448382,0.4292764302095053,24,CCRGCTACCSATCGTCGCC | CCGGCTACCCRTCRTCGCC | CCCGCTACCCRTCGTMGCC | CCCSCTACCSATCGTCGCC | CCAGCTACCCRTCGTMGCC | CCGGCTACSCATCGTCGYC
275,19,8,3,1,0.27929147007732763,0.27929147007732763,0.3218849285989244,8,CCRGCTACCSATCRTCGCC
275,19,8,3,2,0.3125349367170958,0.3125349367170958,0.37078257911408935,16,CCRGCTACCSATCRTCGCC | CCSGCTACCCRTCGTMGCC
275,19,8,3,3,0.3312473722147156,0.3312473722147156,0.3897930367929463,24,CCRGCTACCSATCRTCGCC | CCSGCTACCCRTCGTMGCC | MCCSCTACCSATCGTCGCC
275,19,8,3,4,0.36079009292126346,0.36079009292126346,0.4285336368785751,32,CCRGCTACCSATCRTCGCC | CCSGCTACCCRTCGTMGCC | MCCSCTACCSATCGTCGCC | CCGGCTACSCATCGTYGYC
275,19,16,4,1,0.3381778027088032,0.3381778027088032,0.37574495235688227,16,CCRGCTACCSRTCRTCGCC
275,19,16,4,2,0.3837092325519562,0.3837092325519562,0.42225775535079024,32,CCRGCTACCSRTCRTCGCC | CCCSCTACCCRTCRTYGCC
275,19,16,4,3,0.4455169263820414,0.4455169263820414,0.47071793633877107,48,CCRGCTACCSRTCRTCGCC | CCCSCTACCCRTCRTYGCC | CCGGCTACSCATCKTYGYC
275,19,16,4,4,0.4506205946436043,0.4506205946436043,0.4746182116523226,50,CCRGCTACCSRTCRTCGCC | CCCSCTACCCRTCRTYGCC | CCGGCTACSCATCKTYGYC | CCCGCTACCSATCGTCGCC
276,19,4,2,1,0.1390281870748458,0.1390281870748458,0.18638487697821984,4,RCCGGCTACCSATCGTCGC
276,19,4,2,2,0.222305137248382,0.222305137248382,0.26943883045516187,8,RCCGGCTACCSATCGTCGC | ACCAGCTACCSATCGTYGC
276,19,4,2,3,0.2669160453721711,0.2669160453721711,0.2965417497082255,12,RCCGGCTACCSATCGTCGC | ACCAGCTACCSATCGTYGC | RCCGGCTACCCATCRTCGC
276,19,8,3,1,0.21363032182702366,0.21363032182702366,0.25492857135390196,8,RCCRGCTACCSATCGTCGC
276,19,8,3,2,0.29202604157351497,0.29202604157351497,0.30743657748561376,16,RCCRGCTACCSATCGTCGC | RCCGGCTACCCRTCRTCGC
276,19,8,3,3,0.3078124407545466,0.3078124407545466,0.33800381881929537,24,RCCRGCTACCSATCGTCGC | RCCGGCTACCCRTCRTCGC | ACCMGCTACCCRTCGTYGC
276,19,16,4,1,0.27130713337573054,0.27130713337573054,0.30125038095067197,16,RCCRGCTACCSATCRTCGC
276,17,4,2,1,0.24401329410180592,0.24401329410180592,0.2860747133724097,4,CRGCTACCSATCGTCGC
276,17,4,2,2,0.3255985764527534,0.3255985764527534,0.34589997025717506,8,CRGCTACCSATCGTCGC | CGGCTACCCRTCRTCGC
276,17,4,2,3,0.3450184205390155,0.3450184205390155,0.3741684971207631,12,CRGCTACCSATCGTCGC | CGGCTACCCRTCRTCGC | CCSCTACCCATCGTYGC
276,17,4,2,4,0.35923711505579603,0.35923711505579603,0.39593633880033646,16,CRGCTACCSATCGTCGC | CGGCTACCCRTCRTCGC | CCSCTACCCATCGTYGC | CAGCTACCCRTCGTYGC
276,17,4,2,5,0.36494239302280657,0.36494239302280657,0.41288576474322297,20,CRGCTACCSATCGTCGC | CGGCTACCCRTCRTCGC | CCSCTACCCATCGTYGC | CAGCTACCCRTCGTYGC | CCGCTACCCRTCGTMGC
276,17,4,2,6,0.37343946356808627,0.37343946356808627,0.4204459350612731,24,CRGCTACCSATCGTCGC | CGGCTACCCRTCRTCGC | CCSCTACCCATCGTYGC | CAGCTACCCRTCGTYGC | CCGCTACCCRTCGTMGC | CCGCTACYSATCGTCGC
276,17,8,3,1,0.3069002544756987,0.3069002544756987,0.33806497464493446,8,CRGCTACCSATCRTCGC
276,17,8,3,2,0.36098093056531594,0.36098093056531594,0.39387116210249035,16,CRGCTACCSATCRTCGC | CCSCTACCCRTCGTYGC
276,17,8,3,3,0.4002022391434667,0.4002022391434667,0.4450245058698454,22,CRGCTACCSATCRTCGC | CCSCTACCCRTCGTYGC | CGGCTACCCRTCGTHGC
276,17,8,3,4,0.4604948499671529,0.4604948499671529,0.5040991534411152,30,CRGCTACCSATCRTCGC | CCSCTACCCRTCGTYGC | CGGCTACCCRTCGTHGC | CAGCTACCCRTCGWMGC
276,17,8,3,5,0.46471421158243037,0.46471421158243037,0.5202452831769002,38,CRGCTACCSATCRTCGC | CCSCTACCCRTCGTYGC | CGGCTACCCRTCGTHGC | CAGCTACCCRTCGWMGC | CCGCTACCYATCKTMGC
276,17,8,3,6,0.48293818115072035,0.48293818115072035,0.538111404097717,46,CRGCTACCSATCRTCGC | CCSCTACCCRTCGTYGC | CGGCTACCCRTCGTHGC | CAGCTACCCRTCGWMGC | CCGCTACCYATCKTMGC | CCGCTACYSATCGTYGC
276,17,16,4,1,0.36179632155862,0.36179632155862,0.3907883376651693,16,CRGCTACCSATCRTYGC
276,17,16,4,2,0.46578602185837675,0.46578602185837675,0.49622426086113974,32,CRGCTACCSATCRTYGC | CMSCTACCCRTCGTMGC
276,17,16,4,3,0.4917997294369259,0.4917997294369259,0.5424429598441102,48,CRGCTACCSATCRTYGC | CMSCTACCCRTCGTMGC | CSGCTACCCRTCKTYGC
276,17,16,4,4,0.5195539299531297,0.5195539299531297,0.5676088806987428,64,CRGCTACCSATCRTYGC | CMSCTACCCRTCGTMGC | CSGCTACCCRTCKTYGC | CMGCTACYSATCGTCGS
276,21,4,2,1,0.17110166353284129,0.17110166353284129,0.18528855501557093,4,AGGCCGGCTACCCRTCRTCGC
276,21,4,2,2,0.26765543150362064,0.26765543150362064,0.2751585424465229,8,AGGCCGGCTACCCRTCRTCGC | AGACCAGCTACYSATCGTCGC
276,21,4,2,3,0.2681400188730971,0.2681400188730971,0.2753475769970292,9,AGGCCGGCTACCCRTCRTCGC | AGACCAGCTACYSATCGTCGC | AGACCGGCTACCCATCGTCGC
276,21,8,3,1,0.19381497370743248,0.19381497370743248,0.21668295715979158,8,AGGCCGGCTACCSRTCRTCGC
276,21,8,3,2,0.3056763319722819,0.3056763319722819,0.3260567603085916,16,AGGCCGGCTACCSRTCRTCGC | AGACCAGCTACYSATCGTYGC
276,21,8,3,3,0.3067431621380247,0.3067431621380247,0.3277082595108747,17,AGGCCGGCTACCSRTCRTCGC | AGACCAGCTACYSATCGTYGC | AGACCCGCTACCCATCGTCGC
276,21,16,4,1,0.2237803448677349,0.2237803448677349,0.2400413483307323,16,AGGCCRGCTACCSRTCRTCGC
276,21,16,4,2,0.33349334897397975,0.33349334897397975,0.3532955744685334,28,AGGCCRGCTACCSRTCRTCGC | AGACCAGCTACBSATCGTYGC
276,21,16,4,3,0.3345601791397225,0.3345601791397225,0.35494707367081646,29,AGGCCRGCTACCSRTCRTCGC | AGACCAGCTACBSATCGTYGC | AGACCCGCTACCCATCGTCGC
276,21,16,4,4,0.33504476650919895,0.33504476650919895,0.35513610822132285,30,AGGCCRGCTACCSRTCRTCGC | AGACCAGCTACBSATCGTYGC | AGACCCGCTACCCATCGTCGC | AGACCGGCTACCCATCGTCGC
276,23,4,2,1,0.1637632313452757,0.1637632313452757,0.18500523592152074,4,TCAGGCCGGCTACCCRTCRTCGC
276,23,4,2,2,0.25961634795991456,0.25961634795991456,0.27212136258031894,8,TCAGGCCGGCTACCCRTCRTCGC | TCAGACCAGCTACYSATCGTCGC
276,23,4,2,3,0.26002124777332336,0.26002124777332336,0.27227775091401973,9,TCAGGCCGGCTACCCRTCRTCGC | TCAGACCAGCTACYSATCGTCGC | TCAGACCGGCTACCCATCGTCGC
276,23,8,3,1,0.1864768659961431,0.1864768659961431,0.2166554304273999,8,TCAGGCCGGCTACCSRTCRTCGC
276,23,8,3,2,0.29755937412228695,0.29755937412228695,0.32319997186714255,16,TCAGGCCGGCTACCSRTCRTCGC | TCAGACCAGCTACYSATCGTYGC
276,23,8,3,3,0.29796427393569574,0.29796427393569574,0.32335636020084335,17,TCAGGCCGGCTACCSRTCRTCGC | TCAGACCAGCTACYSATCGTYGC | TCAGACCGGCTACCCATCGTCGC
276,23,16,4,1,0.21581352409942325,0.21581352409942325,0.23943348452769853,16,TCAGGCCRGCTACCSRTCRTCGC
276,23,16,4,2,0.32518384308431775,0.32518384308431775,0.35050144761098645,28,TCAGGCCRGCTACCSRTCRTCGC | TCAGACCAGCTACBSATCGTYGC
276,23,16,4,3,0.3255887428977266,0.3255887428977266,0.35065783594468725,29,TCAGGCCRGCTACCSRTCRTCGC | TCAGACCAGCTACBSATCGTYGC | TCAGACCGGCTACCCATCGTCGC
277,17,4,2,1,0.23519644205491474,0.23519644205491474,0.2774903238667792,4,CCRGCTACCSATCGTCG
277,17,4,2,2,0.3104720711790236,0.3104720711790236,0.3343019800535083,8,CCRGCTACCSATCGTCG | CCGGCTACCCRTCRTCG
277,17,4,2,3,0.3190715092563963,0.3190715092563963,0.35641985501958645,12,CCRGCTACCSATCGTCG | CCGGCTACCCRTCRTCG | CCCGCTACCCRTCGTYG
277,17,4,2,4,0.3243833183954462,0.3243833183954462,0.370559334952397,16,CCRGCTACCSATCGTCG | CCGGCTACCCRTCRTCG | CCCGCTACCCRTCGTYG | CCCGCTACCCRTCGTMG
277,17,4,2,5,0.3370769649036884,0.3370769649036884,0.3779436898207569,20,CCRGCTACCSATCGTCG | CCGGCTACCCRTCRTCG | CCCGCTACCCRTCGTYG | CCCGCTACCCRTCGTMG | CCCSCTACCSATCGTCG
277,17,4,2,6,0.3654415685002133,0.3654415685002133,0.41086084369908704,24,CCRGCTACCSATCGTCG | CCGGCTACCCRTCRTCG | CCCGCTACCCRTCGTYG | CCCGCTACCCRTCGTMG | CCCSCTACCSATCGTCG | CCGGCTACSCATCGTYG
277,17,8,3,1,0.3071343435844019,0.3071343435844019,0.34121863323958795,8,CCRGCTACCSATCRTCG
277,17,8,3,2,0.3257381538026129,0.3257381538026129,0.3869407808803144,16,CCRGCTACCSATCRTCG | CCCGCTACCCRTCKTYG
277,17,8,3,3,0.36542222763758025,0.36542222763758025,0.43463919487559005,24,CCRGCTACCSATCRTCG | CCCGCTACCCRTCKTYG | CCGGCTACSCATCRTYG
277,17,8,3,4,0.4109832443943877,0.4109832443943877,0.48954347312834107,32,CCRGCTACCSATCRTCG | CCCGCTACCCRTCKTYG | CCGGCTACSCATCRTYG | CCMGCTACCCRTCGTMG
277,17,8,3,5,0.43566816997239727,0.43566816997239727,0.5099064235438832,40,CCRGCTACCSATCRTCG | CCCGCTACCCRTCKTYG | CCGGCTACSCATCRTYG | CCMGCTACCCRTCGTMG | MCCSCTACCSATCGTCG
277,17,16,4,1,0.3620686604898959,0.3620686604898959,0.3856342292074992,16,CCRGCTACCSATCRTYG
277,17,16,4,2,0.4422151776432998,0.4422151776432998,0.47761476801928054,32,CCRGCTACCSATCRTYG | CCMGCTACCCRTCGWMG
277,17,16,4,3,0.4740326860725539,0.4740326860725539,0.510227525319595,48,CCRGCTACCSATCRTYG | CCMGCTACCCRTCGWMG | MCCSCTACCSATCGTYG
277,19,4,2,1,0.15197148543448794,0.15197148543448794,0.1938780887440217,4,GRCCGGCTACCSATCGTCG
277,19,4,2,2,0.23755875300270834,0.23755875300270834,0.2754643613589719,8,GRCCGGCTACCSATCGTCG | GACCAGCTACCSATCRTCG
277,19,4,2,3,0.2501896295773041,0.2501896295773041,0.2920731854143603,12,GRCCGGCTACCSATCGTCG | GACCAGCTACCSATCRTCG | GRCCGGCTACCCRTCGTCG
277,19,8,3,1,0.22613016178425407,0.22613016178425407,0.25480972505999605,8,GRCCRGCTACCSATCGTCG
277,19,8,3,2,0.2940753616245166,0.2940753616245166,0.2994912215965759,16,GRCCRGCTACCSATCGTCG | GRCCGGCTACCCRTCRTCG
277,19,8,3,3,0.3165137211506187,0.3165137211506187,0.32047286942682135,24,GRCCRGCTACCSATCGTCG | GRCCGGCTACCCRTCRTCG | GAMCCSCTACCSATCGTCG
277,19,16,4,1,0.2878321567526065,0.2878321567526065,0.3088952875875592,16,GRCCRGCTACCSATCRTCG
277,21,4,2,1,0.17893822124824624,0.17893822124824624,0.20031153680167432,4,CAGGCCGGCTACCSATCRTCG
277,21,4,2,2,0.2733489923673401,0.2733489923673401,0.2895194036418461,8,CAGGCCGGCTACCSATCRTCG | CAGACCAGCTACYSATCGTCG
277,21,4,2,3,0.28590648400354624,0.28590648400354624,0.30953021891451166,12,CAGGCCGGCTACCSATCRTCG | CAGACCAGCTACYSATCGTCG | CAGACCRGCTACCCRTCGTCG
277,21,8,3,1,0.20310322504908243,0.20310322504908243,0.22721293070570792,8,CAGGCCGGCTACSSATCRTCG
277,21,8,3,2,0.30990657293202717,0.30990657293202717,0.33473102839803065,16,CAGGCCGGCTACSSATCRTCG | CAGACCAGCTACYSATCRTCG
277,21,8,3,3,0.3109735748793279,0.3109735748793279,0.336449690619726,17,CAGGCCGGCTACSSATCRTCG | CAGACCAGCTACYSATCRTCG | CAGACCCGCTACCCATCGTCG
277,21,16,4,1,0.23379220130161485,0.23379220130161485,0.2680338992871685,16,CAGRCCGGCTACSSATCRTCG
277,21,16,4,2,0.33439919842802857,0.33439919842802857,0.3657455476674775,32,CAGRCCGGCTACSSATCRTCG | CAGACCAGCTACSSATCRTYG
277,21,16,4,3,0.3354662003753293,0.3354662003753293,0.3674642098891728,33,CAGRCCGGCTACSSATCRTCG | CAGACCAGCTACSSATCRTYG | CAGACCCGCTACCCATCGTCG
278,17,4,2,1,0.15821792865327713,0.15821792865327713,0.1721957965204608,4,RCCGGCTACCCATCRTC
278,17,4,2,2,0.25703974136654484,0.25703974136654484,0.2714280428559767,8,RCCGGCTACCCATCRTC | ACCAGCTACCSATCRTC
278,17,4,2,3,0.27248592330331994,0.27248592330331994,0.2893114946104599,12,RCCGGCTACCCATCRTC | ACCAGCTACCSATCRTC | ACCGGCTACCCRTCKTC
278,17,4,2,4,0.2998681761270479,0.2998681761270479,0.3247919596560445,16,RCCGGCTACCCATCRTC | ACCAGCTACCSATCRTC | ACCGGCTACCCRTCKTC | ACCGGCTACYSATCGTC
278,17,8,3,1,0.20072559329824924,0.20072559329824924,0.22646815408147183,8,RCCGGCTACCSATCRTC
278,17,8,3,2,0.29895937832988845,0.29895937832988845,0.3285672201400371,16,RCCGGCTACCSATCRTC | ACCAGCTACCSATCRTY
278,17,8,3,3,0.3378834337291316,0.3378834337291316,0.375025144564377,24,RCCGGCTACCSATCRTC | ACCAGCTACCSATCRTY | ACCGGCTACCCRTCKTM
278,17,8,3,4,0.3629481270092951,0.3629481270092951,0.395421377193403,32,RCCGGCTACCSATCRTC | ACCAGCTACCSATCRTY | ACCGGCTACCCRTCKTM | AMCCSCTACCSATCGTC
278,17,16,4,1,0.2860623323822473,0.2860623323822473,0.30961398500963355,16,RCCRGCTACCSATCRTC
278,17,16,4,2,0.33754712080570054,0.33754712080570054,0.3727259381017352,32,RCCRGCTACCSATCRTC | ACCGGCTACCCRTCKWM
278,17,16,4,3,0.3725196543612663,0.3725196543612663,0.41483624635415034,48,RCCRGCTACCSATCRTC | ACCGGCTACCCRTCKWM | ACCMGCTACSSATCGTY
278,17,16,4,4,0.38820281755881414,0.38820281755881414,0.43718965047262515,60,RCCRGCTACCSATCRTC | ACCGGCTACCCRTCKWM | ACCMGCTACSSATCGTY | AMCCSCTACCCATCGTH
277,23,4,2,1,0.17804511037432702,0.17804511037432702,0.19837851648501562,4,CTCAGGCCGGCTACCSATCRTCG
277,23,4,2,2,0.2723297050385364,0.2723297050385364,0.2871271824755058,8,CTCAGGCCGGCTACCSATCRTCG | CTCAGACCAGCTACYSATCGTCG
277,23,4,2,3,0.2832213331925416,0.2832213331925416,0.30587960801115555,12,CTCAGGCCGGCTACCSATCRTCG | CTCAGACCAGCTACYSATCGTCG | CTCAGACCRGCTACCCRTCGTCG
277,23,8,3,1,0.20187754100906666,0.20187754100906666,0.22512208021565902,8,CTCAGGCCGGCTACSSATCRTCG
277,23,8,3,2,0.31189049471967895,0.31189049471967895,0.33467917724038015,14,CTCAGGCCGGCTACSSATCRTCG | CTCAGACCAGCTACBSATCGTCG
277,23,8,3,3,0.3129180641343983,0.3129180641343983,0.3363981673835183,15,CTCAGGCCGGCTACSSATCRTCG | CTCAGACCAGCTACBSATCGTCG | CTCAGACCCGCTACCCATCGTCG
277,23,16,4,1,0.23242594085664972,0.23242594085664972,0.26593554178388706,16,CTCAGRCCGGCTACSSATCRTCG
277,23,16,4,2,0.3304100360788831,0.3304100360788831,0.3622013752999538,32,CTCAGRCCGGCTACSSATCRTCG | CTCAGACCAGCTACSSATCRTYG
277,23,16,4,3,0.3314376054936025,0.3314376054936025,0.363920365443092,33,CTCAGRCCGGCTACSSATCRTCG | CTCAGACCAGCTACSSATCRTYG | CTCAGACCCGCTACCCATCGTCG
278,19,4,2,1,0.1761288917732756,0.1761288917732756,0.18976405576888355,4,AGGCCGGCTACCSATCRTC
278,19,4,2,2,0.2755335894983055,0.2761980169958725,0.2755335894983055,8,AGGCCGGCTACCSATCRTC | AGACCAGCTACCSATCRTC
278,19,4,2,3,0.29366361937113356,0.29366361937113356,0.2951735127235226,12,AGGCCGGCTACCSATCRTC | AGACCAGCTACCSATCRTC | AGRCCGGCTACCCATCKTC
278,19,4,2,4,0.3013106078687965,0.3013106078687965,0.30491431610796466,16,AGGCCGGCTACCSATCRTC | AGACCAGCTACCSATCRTC | AGRCCGGCTACCCATCKTC | AGACCGGCTACCSATCGTY
278,19,4,2,5,0.31163919575865934,0.31163919575865934,0.31411630447261646,20,AGGCCGGCTACCSATCRTC | AGACCAGCTACCSATCRTC | AGRCCGGCTACCCATCKTC | AGACCGGCTACCSATCGTY | AGACCCSCTACCSATCGTC
278,19,8,3,1,0.2022429858567595,0.2022429858567595,0.21357628724671418,8,AGGCCGGCTACYSATCRTC
278,19,8,3,2,0.314747368588443,0.314747368588443,0.3151234046307278,16,AGGCCGGCTACYSATCRTC | AGACCAGCTACCSATCRTY
278,19,8,3,3,0.34879411881623157,0.34879411881623157,0.351707743427316,24,AGGCCGGCTACYSATCRTC | AGACCAGCTACCSATCRTY | AGRCCGGCTACSCATCKTC
278,19,8,3,4,0.37075061368283846,0.37075061368283846,0.37254960218715283,32,AGGCCGGCTACYSATCRTC | AGACCAGCTACCSATCRTY | AGRCCGGCTACSCATCKTC | AGAMCCSCTACCSATCGTC
278,19,16,4,1,0.26279385735675487,0.2672387121108884,0.26279385735675487,16,AGGCCRGCTACYSATCRTC
278,19,16,4,2,0.33330929663985925,0.33330929663985925,0.3416860523550689,32,AGGCCRGCTACYSATCRTC | AGACCAGCTACSSATCRTY
278,19,16,4,3,0.39182494142343377,0.39790339418505544,0.39182494142343377,48,AGGCCRGCTACYSATCRTC | AGACCAGCTACSSATCRTY | AGRCCGGCTACSCATCKTY
278,19,16,4,4,0.39354311251484836,0.39897022435079826,0.39354311251484836,49,AGGCCRGCTACYSATCRTC | AGACCAGCTACSSATCRTY | AGRCCGGCTACSCATCKTY | AGACCCGCTACCCATCGTC
278,21,4,2,1,0.17293461015646647,0.17293461015646647,0.1895284890606583,4,TCAGGCCGGCTACCSATCRTC
278,21,4,2,2,0.2688456659276775,0.2688456659276775,0.2721789619712115,8,TCAGGCCGGCTACCSATCRTC | TCAGACCAGCTACCSATCRTC
278,21,4,2,3,0.2832817282394963,0.2832817282394963,0.2917863214873327,12,TCAGGCCGGCTACCSATCRTC | TCAGACCAGCTACCSATCRTC | TCAGRCCGGCTACCCATCKTC
278,21,4,2,4,0.2907296600851284,0.2907296600851284,0.3012252641574075,16,TCAGGCCGGCTACCSATCRTC | TCAGACCAGCTACCSATCRTC | TCAGRCCGGCTACCCATCKTC | TCAGACCGGCTACCSATCGTY
278,21,8,3,1,0.20131130285007715,0.20131130285007715,0.21792194904898168,8,TCAGGYCGGCTACCSATCRTC
278,21,8,3,2,0.3067700151186372,0.3067700151186372,0.32431698875900733,16,TCAGGYCGGCTACCSATCRTC | TCAGACCAGCTACYSATCRTC
278,21,8,3,3,0.30783701706593797,0.30783701706593797,0.32603532346038705,17,TCAGGYCGGCTACCSATCRTC | TCAGACCAGCTACYSATCRTC | TCAGACCCGCTACCCATCGTC
278,21,16,4,1,0.21879400198834212,0.21879400198834212,0.24180593360630917,16,TCAGGYCGGCTACCSATCRTY
278,21,16,4,2,0.3555003976778483,0.3555003976778483,0.3572301019222271,32,TCAGGYCGGCTACCSATCRTY | TCAGACCAGCTACCSATCRWM
278,21,16,4,3,0.38506728638698257,0.38506728638698257,0.3858266791279845,48,TCAGGYCGGCTACCSATCRTY | TCAGACCAGCTACCSATCRWM | TCAGACCCSCTACYSATCGTY
279,17,4,2,1,0.17776829837318164,0.17776829837318164,0.1922491317513876,4,GRCCGGCTACCCATCRT
279,17,4,2,2,0.30146516999852974,0.30146516999852974,0.3156698332118697,8,GRCCGGCTACCCATCRT | GACCAGCTACCSATCRT
279,17,4,2,3,0.33666221355340187,0.33666221355340187,0.35923000008102496,12,GRCCGGCTACCCATCRT | GACCAGCTACCSATCRT | GACCGGCTACCCRTCKT
279,17,4,2,4,0.3681183780098482,0.3681183780098482,0.39906779745231274,16,GRCCGGCTACCCATCRT | GACCAGCTACCSATCRT | GACCGGCTACCCRTCKT | GACCGGCTACYSATCGT
279,17,4,2,5,0.37087342028202747,0.37087342028202747,0.4154948818187536,20,GRCCGGCTACCCATCRT | GACCAGCTACCSATCRT | GACCGGCTACCCRTCKT | GACCGGCTACYSATCGT | GACCCGCTACCCRTCGW
279,17,4,2,6,0.38474221255217206,0.38474221255217206,0.422818805397101,24,GRCCGGCTACCCATCRT | GACCAGCTACCSATCRT | GACCGGCTACCCRTCKT | GACCGGCTACYSATCGT | GACCCGCTACCCRTCGW | GACCCSCTACCSATCGT
279,17,8,3,1,0.2295230060636576,0.2295230060636576,0.2525737044183117,8,GRCCGGCTACCSATCRT
279,17,8,3,2,0.3653294626271224,0.3653294626271224,0.379462888219583,16,GRCCGGCTACCSATCRT | GACCAGCTACCSATCRW
279,17,8,3,3,0.402736818367017,0.402736818367017,0.43679162429757995,24,GRCCGGCTACCSATCRT | GACCAGCTACCSATCRW | GACCSGCTACCCRTCKT
279,17,8,3,4,0.4365738716227811,0.4365738716227811,0.4664939407954149,32,GRCCGGCTACCSATCRT | GACCAGCTACCSATCRW | GACCSGCTACCCRTCKT | GAMCCSCTACCSATCGT
279,17,8,3,5,0.49878401927885624,0.49878401927885624,0.5139579896292202,40,GRCCGGCTACCSATCRT | GACCAGCTACCSATCRW | GACCSGCTACCCRTCKT | GAMCCSCTACCSATCGT | GGYCGGCTACCCATCKW
279,17,16,4,1,0.3365883502653148,0.3365883502653148,0.3598511747678028,16,GRCCRGCTACCSATCRT
279,17,16,4,2,0.40605446413812246,0.40605446413812246,0.43693410411151534,32,GRCCRGCTACCSATCRT | GRCCSGCTACCCRTCKT
279,17,16,4,3,0.45010155627456533,0.45010155627456533,0.4750866903227902,48,GRCCRGCTACCSATCRT | GRCCSGCTACCCRTCKT | GAMCCSCTACCSATCGW
279,17,16,4,4,0.4796843157501698,0.4796843157501698,0.5181004742711072,64,GRCCRGCTACCSATCRT | GRCCSGCTACCCRTCKT | GAMCCSCTACCSATCGW | GRCCGGCTACYSATCGY
278,23,4,2,1,0.1723021384645995,0.1723021384645995,0.18742558138612234,4,TCTCAGGCCGGCTACCSATCRTC
278,23,4,2,2,0.26704437581883667,0.26704437581883667,0.2690071175671224,8,TCTCAGGCCGGCTACCSATCRTC | TCTCAGACCAGCTACCSATCRTC
278,23,4,2,3,0.2814806102416124,0.2814806102416124,0.28861465049445867,12,TCTCAGGCCGGCTACCSATCRTC | TCTCAGACCAGCTACCSATCRTC | TCTCAGRCCGGCTACCCATCKTC
278,23,4,2,4,0.2888819495600487,0.2888819495600487,0.29794949768493845,16,TCTCAGGCCGGCTACCSATCRTC | TCTCAGACCAGCTACCSATCRTC | TCTCAGRCCGGCTACCCATCKTC | TCTCAGACCGGCTACCSATCGTY
278,23,8,3,1,0.19900308700817737,0.19900308700817737,0.2103543227924617,8,TCTCAGGCCGGCTACYSATCRTC
278,23,8,3,2,0.30602812629693316,0.30602812629693316,0.3076091614814532,16,TCTCAGGCCGGCTACYSATCRTC | TCTCAGACCAGCTACCSATCRTY
278,23,8,3,3,0.3368079563107389,0.3368079563107389,0.3440019525778759,24,TCTCAGGCCGGCTACYSATCRTC | TCTCAGACCAGCTACCSATCRTY | TCTCAGRCCGGCTACSCATCKTC
278,23,8,3,4,0.3585340316378904,0.3585340316378904,0.3645191029890245,32,TCTCAGGCCGGCTACYSATCRTC | TCTCAGACCAGCTACCSATCRTY | TCTCAGRCCGGCTACSCATCKTC | TCTCAGAMCCSCTACCSATCGTC
278,23,16,4,1,0.2591531271963112,0.261020477942263,0.2591531271963112,16,TCTCAGGCCRGCTACYSATCRTC
278,23,16,4,2,0.3236607940407776,0.3236607940407776,0.3338450430762918,32,TCTCAGGCCRGCTACYSATCRTC | TCTCAGACCAGCTACSSATCRTY
278,23,16,4,3,0.3838005534295044,0.3840438904454678,0.3838005534295044,48,TCTCAGGCCRGCTACYSATCRTC | TCTCAGACCAGCTACSSATCRTY | TCTCAGRCCGGCTACSCATCKTY
278,23,16,4,4,0.38507145986018715,0.38507145986018715,0.38549398476820856,49,TCTCAGGCCRGCTACYSATCRTC | TCTCAGACCAGCTACSSATCRTY | TCTCAGRCCGGCTACSCATCKTY | TCTCAGACCCGCTACCCATCGTC
279,19,4,2,1,0.19922829167593567,0.19922829167593567,0.2147876414693549,4,CAGGCCGGCTACCSATCRT
279,19,4,2,2,0.323738060351255,0.323738060351255,0.3304956386096603,8,CAGGCCGGCTACCSATCRT | CAGACCAGCTACCSATCRT
279,19,4,2,3,0.34554736325915686,0.34554736325915686,0.3751159634353687,12,CAGGCCGGCTACCSATCRT | CAGACCAGCTACCSATCRT | CAGACCCGCTACCCRTCKT
279,19,4,2,4,0.3579711306447129,0.3579711306447129,0.390395752714274,16,CAGGCCGGCTACCSATCRT | CAGACCAGCTACCSATCRT | CAGACCCGCTACCCRTCKT | CAGACCGGCTACCCATCKY
279,19,4,2,5,0.36907224470055827,0.36907224470055827,0.3998339447965071,20,CAGGCCGGCTACCSATCRT | CAGACCAGCTACCSATCRT | CAGACCCGCTACCCRTCKT | CAGACCGGCTACCCATCKY | CAGACCCGCTACYSATCGT
279,19,8,3,1,0.23372172422405282,0.23372172422405282,0.2523828339554058,8,CAGGYCGGCTACCSATCRT
279,19,8,3,2,0.3870132980202039,0.3870132980202039,0.38809156638038766,16,CAGGYCGGCTACCSATCRT | CAGACCAGCTACCSATCRW
279,19,8,3,3,0.4207626063827726,0.4207626063827726,0.4492426368820633,24,CAGGYCGGCTACCSATCRT | CAGACCAGCTACCSATCRW | CAGACCMGCTACCCRTCKT
279,19,8,3,4,0.4520914336169124,0.4520914336169124,0.469746964505926,32,CAGGYCGGCTACCSATCRT | CAGACCAGCTACCSATCRW | CAGACCMGCTACCCRTCKT | CAGACCCSCTACYSATCGT
279,19,16,4,1,0.25815624763530365,0.25815624763530365,0.2895245037102063,16,CAGRYCGGCTACCSATCRT
279,19,16,4,2,0.4105965636534534,0.4105965636534534,0.4353596617178242,28,CAGRYCGGCTACCSATCRT | CAGACCAGCTACCSATCDW
279,19,16,4,3,0.43077323689209684,0.43077323689209684,0.4779090876174186,40,CAGRYCGGCTACCSATCRT | CAGACCAGCTACCSATCDW | CAGACCMGCTACCCRTCDT
279,19,16,4,4,0.4686050659986789,0.4686050659986789,0.5014415518558045,56,CAGRYCGGCTACCSATCRT | CAGACCAGCTACCSATCDW | CAGACCMGCTACCCRTCDT | CAGACCCSCTACYSATCGY
279,19,16,4,5,0.5065877891104076,0.5065877891104076,0.5399759579244517,72,CAGRYCGGCTACCSATCRT | CAGACCAGCTACCSATCDW | CAGACCMGCTACCCRTCDT | CAGACCCSCTACYSATCGY | CAGGCCSSCTACCCATCKY
279,21,4,2,1,0.19828873037832695,0.19828873037832695,0.2128557129090353,4,CTCAGGCCGGCTACCSATCRT
279,21,4,2,2,0.32002044868349483,0.32002044868349483,0.3273432744853258,8,CTCAGGCCGGCTACCSATCRT | CTCAGACCAGCTACCSATCRT
279,21,4,2,3,0.35301635313718327,0.35301635313718327,0.37035207584660296,12,CTCAGGCCGGCTACCSATCRT | CTCAGACCAGCTACCSATCRT | CTCAGACCGGCTACCCRTCKT
279,21,4,2,4,0.3574839047995961,0.3574839047995961,0.3957845702142621,16,CTCAGGCCGGCTACCSATCRT | CTCAGACCAGCTACCSATCRT | CTCAGACCGGCTACCCRTCKT | CTCAGACCCGCTACCCRTCRT
279,21,4,2,5,0.36859299332978,0.36859299332978,0.4052009702512848,20,CTCAGGCCGGCTACCSATCRT | CTCAGACCAGCTACCSATCRT | CTCAGACCGGCTACCCRTCKT | CTCAGACCCGCTACCCRTCRT | CTCAGACCCGCTACYSATCGT
279,21,8,3,1,0.232497444434561,0.232497444434561,0.25019982011488895,8,CTCAGGYCGGCTACCSATCRT
279,21,8,3,2,0.38301223000757817,0.38301223000757817,0.38472534624718707,16,CTCAGGYCGGCTACCSATCRT | CTCAGACCAGCTACCSATCRW
279,21,8,3,3,0.416723712206497,0.416723712206497,0.44550966615089765,24,CTCAGGYCGGCTACCSATCRT | CTCAGACCAGCTACCSATCRW | CTCAGACCMGCTACCCRTCKT
279,21,8,3,4,0.4478182658529601,0.4478182658529601,0.46585515315671605,32,CTCAGGYCGGCTACCSATCRT | CTCAGACCAGCTACCSATCRW | CTCAGACCMGCTACCCRTCKT | CTCAGACCCSCTACYSATCGT
279,21,16,4,1,0.2569005671578881,0.2569005671578881,0.2873801026287181,16,CTCAGRYCGGCTACCSATCRT
279,21,16,4,2,0.40659721675039706,0.40659721675039706,0.432265176267858,28,CTCAGRYCGGCTACCSATCRT | CTCAGACCAGCTACCSATCDW
279,21,16,4,3,0.4284041073797131,0.4284041073797131,0.4745484228236471,40,CTCAGRYCGGCTACCSATCRT | CTCAGACCAGCTACCSATCDW | CTCAGACCMGCTACCCRTCDT
279,21,16,4,4,0.472399531867918,0.472399531867918,0.5108085460719192,56,CTCAGRYCGGCTACCSATCRT | CTCAGACCAGCTACCSATCDW | CTCAGACCMGCTACCCRTCDT | CTCAGAMCCSCTACCSATCGW
279,21,16,4,5,0.5400019688103835,0.5400019688103835,0.5634697314979934,65,CTCAGRYCGGCTACCSATCRT | CTCAGACCAGCTACCSATCDW | CTCAGACCMGCTACCCRTCDT | CTCAGAMCCSCTACCSATCGW | CTCAGGCCGGCTACCCATCDH
280,17,4,2,1,0.2565472835657642,0.25968595107861003,0.2565472835657642,4,AGGCCGGCTACCSATCR
280,17,4,2,2,0.4115483425109639,0.43056114544093943,0.4115483425109639,8,AGGCCGGCTACCSATCR | AGACCAGCTACCSATCR
280,17,4,2,3,0.45396428873189093,0.45396428873189093,0.4650335466579068,12,AGGCCGGCTACCSATCR | AGACCAGCTACCSATCR | AGACCCGCTACCCRTCK
280,17,4,2,4,0.46518066143847175,0.46518066143847175,0.47488242544291376,16,AGGCCGGCTACCSATCR | AGACCAGCTACCSATCR | AGACCCGCTACCCRTCK | AGACCCGCTACYSATCG
280,17,4,2,5,0.48633448084428016,0.48633448084428016,0.4995582053746443,20,AGGCCGGCTACCSATCR | AGACCAGCTACCSATCR | AGACCCGCTACCCRTCK | AGACCCGCTACYSATCG | AGAMCCSCTACCCATCG
280,17,4,2,6,0.48995544756987575,0.48995544756987575,0.5167903459992068,24,AGGCCGGCTACCSATCR | AGACCAGCTACCSATCR | AGACCCGCTACCCRTCK | AGACCCGCTACYSATCG | AGAMCCSCTACCCATCG | AGACCCGCTACCCRTCR
280,17,8,3,1,0.29080809121897394,0.29080809121897394,0.3011737466942133,8,AGRCCGGCTACCSATCR
280,17,8,3,2,0.4546542747412356,0.4546542747412356,0.46208096249756064,14,AGRCCGGCTACCSATCR | AGACCAGCTACCSATCD
280,17,8,3,3,0.47238594560072955,0.47238594560072955,0.4964291672068273,22,AGRCCGGCTACCSATCR | AGACCAGCTACCSATCD | AGACCMGCTACCCRTCR
280,17,8,3,4,0.5179731274511713,0.5179731274511713,0.5339452038536029,30,AGRCCGGCTACCSATCR | AGACCAGCTACCSATCD | AGACCMGCTACCCRTCR | AGAMCCSCTACCSATCG
280,17,8,3,5,0.5785089828673872,0.5785089828673872,0.5838633099855532,38,AGRCCGGCTACCSATCR | AGACCAGCTACCSATCD | AGACCMGCTACCCRTCR | AGAMCCSCTACCSATCG | AGGYCSGCTACCCATCK
280,17,16,4,1,0.4273483913513582,0.43674960810569924,0.4273483913513582,16,AGRCCRGCTACCSATCR
280,17,16,4,2,0.5103695604130399,0.5103695604130399,0.5197360636663798,32,AGRCCRGCTACCSATCR | AGRCCSGCTACCCRTCK
280,17,16,4,3,0.5438925189869254,0.5438925189869254,0.5522083865829147,48,AGRCCRGCTACCSATCR | AGRCCSGCTACCCRTCK | AGACCMGCTACMCRTCR
280,17,16,4,4,0.5914549215756579,0.5920948208254982,0.5914549215756579,64,AGRCCRGCTACCSATCR | AGRCCSGCTACCCRTCK | AGACCMGCTACMCRTCR | AGAMCCSCTACCSATCR
280,19,4,2,1,0.25485367970091216,0.25485367970091216,0.2558935032758845,4,TCAGGCCGGCTACCSATCR
280,19,4,2,2,0.4056965910841716,0.42086517159053344,0.4056965910841716,8,TCAGGCCGGCTACCSATCR | TCAGACCAGCTACCSATCR
280,19,4,2,3,0.44353155796771304,0.44353155796771304,0.4578351912515384,12,TCAGGCCGGCTACCSATCR | TCAGACCAGCTACCSATCR | TCAGACCCGCTACCCRTCK
280,19,4,2,4,0.45475064100554213,0.45475064100554213,0.46766107095851295,16,TCAGGCCGGCTACCSATCR | TCAGACCAGCTACCSATCR | TCAGACCCGCTACCCRTCK | TCAGACCCGCTACYSATCG
280,19,4,2,5,0.4754628503078677,0.4754628503078677,0.49201180869770883,20,TCAGGCCGGCTACCSATCR | TCAGACCAGCTACCSATCR | TCAGACCCGCTACCCRTCK | TCAGACCCGCTACYSATCG | TCAGAMCCSCTACCCATCG
280,19,8,3,1,0.28510878850280236,0.28510878850280236,0.29997347866359714,8,TCAGRCCGGCTACCSATCR
280,19,8,3,2,0.44412858432411934,0.44412858432411934,0.45454069271011316,14,TCAGRCCGGCTACCSATCR | TCAGACCAGCTACCSATCD
280,19,8,3,3,0.4647499725658866,0.4647499725658866,0.49142555052332676,22,TCAGRCCGGCTACCSATCR | TCAGACCAGCTACCSATCD | TCAGACCMGCTACCCRTCR
280,19,8,3,4,0.5101389386394628,0.5101389386394628,0.5286177681568301,30,TCAGRCCGGCTACCSATCR | TCAGACCAGCTACCSATCD | TCAGACCMGCTACCCRTCR | TCAGAMCCSCTACCSATCG
280,19,8,3,5,0.5776097867124078,0.5776097867124078,0.5865388280882545,38,TCAGRCCGGCTACCSATCR | TCAGACCAGCTACCSATCD | TCAGACCMGCTACCCRTCR | TCAGAMCCSCTACCSATCG | TCAGGYCGGCTACCCRTCK
280,19,16,4,1,0.4211549849132312,0.4262235741254669,0.4211549849132312,16,TCAGRCCRGCTACCSATCR
280,19,16,4,2,0.49974452462107655,0.49974452462107655,0.512036740381595,32,TCAGRCCRGCTACCSATCR | TCAGRCCSGCTACCCRTCK
280,19,16,4,3,0.5361580976587049,0.5361580976587049,0.5470205621835009,48,TCAGRCCRGCTACCSATCR | TCAGRCCSGCTACCCRTCK | TCAGACCMGCTACMCRTCR
280,19,16,4,4,0.5841211088412125,0.5841211088412125,0.5854623928654844,64,TCAGRCCRGCTACCSATCR | TCAGRCCSGCTACCCRTCK | TCAGACCMGCTACMCRTCR | TCAGAMCCSCTACCSATCR
279,23,4,2,1,0.19828873037832695,0.19828873037832695,0.2122997150695647,4,CTCTCAGGCCGGCTACCSATCRT
279,23,4,2,2,0.3189878484260088,0.3189878484260088,0.32639159120334,8,CTCTCAGGCCGGCTACCSATCRT | CTCTCAGACCAGCTACCSATCRT
279,23,4,2,3,0.3520713319241893,0.3520713319241893,0.36908918207443603,12,CTCTCAGGCCGGCTACCSATCRT | CTCTCAGACCAGCTACCSATCRT | CTCTCAGACCGGCTACCCRTCKT
279,23,4,2,4,0.35653888358660213,0.35653888358660213,0.3944976702437563,16,CTCTCAGGCCGGCTACCSATCRT | CTCTCAGACCAGCTACCSATCRT | CTCTCAGACCGGCTACCCRTCKT | CTCTCAGACCCGCTACCCRTCRT
279,23,4,2,5,0.36656635658466724,0.36656635658466724,0.4038927292118371,20,CTCTCAGGCCGGCTACCSATCRT | CTCTCAGACCAGCTACCSATCRT | CTCTCAGACCGGCTACCCRTCKT | CTCTCAGACCCGCTACCCRTCRT | CTCTCAGACCCGCTACYSATCGT
279,23,8,3,1,0.22682377853916977,0.22682377853916977,0.24386892507810085,8,CTCTCAGGCCGGCTACYSATCRT
279,23,8,3,2,0.37643683180471776,0.37643683180471776,0.3780003441984298,16,CTCTCAGGCCGGCTACYSATCRT | CTCTCAGACCAGCTACCSATCRW
279,23,8,3,3,0.4103678344359231,0.4103678344359231,0.4387361823597538,24,CTCTCAGGCCGGCTACYSATCRT | CTCTCAGACCAGCTACCSATCRW | CTCTCAGACCMGCTACCCRTCKT
279,23,8,3,4,0.44373485155475206,0.44373485155475206,0.4677142292111438,32,CTCTCAGGCCGGCTACYSATCRT | CTCTCAGACCAGCTACCSATCRW | CTCTCAGACCMGCTACCCRTCKT | CTCTCAGAMCCSCTACCSATCGT
279,23,8,3,5,0.5104863425841502,0.5104863425841502,0.525187251413575,40,CTCTCAGGCCGGCTACYSATCRT | CTCTCAGACCAGCTACCSATCRW | CTCTCAGACCMGCTACCCRTCKT | CTCTCAGAMCCSCTACCSATCGT | CTCTCAGGYCGGCTACCCATCKW
279,23,8,3,6,0.5295116044083074,0.5295116044083074,0.5536325934347647,48,CTCTCAGGCCGGCTACYSATCRT | CTCTCAGACCAGCTACCSATCRW | CTCTCAGACCMGCTACCCRTCKT | CTCTCAGAMCCSCTACCSATCGT | CTCTCAGGYCGGCTACCCATCKW | CTCTCAGACCMGCTACMCRTCAT
279,23,16,4,1,0.2983896992699606,0.2983896992699606,0.313469203577636,16,CTCTCAGRCCGGCTACYSATCRT
279,23,16,4,2,0.3976486772218313,0.3976486772218313,0.4215006920881302,28,CTCTCAGRCCGGCTACYSATCRT | CTCTCAGACCAGCTACCSATCDW
279,23,16,4,3,0.4195611065205158,0.4195611065205158,0.46404711229181944,40,CTCTCAGRCCGGCTACYSATCRT | CTCTCAGACCAGCTACCSATCDW | CTCTCAGACCMGCTACCCRTCDT
279,23,16,4,4,0.4873501966591391,0.4873501966591391,0.5221767571105642,56,CTCTCAGRCCGGCTACYSATCRT | CTCTCAGACCAGCTACCSATCDW | CTCTCAGACCMGCTACCCRTCDT | CTCTCAGGYCSGCTACCCATCKW
279,23,16,4,5,0.5211747497776845,0.5211747497776845,0.5436774712830321,72,CTCTCAGRCCGGCTACYSATCRT | CTCTCAGACCAGCTACCSATCDW | CTCTCAGACCMGCTACCCRTCDT | CTCTCAGGYCSGCTACCCATCKW | CTCTCAGACCCSCTACYSATCGY
280,21,4,2,1,0.25328507581835386,0.25417432540290114,0.25328507581835386,4,TCTCAGGCCGGCTACCSATCR
280,21,4,2,2,0.4021837671736322,0.4189121833027656,0.4021837671736322,8,TCTCAGGCCGGCTACCSATCR | TCTCAGACCAGCTACCSATCR
280,21,4,2,3,0.4415407435162953,0.4415407435162953,0.4545708647260244,12,TCTCAGGCCGGCTACCSATCR | TCTCAGACCAGCTACCSATCR | TCTCAGACCCGCTACCCRTCK
280,21,4,2,4,0.4527280242739678,0.4527280242739678,0.4643499811003446,16,TCTCAGGCCGGCTACCSATCR | TCTCAGACCAGCTACCSATCR | TCTCAGACCCGCTACCCRTCK | TCTCAGACCCGCTACYSATCG
280,21,4,2,5,0.473197985514278,0.473197985514278,0.4884463607884067,20,TCTCAGGCCGGCTACCSATCR | TCTCAGACCAGCTACCSATCR | TCTCAGACCCGCTACCCRTCK | TCTCAGACCCGCTACYSATCG | TCTCAGAMCCSCTACCCATCG
280,21,8,3,1,0.28435129595019765,0.28435129595019765,0.2968900715143588,8,TCTCAGRCCGGCTACCSATCR
280,21,8,3,2,0.4421297190244662,0.4421297190244662,0.4513372834711758,14,TCTCAGRCCGGCTACCSATCR | TCTCAGACCAGCTACCSATCD
280,21,8,3,3,0.46271460061992037,0.46271460061992037,0.4882649458585377,22,TCTCAGRCCGGCTACCSATCR | TCTCAGACCAGCTACCSATCD | TCTCAGACCMGCTACCCRTCR
280,21,8,3,4,0.5078293442403675,0.5078293442403675,0.525060709963156,30,TCTCAGRCCGGCTACCSATCR | TCTCAGACCAGCTACCSATCD | TCTCAGACCMGCTACCCRTCR | TCTCAGAMCCSCTACCSATCG
280,21,8,3,5,0.5741127846186908,0.5741127846186908,0.5830459124095194,38,TCTCAGRCCGGCTACCSATCR | TCTCAGACCAGCTACCSATCD | TCTCAGACCMGCTACCCRTCR | TCTCAGAMCCSCTACCSATCG | TCTCAGGYCGGCTACCCRTCK
280,21,16,4,1,0.4177028116511039,0.42422367616007217,0.4177028116511039,16,TCTCAGRCCRGCTACCSATCR
280,21,16,4,2,0.49675675233117467,0.49675675233117467,0.5089475959242745,32,TCTCAGRCCRGCTACCSATCR | TCTCAGRCCSGCTACCCRTCK
280,21,16,4,3,0.5320948484608152,0.5320948484608152,0.5439689105211641,48,TCTCAGRCCRGCTACCSATCR | TCTCAGRCCSGCTACCCRTCK | TCTCAGACCMGCTACMCRTCR
280,21,16,4,4,0.5798199717255502,0.5798199717255502,0.5820403431230773,64,TCTCAGRCCRGCTACCSATCR | TCTCAGRCCSGCTACCCRTCK | TCTCAGACCMGCTACMCRTCR | TCTCAGAMCCSCTACCSATCR
280,23,4,2,1,0.2520174065560051,0.25207783091510233,0.2520174065560051,4,CCTCTCAGGCCGGCTACCSATCR
280,23,4,2,2,0.40064197207925584,0.41706085018571715,0.40064197207925584,8,CCTCTCAGGCCGGCTACCSATCR | CCTCTCAGACCAGCTACCSATCR
280,23,4,2,3,0.4383495736423513,0.4383495736423513,0.4471866423612822,12,CCTCTCAGGCCGGCTACCSATCR | CCTCTCAGACCAGCTACCSATCR | CCTCTCAGACCCGCTACCCRTCK
280,23,4,2,4,0.4484951877333571,0.4484951877333571,0.45694147731112783,16,CCTCTCAGGCCGGCTACCSATCR | CCTCTCAGACCAGCTACCSATCR | CCTCTCAGACCCGCTACCCRTCK | CCTCTCAGACCCGCTACYSATCG
280,23,4,2,5,0.46872290091165164,0.46872290091165164,0.4810378648092333,20,CCTCTCAGGCCGGCTACCSATCR | CCTCTCAGACCAGCTACCSATCR | CCTCTCAGACCCGCTACCCRTCK | CCTCTCAGACCCGCTACYSATCG | CCTCTCAGAMCCSCTACCCATCG
280,23,8,3,1,0.28731264781437466,0.28731264781437466,0.2895551626327272,8,CCTCTCAGGYCGGCTACCSATCR
280,23,8,3,2,0.47095932176654126,0.47095932176654126,0.4720971455444046,14,CCTCTCAGGYCGGCTACCSATCR | CCTCTCAGACCAGCTACCSATCD
280,23,8,3,3,0.48942890955728346,0.48942890955728346,0.5121159069743279,22,CCTCTCAGGYCGGCTACCSATCR | CCTCTCAGACCAGCTACCSATCD | CCTCTCAGACCMGCTACCCRTCR
280,23,8,3,4,0.5271908027180567,0.5271908027180567,0.535346507185679,30,CCTCTCAGGYCGGCTACCSATCR | CCTCTCAGACCAGCTACCSATCD | CCTCTCAGACCMGCTACCCRTCR | CCTCTCAGACCCSCTACYSATCG
280,23,16,4,1,0.31792677959301585,0.31792677959301585,0.3334862673784831,16,CCTCTCAGRYCGGCTACCSATCR
280,23,16,4,2,0.4946100881018713,0.4946100881018713,0.5131423839967373,28,CCTCTCAGRYCGGCTACCSATCR | CCTCTCAGACCAGCTACCSRTCD
280,23,16,4,3,0.5573326486987175,0.5573326486987175,0.560394192652674,44,CCTCTCAGRYCGGCTACCSATCR | CCTCTCAGACCAGCTACCSRTCD | CCTCTCAGRCCCSCTACCCRTCR
280,23,16,4,4,0.5980093121049079,0.6001396485567618,0.5980093121049079,60,CCTCTCAGRYCGGCTACCSATCR | CCTCTCAGACCAGCTACCSRTCD | CCTCTCAGRCCCSCTACCCRTCR | CCTCTCAGAMCCSCTACMSATCG
